"REPORT_NO","LIGHT_CODE","COUNTY_NO","MUNI_CODE","JUNCTION_CODE","COLLISION_TYPE_CODE","SURF_COND_CODE","LANE_CODE","RD_COND_CODE","RD_DIV_CODE","FIX_OBJ_CODE","WEATHER_CODE","ACC_DATE","ACC_TIME","LOC_CODE","SIGNAL_FLAG","C_M_ZONE_FLAG","AGENCY_CODE","AREA_CODE","HARM_EVENT_CODE1","HARM_EVENT_CODE2","RTE_NO","ROUTE_TYPE_CODE","RTE_SUFFIX","LOG_MILE","LOGMILE_DIR_FLAG","MAINROAD_NAME","DISTANCE","FEET_MILES_FLAG","DISTANCE_DIR_FLAG","REFERENCE_NO","REFERENCE_TYPE_CODE","REFERENCE_SUFFIX","REFERENCE_ROAD_NAME","LATITUDE","LONGITUDE","drv","occ","ped","SEX_CODE","CONDITION_CODE","INJ_SEVER_CODE","OCC_SEAT_POS_CODE","PED_VISIBLE_CODE","PED_LOCATION_CODE","PED_OBEY_CODE","PED_TYPE_CODE","MOVEMENT_CODE","PERSON_TYPE","ALCOHOL_TEST_CODE","ALCOHOL_TESTTYPE_CODE","DRUG_TEST_CODE","DRUG_TESTRESULT_CODE","BAC_CODE","FAULT_FLAG","EQUIP_PROB_CODE","SAF_EQUIP_CODE","EJECT_CODE","DATE_OF_BIRTH","PERSON_ID","LICENSE_STATE_CODE","CLASS","CDL_FLAG","VEHICLE_ID","EMS_UNIT_LABEL"
"AA00730007",1,12,1,2,11,2,1,1,4,0,6.01,"08-04-2015","13:40:00","","Y","N","ABERDEEN","UNK",4,3,40,"US","",13.05,"E","S PHILADELPHIA BLVD",0,"F","E",235,"MU","","BUCHANAN LA",39.50930541,-76.16364241,1,0,1,"M",99,4,NA,0,9.05,3,2,51,"P",0,NA,0,"",NA,"Y",NA,1,NA,"18-MAR-99","5dc89639-7a52-43d1-ba86-950a8d9bad0d","","","","","A"
"AA0090000F",3,12,0,2,88,1,NA,1,4,0,7.01,"04-04-2016","19:59:00","","Y","N","ABERDEEN","UNK",3,0,40,"US","",11.95,"E","S PHILADELPHIA BLVD",0,"F","E",0,"UU","","ENT TO WAL-MART",39.49610875,-76.17855817,1,0,1,"M",2,3,NA,2,6,1,1,99,"P",0,NA,0,"",NA,"Y",NA,1,NA,"05-OCT-63","860b1725-7d8e-4ee2-8513-781441504dde","MD","NONE","","","A"
"AA0107000V",1,12,NA,1,17,2,2,1,4,0,6.01,"04-06-2015","10:29:00","","N","N","ABERDEEN","UNK",3,1,40,"US","",13.26,"E","N PHILADELPHIA BLVD",112,"F","E",NA,"UU","","CROSSOVER",39.51290087,-76.16152078,1,1,1,"M",1,4,NA,3,4,1,1,52,"P",0,NA,0,"",NA,"",NA,0,NA,"16-DEC-84","60502a0b-ac6f-40c8-8b83-b08e92305d3d","MD","ID","","","A"
"AA01070014",3,12,NA,2,88,2,2,5,4,5,6.01,"05-09-2015","21:55:00","","N","Y","ABERDEEN","UNK",1,4,40,"US","",12.9,"E","S PHILADELPHIA BLVD",0,"F","E",890,"MU","","MARKET ST",39.50667621,-76.1653617,1,0,1,"M",1,4,NA,2,1,1,2,53,"P",0,NA,0,"",NA,"",NA,1,NA,"18-APR-71","19112954-d510-4523-b8f7-0fa9c310da5a","MD","ID","","","A"
"AA0107002G",3,12,1,1,17,2,2,1,4,0,6.01,"03-24-2016","00:45:00","","N","N","ABERDEEN","UNK",3,0,40,"US","",12.24,"E","S PHILADELPHIA BLVD",253,"F","E",290,"MU","","CAROL AVE",39.49864314,-76.172719,1,0,1,"M",NA,4,NA,2,6,0,1,52,"P",0,NA,0,"",NA,"Y",NA,1,NA,"24-AUG-76","5db28d85-78cf-42fb-8c0c-6bda87b97ad9","MD","ID","","","A"
"AA0107004P",3,12,0,1,88,1,1,1,4,0,3,"5/5/2017","5:53:00","","N","Y","ABERDEEN","UNK",3,1,40,"US","",10.71,"E","S PHILADELPHIA BLVD",256,"F","E",7,"MD","","OLD PHILADELPHIA RD",39.48883622,-76.19653299,1,0,1,"F",99,5,NA,3,6,0,1,52,"P",0,NA,0,"",NA,"Y",NA,0,NA,"13-Mar-72","481e0543-1c7b-4f44-bbcc-1881574404f0","","","","","A"
"AA01080006",3,12,1,1,17,2,1,0,4,0,6.01,"10-07-2015","20:31:00","","N","N","ABERDEEN","UNK",3,0,40,"US","",13.1,"E","N PHILADELPHIA BLVD",50,"F","E",132,"MD","","W BELAIR AVE",39.50984345,-76.16322398,1,0,1,"M",1,3,NA,3,12.88,0,1,54,"P",0,NA,0,"",NA,"U",NA,0,NA,"16-MAR-94","b2e9e9b8-eaca-43f5-931e-9622adc1aca3","","","","","A"
"AE3117000G",3,3,NA,1,88,2,2,1,1,0,7.01,"01-24-2015","20:31:00","","N","N","BACOPD","UNK",3,0,1,"US","",15.83,"N","BELAIR RD",132,"F","N",4231,"CO","","OVERLEA AVE W",39.35705606,-76.52819753,1,0,1,"M",2,4,NA,2,6,1,1,52,"P",0,NA,0,"",NA,"",NA,0,NA,"03-SEP-60","4ba4471c-6c65-4d51-8e25-db2e7858c524","MD","C","","","A"
"AE3117000N",3,3,NA,1,88,1,2,1,4,0,7.01,"05-17-2015","05:11:00","","N","N","BACOPD","UNK",3,0,40,"US","",16.27,"E","PULASKI HWY",427,"F","E",4451,"CO","","CONTRACTORS RD",39.32792402,-76.49417639,1,0,1,"M",2,4,NA,2,6,1,1,53,"P",0,NA,0,"",NA,"",NA,0,NA,"05-DEC-80","a2ad7124-debd-4cee-b332-49a3c2789302","MD","C","","","A"
"AE31170011",3,3,0,1,88,2,1,1,4,0,7.01,"11-01-2015","18:49:00","","N","N","BACOPD","UNK",3,0,40,"US","",15.514,"E","PULASKI HWY",66,"F","E",5049,"CO","","BATAVIA FARM RD",39.32155002,-76.50589228,1,0,1,"M",2,5,NA,2,6,1,1,52,"P",0,NA,0,"",NA,"Y",NA,0,NA,"01-JAN-64","4fbe2e82-4cb9-4f19-83b3-e990e1490107","","","","","A"
"AE3341001W",3,3,0,1,88,2,2,1,1,0,6.01,"12-13-2015","20:50:00","8 1407","N","N","BACOPD","UNK",3,0,1,"US","",18.11,"N","BELAIR RD",294,"F","S",0,"UU","","STILLMEADOW RD",39.3816007,-76.50123328,1,0,1,"F",1,4,NA,2,6,1,1,53,"P",0,NA,0,"",NA,"Y",NA,1,NA,"16-MAY-92","b3bb0cec-ed69-47b5-9c20-709f009c31d3","MD","I","","","A"
"AE3500002H",88,3,0,1,88,2,2,3,4,0,6.01,"10-10-2015","00:33:00","1410PC11","N","N","BACOPD","UNK",3,0,40,"US","",16.78,"E","PULASKI HWY",520,"F","E",695,"MD","","BALTO BELTWAY",39.3344634,-76.48473501,1,0,1,"M",2,5,NA,2,6,1,1,52,"P",88,88,88,"",NA,"Y",NA,1,NA,"05-SEP-57","33e7d32a-6d82-4533-acca-d631932eca7f","MD","ID","","","A"
"AE3500002S",3,3,0,1,88,2,2,1,4,0,0,"12-13-2015","01:15:00","1409PC09","N","N","BACOPD","UNK",3,0,40,"US","",15.514,"E","PULASKI HWY",126,"F","E",5049,"CO","","BATAVIA FARM RD",39.32171395,-76.50599822,1,0,1,"F",88,3,NA,3,6,1,1,88,"P",0,NA,0,"",NA,"Y",NA,1,NA,"26-JAN-99","3a92f0a0-2194-4834-a08a-1a5271422ece","MD","NONE","","","A"
"AE3500002T",3,3,0,3,88,1,1,1,4,0,2,"12-24-2015","21:12:00","1410PC09","N","N","BACOPD","UNK",3,0,40,"US","",16.09,"E","PULASKI HWY",31,"F","W",4447,"CO","","BERK AVE",39.32593947,-76.49763644,1,0,1,"M",99,4,NA,3,6,1,1,51,"P",0,NA,0,"",NA,"Y",NA,1,NA,"13-FEB-65","278ecfaf-dc20-4eda-bb26-767a0f870dd8","","","","","A"
"AE3500003C",3,3,0,3,11,2,2,1,4,0,6.01,"05-25-2016","23:32:00","1409PC11","N","N","BACOPD","UNK",3,1,40,"US","",22.46,"E","PULASKI HWY",123,"F","W",3959,"CO","","STEVENS RD",39.38979332,-76.41488895,2,1,1,"F",99,5,NA,2,6,1,1,52,"P",88,88,88,"",NA,"Y",NA,1,NA,"14-APR-90","3a12db5f-8931-44e1-a75a-d61e9b5c9f4c","MD","C","","",""
"AE35000046",3,3,0,5.01,11,2,NA,1,2,0,6.01,"4/23/2017","2:20:00","1409PC11","N","N","BACOPD","UNK",3,0,40,"US","",17.96,"E","PULASKI HWY",0,"F","E",40,"RP","","RAMP 6 FR US 40 EB TO MD 700 SB",39.34198127,-76.46817505,1,0,1,"F",1,4,NA,2,6,1,1,52,"P",0,NA,0,"",NA,"Y",NA,1,NA,"26-Sep-96","aa04500b-00fe-426d-8deb-82758c3c0ee6","","","","","A"
"AE3568001H",1,3,0,1,88,2,1,1,4,0,6.01,"08-09-2016","08:49:00","","N","N","BACOPD","UNK",4,0,40,"US","",17.29,"E","PULASKI HWY",NA,"M","W",4458,"CO","","ROSSVILLE BLVD",39.33500382,-76.48432329,1,1,1,"M",1,3,NA,3,6,0,2,52,"P",0,NA,0,"",NA,"Y",NA,21,NA,"29-NOV-97  00:00:00","bc8dbb50-e741-4869-9d2f-a3fbd28a2f31","","","","","A"
"AE3714000H",5.02,3,0,1,88,2,2,1,4,0,6.01,"03-06-2016","05:38:00","PC-11","N","N","BACOPD","UNK",4,0,40,"US","",20.828,"E","PULASKI HWY",1,"M","E",40,"RP","","RAMP 6 FR US 40 EB TO RAMP 9 (TO MD 43)",39.37126089,-76.43446103,1,0,1,"M",1,3,NA,4,1,0,2,53,"P",0,NA,0,"",NA,"N",NA,21,NA,"01-JAN-58","6483d297-c2a7-4797-8440-f65f3cacdfe3","","","","","A"
"AE3828001W",4,3,0,1,88,88,2,1,4,0,7.01,"10-03-2015","21:10:00","1405PC11","N","N","BACOPD","UNK",3,0,40,"US","",19.13,"E","PULASKI HWY",366,"F","W",4465,"CO","","MIDDLE RIVER RD",39.35422719,-76.45276308,1,1,1,"M",NA,5,NA,2,6,1,1,52,"P",0,NA,0,"",NA,"Y",NA,0,NA,"04-JUN-54","f8bb4f56-0a45-4ba4-ad02-3334aea98888","MD","ID","","","A"
"AE3828001Y",3,3,0,3,88,2,2,1,1,0,6.01,"11-12-2015","21:44:00","1405PC01","N","N","BACOPD","UNK",3,0,1,"US","AL",2.34,"N","WASHINGTON BLVD",16,"F","S",3227,"CO","","LANSDOWNE RD",39.25375725,-76.66798353,1,1,1,"M",2,4,NA,2,6,1,1,53,"P",0,NA,0,"",NA,"Y",NA,0,NA,"28-FEB-90","99fc6a6a-539e-4d5e-83e1-8d7749339456","MD","C","","","A"
"AE3828001Z",3,3,0,3,88,2,2,0,1,0,6.01,"11-28-2015","00:33:00","1405PC08","Y","N","BACOPD","UNK",3,0,1,"US","",15.83,"N","BELAIR RD",4,"F","S",4231,"CO","","OVERLEA AVE W",39.35711413,-76.52803659,1,1,1,"F",2,4,NA,2,5,3,1,51,"P",0,NA,0,"",NA,"Y",NA,0,NA,"04-DEC-83","7b37968e-d5da-4720-8fb9-16f0ec26baaf","MD","ID","","","A"
"AE40830012",3,3,NA,3,88,2,1,1,4,0,6.01,"06-29-2015","21:07:00","PC01","Y","N","BACOPD","UNK",3,0,40,"US","",2.69,"E","BALTO NATIONAL PIKE",44,"F","W",NA,"UU","","ENT TO WESTVIEW SHOPPING CENTER",39.28743736,-76.73439771,1,1,1,"M",1,5,NA,2,6,1,1,51,"P",0,NA,0,"",NA,"Y",NA,0,NA,"10-OCT-33","84961490-0ec1-4f3b-85e3-fb4590115193","MD","ID","","","A"
"AE40830015",4,3,0,1,88,1,1,1,1,0,6.01,"08-20-2015","22:24:00","PC01","N","N","BACOPD","UNK",3,0,1,"US","AL",0.99,"N","WASHINGTON BLVD",117,"F","N",3174,"CO","","HANNAH AVE",39.23821978,-76.68306828,1,0,1,"F",1,3,NA,3,6,1,1,56,"P",0,NA,0,"",NA,"Y",NA,1,NA,"08-JUL-93","3c375c11-3365-4206-b2c1-a75cc04ced99","MD","ID","","","A"
"AE4083001N",4,3,0,1,88,2,2,1,1,0,6.01,"03-23-2016","03:27:00","PC01","N","N","BACOPD","UNK",3,0,1,"US","AL",1.16,"N","WASHINGTON BLVD",392,"F","S",3177,"CO","","NORTHEAST AVE",39.23929173,-76.68189079,1,0,1,"M",99,3,NA,3,6,1,1,53,"P",0,NA,0,"",NA,"Y",NA,1,NA,"03-FEB-94","894a8d49-9224-4441-bc94-a6a915784007","MD","C","","","A"
"AE4102001G",1,3,0,3,88,2,1,1,1,0,6.01,"10-07-2015","18:24:00","AE","Y","N","BACOPD","UNK",3,0,1,"US","",21.01,"N","BELAIR RD",100,"F","S",4036,"CO","","CHAPEL RD",39.4141067,-76.46229029,1,0,1,"M",1,3,NA,1,4,1,2,52,"P",0,NA,0,"",NA,"Y",NA,1,NA,"12-FEB-01","86641ea2-1f9a-4fcc-ba8b-2c2e050063db","","","","","A"
"AE41150011",1,3,NA,3,88,2,2,1,4,0,6.01,"05-23-2015","17:10:00","","N","N","BACOPD","UNK",3,0,40,"US","",19.13,"E","PULASKI HWY",47,"F","E",4465,"CO","","MIDDLE RIVER RD",39.35318189,-76.45387888,1,0,1,"M",1,3,NA,3,6,1,1,52,"P",0,NA,0,"",NA,"",NA,1,NA,"27-AUG-86","61d61d88-ef6f-4839-808b-de1ba838edc1","","","","","A"
"AE4115001J",1,3,0,2,88,2,2,1,4,0,6.01,"09-17-2015","14:17:00","","Y","N","BACOPD","UNK",4,0,40,"US","",22.46,"E","PULASKI HWY",0,"F","E",3959,"CO","","STEVENS RD",39.38989075,-76.41472936,1,0,1,"F",1,3,NA,1,6,1,2,54,"P",0,NA,0,"",NA,"Y",NA,1,NA,"12-APR-97","7dbaff6d-d5f9-4165-965f-51abdf3a2a7d","","","","","A"
"AE41150041",1,3,0,9.04,88,2,3,1,1,0,6.01,"6/27/2017","12:52:00","","N","N","BACOPD","UNK",3,0,1,"US","AL",1.91,"N","WASHINGTON BLVD",9,"F","N",0,"UU","","ENT TO BUSINESS",39.24860202,-76.67077303,1,0,1,"M",1,4,NA,3,6,1,1,52,"P",0,NA,0,"",NA,"Y",NA,1,NA,"19-Jul-80","95c1c511-6ac2-4c45-b9d0-98784b363d9d","","","","","A"
"AE42680011",1,3,NA,0,0,2,NA,1,0,0,6.01,"07-01-2015","14:44:00","","N","N","BACOPD","UNK",3,0,NA,"US","",2.85,"E","BALTO NATIONAL PIKE",250,"F","E",NA,"CO","","INGLESIDE AVE",39.28899045,-76.73317194,1,0,1,"M",1,3,NA,3,0,0,1,56,"P",0,NA,0,"",NA,"",NA,0,NA,"03-JAN-50","e2d5fe02-b7e7-4cd9-98d8-cc0afbc0eaa3","","","","","A"
"AE4315000V",3,3,0,2,17,2,2,1,4,0,6.01,"10/29/2016","1:44:00","","Y","N","BACOPD","UNK",3,0,40,"US","",15.2,"E","PULASKI HWY",0,"F","E",5069,"CO","","CHESACO AVE",39.31909738,-76.5116322,1,0,1,"M",1,3,NA,1,6,1,1,51,"P",0,NA,0,"",NA,"Y",NA,1,NA,"8-Oct-89","217983c8-8b73-4c4b-b13f-f4a31b6e01cf","","","","","A"
"AE4320001H",3,3,0,1,88,2,1,1,4,0,0,"01-12-2016","21:55:00","1406 PC1","N","N","BACOPD","UNK",3,0,40,"US","",1.6,"E","BALTO NATIONAL PIKE",75,"F","E",2000,"CO","","ROLLING RD",39.28352224,-76.75304174,1,0,1,"M",2,3,NA,2,6,1,1,52,"P",0,NA,0,"",NA,"Y",NA,0,NA,"05-FEB-66","04db7755-f7ad-47a7-9a70-69bf028ed68e","MD","ID","","","A"
"AE43200020",3,3,0,1,88,2,1,1,4,0,6.01,"10/24/2016","23:07:00","PC9 1406","N","N","BACOPD","UNK",3,0,40,"US","",17.01,"E","PULASKI HWY",164,"F","W",0,"UU","","ENT TO GOLDEN RING CENTER",39.33446755,-76.48526073,1,0,1,"M",99,5,NA,2,6,1,1,53,"P",0,0,0,"",NA,"Y",NA,0,NA,"2-Apr-61","6ed96790-3ee7-45c5-ba74-4fb4346eb8a2","MD","ID","","","A"
"AE43200028",4,3,0,1,88,2,2,1,4,0,6.01,"1/31/2017","23:11:00","PC1 1406","N","N","BACOPD","UNK",3,0,40,"US","",2.933,"E","BALTO NATIONAL PIKE",118,"F","E",5922,"CO","","OLD FREDERICK RD",39.28914406,-76.72684193,1,0,1,"F",99,4,NA,2,6,1,1,52,"P",0,NA,0,"",NA,"Y",NA,0,NA,"23-Mar-83","3f7a1245-b5f3-4aea-b312-49617f217d65","","","","","A"
"AE4428001M",3,3,0,3,88,2,2,1,4,4,0,"11-01-2015","04:32:00","1408 PC1","N","N","BACOPD","UNK",3,9,40,"US","",1.79,"E","BALTO NATIONAL PIKE",44,"F","W",2683,"CO","","OLD FREDERICK RD",39.28925616,-76.72709942,1,0,1,"M",99,4,NA,3,6,1,1,51,"P",0,NA,0,"",NA,"Y",NA,1,NA,"24-DEC-37","8afbe699-2cd9-421e-973e-9f4fc49727f6","MD","","","","A"
"AE4428001W",3,3,0,1,88,2,1,1,3,0,6.01,"01-05-2016","22:33:00","1408 PC1","N","N","BACOPD","UNK",3,0,40,"US","",2.16,"E","BALTO NATIONAL PIKE",88,"F","E",2700,"CO","","WINTERS LA",39.28508344,-76.7431578,1,0,1,"M",1,4,NA,2,6,1,1,52,"P",0,NA,0,"",NA,"Y",NA,1,NA,"06-MAY-81","ee03a0bc-c922-452c-b890-cb67364afbb0","MD","C","","","A"
"AE4428002G",3,3,0,1,88,1,1,1,3,0,3,"09-30-2016","23:14:00","1408 PC1","N","N","BACOPD","UNK",3,0,40,"US","",1.6,"E","BALTO NATIONAL PIKE",999,"F","W",2000,"CO","","ROLLING RD",39.28480214,-76.7592524,1,0,1,"M",99,5,NA,2,6,1,1,52,"P",88,88,88,"",NA,"Y",NA,1,NA,"19-AUG-49  00:00:00","192be1c0-d7b3-4e7e-9b22-8dd098dd0e15","MD","ID","","","A"
"AE4696001X",4,3,0,1,17,1,2,1,1,0,6.01,"02-01-2016","05:50:00","","N","N","BACOPD","UNK",3,0,1,"US","",0.85,"N","WASHINGTON BLVD",120,"F","S",3119,"CO","","CLARK BLVD",39.22699244,-76.69555664,1,0,1,"F",0,5,NA,2,6,1,1,54,"P",0,NA,0,"",NA,"Y",NA,0,NA,"25-MAR-68","ab41492a-0886-4d75-96ae-8d03602dbc57","MD","00","","",""
"AE4733001C",4,3,0,2,17,2,1,1,1,0,6.01,"1/6/2017","20:58:00","","N","N","BACOPD","UNK",3,0,1,"US","",20.73,"N","BELAIR RD",0,"F","N",4012,"CO","","KLAUSMIER RD",39.40982641,-76.46734357,1,0,1,"M",1,3,NA,2,3,0,1,54,"P",0,NA,0,"",NA,"Y",NA,0,NA,"28-Dec-61","fc09f6ae-b676-4b91-8bb8-f3d2c2205007","","","","","A"
"AE4850001G",4,3,0,1,17,1,2,1,4,0,7.01,"12-27-2015","18:11:00","","N","N","BACOPD","UNK",3,0,40,"US","",18.31,"E","PULASKI HWY",NA,"M","E",4538,"CO","","HOLLY DR",39.34679602,-76.46225005,1,0,1,"M",88,5,NA,3,6,0,1,53,"P",88,2,88,"P",0,"Y",NA,0,NA,"24-AUG-89","eabafe67-2ded-4e4d-9d7b-a9f04ccee14b","MD","","","",""
"AE48500024",3,3,0,1,17,2,2,1,1,0,6.01,"11/3/2016","20:08:00","","N","N","BACOPD","UNK",3,0,1,"US","",0.85,"N","WASHINGTON BLVD",150,"F","N",3119,"CO","","CLARK BLVD",39.22753266,-76.69487,1,0,1,"F",2,4,NA,3,6,1,1,52,"P",0,NA,0,"",NA,"Y",NA,1,NA,"16-Jun-83","4c224c23-2559-40ff-a350-d529214ca930","MD","ID","","","A"
"AE4850002C",1,3,0,1,17,2,2,1,4,0,6.01,"1/4/2017","13:37:00","","N","N","BACOPD","UNK",3,0,40,"US","",18.31,"E","PULASKI HWY",NA,"M","E",4538,"CO","","HOLLY DR",39.34547503,-76.4641584,1,0,1,"M",2,5,NA,3,6,0,1,52,"P",0,NA,0,"",NA,"Y",NA,0,NA,"10-May-57","85df8777-74c0-4ae2-a486-e19cb1bddfe4","MD","C","","","A"
"AE48520028",4,3,0,0,17,2,2,1,4,0,6.01,"3/2/2017","20:28:00","","N","N","BACOPD","UNK",3,0,40,"US","",23.23,"E","PULASKI HWY",0.2,"M","W",3952,"CO","","ALLENDER RD",39.39545946,-76.40748873,1,0,1,"F",3,5,NA,2,99,1,1,99,"P",88,0,88,"P",NA,"U",NA,1,NA,"16-Aug-61","e7999feb-a397-417d-bd74-c68246035237","MD","C","","",""
"AE49110014",3,3,0,2,17,2,2,1,3,0,6.01,"12-04-2015","20:50:00","AE09","Y","N","BACOPD","UNK",3,0,40,"US","",15.2,"E","PULASKI HWY",0,"F","E",5069,"CO","","CHESACO AVE",39.31886082,-76.51129961,1,1,1,"M",2,3,NA,2,9.05,3,1,51,"P",0,NA,0,"",NA,"Y",NA,1,NA,"24-OCT-65","6e6bd13a-7b1f-494a-8b20-bbdc15e45420","","","","","A"
"AE5023001J",3,3,0,1,3,1,1,1,4,0,0,"5/20/2017","1:47:00","","N","N","BACOPD","UNK",2,3,1,"US","",17.9,"N","BELAIR RD",50,"F","N",8199,"CO","","WHOLESALE CLUB RD",39.3798885,-76.50284948,1,1,1,"M",1,3,NA,4,12.88,0,88,59,"P",0,NA,0,"",NA,"N",NA,25.88,NA,"24-Jun-72","f29c124c-c466-4164-9684-5d61819d544b","MD","CM","","","A"
"AE5025000H",3,3,NA,1,0,2,2,1,4,0,6.01,"01-01-2015","20:37:00","PC9 927","N","N","BACOPD","UNK",3,0,40,"US","",15.21,"E","PULASKI HWY",15,"F","E",NA,"UU","","ENT TO BUSINESS",39.31940863,-76.51093483,1,0,1,"M",2,3,NA,2,6,0,1,52,"P",0,NA,0,"",NA,"",NA,0,NA,"07-MAY-62","89a82614-66f7-4ed8-8162-84c3df57f7da","","","","","A"
"AE51380016",4,3,0,1,17,2,2,1,1,0,6.01,"08-15-2015","21:00:00","","N","N","BACOPD","UNK",3,0,1,"US","",16.49,"N","BELAIR RD",145,"F","N",4219,"CO","","DELIGHT AVE",39.36397013,-76.52031988,1,0,1,"M",99,4,NA,2,6,1,1,52,"P",0,NA,0,"",NA,"Y",NA,0,NA,"26-JUL-56","57da1b5c-c3cd-49e7-b092-4eb0a098984b","","","","","A"
"AE5138001L",1,3,0,3,17,2,NA,1,4,0,6.01,"02-26-2016","11:15:00","","Y","N","BACOPD","UNK",3,0,1,"US","",17.41,"N","BELAIR RD",40,"F","S",4458,"CO","","ROSSVILLE BLVD",39.3744374,-76.50875419,1,0,1,"M",1,3,NA,3,6,0,1,56,"P",0,NA,0,"",NA,"Y",NA,1,NA,"03-AUG-65","16396ee8-8dd1-41da-a257-db4a02117fc7","MD","C","","","A"
"AE51470023",1,3,0,1,88,2,NA,1,3,0,6.01,"12-10-2015","14:41:00","","N","N","BACOPD","UNK",3,3,1,"US","AL",1.96,"N","WASHINGTON BLVD",NA,"F","S",7580,"CO","","COMMERCE DR",39.24868925,-76.67070866,1,1,1,"M",3,3,NA,3,6,1,1,52,"P",0,NA,0,"",NA,"Y",NA,1,NA,"15-MAY-95","0c39bd29-ad21-44cf-a193-6b4368308227","","","","","A"
"AE5161000N",3,3,0,2,17,2,1,1,4,0,6.01,"06-23-2016","01:45:00","PC1 112","N","N","BACOPD","UNK",3,0,40,"US","",1.6,"E","BALTO NATIONAL PIKE",0,"F","E",2000,"CO","","ROLLING RD",39.28354196,-76.75353661,1,0,1,"M",2,3,NA,2,9.05,1,1,51,"P",0,NA,0,"",NA,"N",NA,1,NA,"15-MAY-73","d54fa164-dca4-4e98-9416-6971988cbe6d","","","","",""
"AE5399000Z",3,3,0,0,88,2,2,1,1,0,6.01,"3/26/2017","23:14:00","PC8, 828","N","N","BACOPD","UNK",3,3,1,"US","",18.17,"N","BELAIR RD",50,"F","N",314,"OP","","LOUISA AVE",39.38173743,-76.50099322,1,0,2,"F",NA,3,NA,2,6,0,1,54,"P",0,NA,0,"",NA,"Y",NA,0,NA,"19-Jul-95","bde15b05-3bcb-46f6-862f-f2a3b612e4d9","","","","","A"
"AE5431001L",1,3,0,0,88,2,2,1,88,0,6.01,"08-19-2016","07:32:00","AE","Y","N","BACOPD","UNK",3,0,1,"US","",17.41,"N","BELAIR RD",0,"F","N",4458,"CO","","ROSSVILLE BLVD",39.37424664,-76.50863886,1,0,1,"F",1,3,NA,2,5,99,1,51,"P",0,NA,0,"",NA,"N",NA,1,NA,"25-JUN-80  00:00:00","484a5d5e-b370-48dd-b94c-0ce2dd900498","MD","C","","",""
"AE5454000K",1,3,0,2,88,2,NA,1,4,0,6.01,"07-14-2015","16:40:00","","Y","N","BACOPD","UNK",5,0,40,"US","",19.13,"E","PULASKI HWY",0,"F","E",4465,"CO","","MIDDLE RIVER RD",39.35303256,-76.45434022,1,0,1,"M",1,3,NA,3,6,1,2,53,"P",0,NA,0,"",NA,"N",NA,99,NA,"01-JUN-89","215deed6-21b0-4847-904b-521a04cd6d4a","","","","",""
"AE5483001W",3,3,0,1,17,1,2,1,4,0,3,"12-02-2015","19:06:00","","N","N","BACOPD","UNK",3,0,40,"US","",1.452,"E","BALTO NATIONAL PIKE",0,"F","E",0,"UU","","ENT TO BUSINESS",39.28410769,-76.75638914,1,0,1,"M",1,4,NA,2,4,1,1,52,"P",0,NA,0,"",NA,"Y",NA,0,NA,"19-APR-84","6ea83abb-8b5d-464a-b29a-6973dd32a14f","","","","","A"
"AE5483002F",1,3,0,1,17,1,1,0,4,0,3,"04-12-2016","09:25:00","","Y","Y","BACOPD","UNK",3,0,1,"US","",1.36,"N","SOUTHWESTERN BLVD",100,"F","S",0,"UU","","ENT TO MARC TRAIN PARKING",39.23646641,-76.6921556,1,0,1,"M",1,3,NA,4,6,0,1,59,"P",0,NA,0,"",NA,"N",NA,25.88,NA,"16-APR-94","580247c4-128d-4a42-887c-493a5adaca5c","","","","","A"
"AE5493000B",1,3,NA,1,17,1,2,1,1,0,3,"03-04-2015","14:12:00","01, 127","N","N","BACOPD","UNK",3,0,1,"US","AL",1.96,"N","WASHINGTON BLVD",10,"F","N",7580,"CO","AL","COMMERCE DR",39.2485397,-76.67077303,1,0,1,"F",1,3,NA,2,5,2,1,51,"P",0,NA,0,"",NA,"",NA,1,NA,"07-FEB-85","d339224a-d315-4537-b8ba-272a3bbc4189","","","","","A"
"AE5525003Z",1,3,0,2,88,2,2,1,4,0,6.01,"05-26-2016","14:15:00","PC11","N","N","BACOPD","UNK",3,0,40,"US","",24.64,"E","PULASKI HWY",0,"F","E",3939,"CO","","JONES RD",39.41199563,-76.38621255,1,0,1,"M",1,3,NA,1,1,1,1,51,"P",0,NA,0,"",NA,"U",NA,1,NA,"01-SEP-67","fab6a94f-dd0c-4be7-b199-4a3174e67233","MD","ID","","","A"