"REPORT_NO","LIGHT_CODE","COUNTY_NO","MUNI_CODE","JUNCTION_CODE","COLLISION_TYPE_CODE","SURF_COND_CODE","LANE_CODE","RD_COND_CODE","RD_DIV_CODE","FIX_OBJ_CODE","WEATHER_CODE","ACC_DATE","ACC_TIME","LOC_CODE","SIGNAL_FLAG","C_M_ZONE_FLAG","AGENCY_CODE","AREA_CODE","HARM_EVENT_CODE1","HARM_EVENT_CODE2","RTE_NO","ROUTE_TYPE_CODE","RTE_SUFFIX","LOG_MILE","LOGMILE_DIR_FLAG","MAINROAD_NAME","DISTANCE","FEET_MILES_FLAG","DISTANCE_DIR_FLAG","REFERENCE_NO","REFERENCE_TYPE_CODE","REFERENCE_SUFFIX","REFERENCE_ROAD_NAME","LATITUDE","LONGITUDE","drv","occ","ped","SEX_CODE","CONDITION_CODE","INJ_SEVER_CODE","OCC_SEAT_POS_CODE","PED_VISIBLE_CODE","PED_LOCATION_CODE","PED_OBEY_CODE","PED_TYPE_CODE","MOVEMENT_CODE","PERSON_TYPE","ALCOHOL_TEST_CODE","ALCOHOL_TESTTYPE_CODE","DRUG_TEST_CODE","DRUG_TESTRESULT_CODE","BAC_CODE","FAULT_FLAG","EQUIP_PROB_CODE","SAF_EQUIP_CODE","EJECT_CODE","DATE_OF_BIRTH","PERSON_ID","LICENSE_STATE_CODE","CLASS","CDL_FLAG","VEHICLE_ID","EMS_UNIT_LABEL"
"AE5714003Y",3,3,0,1,17,2,3,1,4,0,6.01,"5/15/2017","22:13:00","","N","N","BACOPD","UNK",3,0,40,"US","",1.6,"E","BALTO NATIONAL PIKE",0.1,"M","W",2000,"CO","","ROLLING RD",39.28395822,-76.75503731,1,0,1,"F",1,3,NA,2,6,1,1,52,"P",0,NA,0,"",NA,"Y",NA,1,NA,"7-Jul-04","7ab36e46-27c3-441a-9ae1-c5716de908c5","","","","",""
"AE5920000J",4,3,0,1,88,2,2,1,4,0,6.01,"10/22/2016","21:16:00","114/01","N","N","BACOPD","UNK",4,0,40,"US","",1.79,"E","BALTO NATIONAL PIKE",20,"F","W",2679,"CO","","CUMMINGS AVE",39.28375061,-76.74978822,1,0,1,"M",1,3,NA,2,6,1,2,52,"P",0,NA,0,"",NA,"Y",NA,1,NA,"28-May-02","90e8ba3b-7b3d-4596-aa8a-b9ad32d48ab4","","","","","A"
"AJ01170003",3,12,7,1,11,2,1,0,3,0,6.01,"04-20-2016","20:30:00","","N","Y","BELAIR","UNK",3,0,1,"US","BU",2.41,"N","BALTIMORE PIKE",250,"F","S",20,"MU","","ARCHER ST",39.53094156,-76.34997278,1,0,1,"M",2,3,NA,3,6,0,1,52,"P",0,NA,99,"",NA,"Y",NA,1,NA,"07-NOV-77","a9bfa249-422a-4152-8d0f-bcd71ae714b0","","","","","A"
"AJ0122000W",1,12,7,2,8,2,1,1,3,0,6.01,"10-12-2015","17:19:00","","Y","N","BELAIR","UNK",4,0,1,"US","BU",3.94,"N","CONOWINGO RD",0,"F","N",1036,"CO","","MOORES MILL RD",39.54797552,-76.34956241,1,1,1,"M",1,3,NA,4,10.88,1,2,53,"P",0,NA,0,"",NA,"Y",NA,21,NA,"19-SEP-67","6dfc91a1-c23c-4d41-9c39-d3d9908d3a22","VA","C","","","A"
"AJ0151000M",3,12,7,1,88,2,2,1,1,0,6.01,"4/10/2017","20:50:00","","N","N","BELAIR","UNK",3,0,1,"US","BU",2.48,"N","BALTIMORE PIKE",50,"F","N",922,"MD","E","HAYS ST",39.53233794,-76.34865582,1,0,1,"M",2,3,NA,2,6,1,1,52,"P",0,NA,0,"",NA,"Y",NA,0,NA,"25-Sep-69","accebc68-46f1-49fa-b8e3-c7244d4089f7","MD","C","","","A"
"AM03300016",1,16,11,1,11,2,2,1,2,0,6.01,"03-18-2016","10:23:00","","N","N","BLADENSBURG","UNK",4,0,1,"US","AL",1.2,"N","BALTIMORE AVE",30,"F","N",150,"MU","","UPSHUR ST",38.94032667,-76.940775,1,0,1,"M",99,3,NA,1,3,1,2,52,"P",0,NA,0,"",NA,"Y",NA,1,NA,"24-SEP-45","d830ace0-4a2f-4039-9e79-a59e1d4b1988","MD","","","","A"
"BJ0146001M",3,20,49,2,88,2,1,1,3,88,6.01,"12-26-2015","19:16:00","","Y","N","EASTON","UNK",3,0,50,"US","",12.38,"E","OCEAN GATEWAY",0,"F","E",293,"MU","","DUTCHMANS LA",38.75958003,-76.06200546,1,3,1,"F",1,5,NA,2,5,3,1,51,"P",0,NA,0,"",NA,"Y",NA,1,NA,"24-OCT-33","c410f66a-d75a-4178-acf0-f92d8f0b13f3","","","","","A"
"BJ0146001N",4,20,49,1,88,1,2,1,4,0,3,"12-26-2015","06:15:00","","N","N","EASTON","UNK",3,0,50,"US","",12.75,"E","OCEAN GATEWAY",75,"F","W",1005,"MU","","THIRD ST",38.75481955,-76.06357992,1,0,1,"F",NA,4,NA,2,6,1,1,53,"P",0,NA,0,"",NA,"Y",NA,1,NA,"26-SEP-87","9b602738-a784-4f1a-b2b4-f77832d6b152","MD","","","","A"
"BJ0146003N",3,20,49,2,88,2,3,1,3,0,0,"6/12/2017","22:54:00","","Y","N","EASTON","UNK",3,0,50,"US","",11.49,"E","OCEAN GATEWAY",0,"F","E",277,"MU","","DOVER RD",38.77243657,-76.06034786,1,1,1,"M",99,4,NA,2,6,1,1,51,"P",0,NA,0,"",NA,"Y",NA,1,NA,"20-Jul-99","e34552a6-acad-4b98-b6fb-45ad50e08de3","MD","C","","","A"
"BJ0159003G",1,20,49,3,17,2,2,1,4,0,7.01,"3/28/2017","12:12:00","","Y","N","EASTON","UNK",3,0,50,"US","",12.38,"E","OCEAN GATEWAY",100,"F","E",293,"MU","","DUTCHMANS LA",38.75934787,-76.06205106,1,1,1,"M",99,4,NA,3,6,1,1,52,"P",0,NA,0,"",NA,"Y",NA,0,NA,"17-Apr-85","6e6f3b67-87b2-4773-b1cc-e392b2b1a6a9","MD","C","","","A"
"BK0231000S",4,7,52,0,88,2,1,1,4,0,0,"12-18-2015","18:02:00","","N","N","ELKTON","UNK",3,0,40,"US","",14.21,"E","PULASKI HWY",10,"F","W",0,"UU","","ENT TO BUSINESS",39.60336228,-75.8381027,1,1,1,"F",99,5,NA,2,6,1,1,52,"P",99,99,99,"A",NA,"Y",NA,0,NA,"28-AUG-89","74237e71-ad6a-4f85-829c-592be19c572b","","","","","A"
"BK02310017",3,7,52,3,0,2,2,1,4,0,6.01,"6/22/2017","22:50:00","","Y","N","ELKTON","UNK",3,0,40,"US","",14.2,"E","PULASKI HWY",5,"F","W",360,"MU","","LANDING LA",39.60382313,-75.83957389,1,2,1,"F",1,4,NA,1,5,3,1,51,"P",0,NA,0,"",NA,"Y",NA,1,NA,"25-Nov-02","f424528d-ccce-4a54-b7e8-199dac537410","","","","","A"
"BK0241001J",4,7,0,1,17,2,2,1,4,0,6.01,"02-10-2016","17:54:00","","N","N","ELKTON","UNK",3,0,40,"US","",14.81,"E","PULASKI HWY",250,"F","E",0,"UU","","ENT TO BUSINESS",39.60027785,-75.82862511,1,0,1,"M",1,3,NA,2,1,0,1,53,"P",0,NA,0,"",NA,"N",NA,1,NA,"02-MAY-90","ddc47be1-ef5a-4245-a8f5-411524658955","MD","NONE","","","A"
"BK0247000S",1,7,NA,9.04,88,2,NA,1,4,0,6.01,"06-08-2015","12:23:00","","N","N","ELKTON","UNK",4,0,40,"US","",15.44,"E","PULASKI HWY",0,"F","E",NA,"UU","","ENT TO BUSINESS",39.59819875,-75.81801295,1,0,1,"F",1,3,NA,3,1,1,2,54,"P",0,NA,0,"",NA,"",NA,1,NA,"16-NOV-79","801837d3-783f-4912-882c-f42ee0dfdda3","","","","","A"
"BK02470016",3,7,52,3,88,1,NA,1,1,0,6.01,"01-28-2016","18:25:00","","N","N","ELKTON","UNK",3,0,40,"US","",15.29,"E","PULASKI HWY",5,"F","W",0,"UU","","ENT TO BUSINESS",39.59848189,-75.82032233,1,0,1,"M",1,3,NA,2,1,1,1,51,"P",0,NA,0,"",NA,"N",NA,1,NA,"28-MAY-00","6b2e60e5-993f-44a9-8b77-adebf026556c","","","","","A"
"BK0247001G",4,7,52,1,88,2,1,1,4,0,6.01,"09-16-2016","23:31:00","","N","N","ELKTON","UNK",3,0,40,"US","",14.84,"E","PULASKI HWY",5,"F","W",0,"UU","","ENT TO BUSINESS",39.60056925,-75.82893759,1,0,1,"M",2,4,NA,3,6,1,1,52,"P",0,NA,0,"",NA,"Y",NA,1,NA,"29-NOV-96  00:00:00","a2306c7f-8067-4973-ad13-2afef1017e4a","MD","ID","","","A"
"BK02610010",3,7,0,1,17,2,2,1,4,0,6.01,"10-08-2015","22:57:00","","N","N","ELKTON","UNK",3,0,40,"US","",14.97,"E","PULASKI HWY",75,"F","E",0,"UU","","ENT TO SHOPPING CENTER",39.59981905,-75.82649946,1,0,1,"M",99,4,NA,2,6,1,1,52,"P",0,NA,0,"",NA,"Y",NA,1,NA,"16-OCT-94","84f51b14-c3b6-4481-8464-af232bcb1064","MD","","","","A"
"BK02790004",3,7,52,1,17,2,1,1,4,0,6.01,"10/8/2016","1:22:00","","N","N","ELKTON","UNK",3,3,40,"US","",15.01,"E","PULASKI HWY",100,"F","E",209,"CO","","NORMAN ALLEN ST",39.59930857,-75.82524955,1,0,2,"F",2,3,NA,2,6,1,1,52,"P",0,NA,0,"",NA,"Y",NA,0,NA,"17-Jan-83","f0fcb841-779d-4581-9890-fabb1844f23e","","","","","A"
"BS0353000P",3,10,57,2,88,2,1,1,2,0,6.01,"10/30/2016","22:18:00","","Y","N","FREDERICKPD","UNK",3,0,40,"US","",12.56,"E","W PATRICK ST",0,"F","E",723,"MU","","HILLCREST DR",39.41766771,-77.44583488,1,0,1,"F",NA,4,NA,2,6,1,1,51,"P",0,NA,0,"",NA,"Y",NA,0,NA,"21-Jul-00","0e8f85fe-fb12-4b25-b325-0df77e320e22","","","","",""
"BS03790003",3,10,NA,2,0,2,NA,1,4,0,0,"03-21-2015","01:16:00","","N","N","FREDERICKPD","UNK",3,0,40,"US","",12.81,"E","W PATRICK ST",0,"F","E",NA,"UU","","ENT TO FREDERICK CO SQUARE SHOPPING CTR",39.41683368,-77.44131804,1,1,1,"M",1,3,NA,2,10.88,3,1,51,"P",0,NA,0,"",NA,"",NA,1,NA,"12-OCT-89","4f0d0eb8-bee9-49c1-950c-6019189a485b","MD","","","","A"
"BS04170006",1,10,NA,9.04,17,2,NA,1,88,0,7.01,"07-02-2015","11:58:00","","N","N","FREDERICKPD","UNK",3,0,NA,"US","",12.56,"E","W PATRICK ST",50,"F","E",NA,"UU","","ENT TO WESTRIDGE SHOPPING CENTER",39.4178946,-77.44533062,1,1,1,"M",1,3,NA,3,88,0,1,88,"P",0,NA,0,"",NA,"",NA,1,NA,"05-AUG-87","16226e10-5e62-4d7d-b609-9182ed950f22","MD","C","","","A"
"BS0476000N",4,10,57,2,17,2,2,1,4,0,0,"08-17-2015","21:17:00","","N","N","FREDERICKPD","UNK",3,0,40,"US","",11.4,"E","W PATRICK ST",0,"F","E",1115,"MU","","OLD CAMP RD",39.42162843,-77.46534258,1,0,1,"F",99,4,NA,99,6,1,1,52,"P",99,NA,99,"",NA,"Y",NA,0,NA,"24-JUN-96","a5de4120-0bc5-46b9-936e-e127228de32e","","","","","A"
"BS04970007",1,10,57,2,11,2,2,1,88,0,6.01,"07-29-2015","13:35:00","","Y","N","FREDERICKPD","UNK",4,0,40,"US","",12.56,"E","W PATRICK ST",0,"F","E",723,"MU","","HILLCREST DR",39.41767393,-77.44575441,1,0,1,"M",1,3,NA,3,5,3,2,51,"P",0,NA,0,"",NA,"Y",NA,1,NA,"07-AUG-98","cf1eeda9-829e-4356-a475-6f192574cd9e","MD","n/a","","","A"
"BS0499000Z",1,10,57,2,88,0,2,1,4,0,6.01,"4/10/2017","19:36:00","","Y","N","FREDERICKPD","UNK",4,0,40,"US","",12.15,"E","W PATRICK ST",0,"F","E",925,"MU","","MCCAIN DR",39.41852452,-77.45347381,1,0,1,"M",1,3,NA,3,5,3,2,51,"P",0,NA,0,"",NA,"Y",NA,1,NA,"19-Apr-03","23dbf17f-9baf-4289-ab3b-352afe113cc8","","","","",""
"BS05160005",3,10,57,2,17,2,1,1,4,0,0,"04-02-2016","00:00:00","","Y","N","FREDERICKPD","UNK",3,0,40,"US","",12.97,"E","W PATRICK ST",0,"F","E",90,"MU","","BAUGHMANS LA",39.4357124,-77.39222288,1,0,1,"M",9.88,3,NA,1,12.88,0,1,51,"P",0,NA,0,"",NA,"Y",NA,1,NA,"01-SEP-80","e7029a26-9f28-4c0d-aab7-c59c5c9f2833","","","","","A"
"BX37190005",1,21,NA,1,0,2,2,1,2,0,7.01,"06-26-2015","12:51:00","","N","N","HAGERSTOWN","UNK",3,0,40,"US","",36.62,"E","DUAL HWY",50,"F","E",NA,"UU","","ENT TO BUSINESS",39.63824455,-77.71120191,1,1,1,"M",9.88,4,NA,3,88,0,1,53,"P",0,NA,0,"",NA,"",NA,0,NA,"27-AUG-70","cb36d5ac-fd91-4443-a82b-de59637fe47e","MD","","","","A"
"BX39340006",1,21,NA,3,88,1,1,1,2,0,7.01,"05-27-2015","13:56:00","073","Y","N","HAGERSTOWN","UNK",3,0,40,"US","",36.08,"E","WASHINGTON ST (EB COUPLET)",5,"F","E",2005,"MU","","POTOMAC ST",39.64199598,-77.72025235,1,0,1,"F",1,3,NA,3,5,3,1,51,"P",0,NA,0,"",NA,"",NA,0,NA,"30-MAR-83","270a979a-516d-4858-901f-8cb573b1bb8c","","","","","A"
"BX3987000N",1,21,0,1,88,2,2,1,4,0,7.01,"08-15-2016","15:21:00","","N","N","HAGERSTOWN","UNK",3,0,40,"US","",36.43,"E","WASHINGTON ST (EB COUPLET)",NA,"M","E",330,"MU","","S CANNON AVE",39.63881464,-77.71234989,1,0,1,"M",1,3,NA,3,1,0,2,53,"P",0,NA,0,"",NA,"N",NA,1,NA,"01-MAR-94  00:00:00","fae1d77f-3b85-40b8-a3d1-99b8b5046f58","","","","","A"
"BX40680007",1,21,73,2,11,2,1,1,1,0,6.01,"11-16-2015","16:49:00","","N","N","HAGERSTOWN","UNK",3,0,40,"US","",38.77,"E","DUAL HWY",0,"F","E",0,"UU","","ENT TO BUSINESS",39.61278214,-77.69012779,1,0,1,"F",1,3,NA,3,6,1,1,63.88,"P",0,NA,0,"",NA,"U",NA,1,NA,"03-JAN-61","34e1f0ec-e091-4de8-8282-133de6a77504","","","","",""
"BX41420015",3,21,73,2,17,2,1,1,1,0,6.01,"2/23/2017","21:29:00","","Y","N","HAGERSTOWN","UNK",3,0,11,"US","",7.48,"N","BURHANS BLVD",0,"F","N",2200,"MU","","SALEM AVE",39.64774949,-77.72491336,1,0,1,"M",2,3,NA,3,5,3,1,51,"P",0,NA,0,"",NA,"Y",NA,0,NA,"22-Feb-57","9aed1351-dee2-411a-a59b-d37310ff4919","MD","ID","","","A"
"BX48660008",1,21,NA,2,88,2,1,1,2,0,0,"05-18-2015","16:18:00","073","Y","N","HAGERSTOWN","UNK",3,0,40,"US","",9.818,"W","FRANKLIN ST (WB COUPLET)",0,"F","W",2005,"MU","","POTOMAC ST",39.64331526,-77.71929882,1,0,1,"M",1,3,NA,3,9.05,3,1,51,"P",0,NA,0,"",NA,"",NA,1,NA,"25-APR-06","386b3725-28dc-49b6-8dda-20b287260311","MD","","","","A"
"BX4866000B",1,21,73,11.04,88,2,1,1,2,0,6.01,"07-07-2015","16:01:00","","N","N","HAGERSTOWN","UNK",4,0,40,"US","",9.818,"W","FRANKLIN ST (WB COUPLET)",200,"F","W",2005,"MU","","POTOMAC ST",39.64395785,-77.72073179,1,0,1,"M",1,3,NA,1,2,1,2,63.88,"P",0,NA,0,"",NA,"N",NA,1,NA,"26-FEB-02","71182c46-4a3c-452c-98c3-0fbfbdf56cc0","MD","","","","A"
"BX5035001M",1,21,73,1,17,2,1,1,2,0,7.01,"5/13/2017","14:35:00","","N","N","HAGERSTOWN","UNK",3,0,40,"US","",35.66,"E","WASHINGTON ST (EB COUPLET)",20,"F","E",11,"US","","BURHANS BLVD",39.64513484,-77.72674263,1,0,1,"M",NA,3,NA,1,6,1,1,52,"P",0,NA,0,"",NA,"Y",NA,0,NA,"29-Jul-59","f52514ae-c9bb-4647-8c31-542022a6b650","MD","C","","",""
"BX5036001B",1,21,73,3,17,0,NA,1,3,0,6.01,"6/26/2017","15:50:00","","Y","N","HAGERSTOWN","UNK",3,0,11,"US","",7.48,"N","BURHANS BLVD",5,"F","S",440,"MU","","CHURCH ST",39.64775775,-77.72491336,1,2,1,"M",NA,3,NA,99,5,2,2,53,"P",0,NA,0,"",NA,"N",NA,1,NA,"13-Sep-04","ae5700f6-66ca-4881-bd91-0013e9eef983","","","","",""
"BX5067000X",4,21,0,1,17,2,2,1,3,0,0,"12/30/2016","19:14:00","BX8120","N","N","HAGERSTOWN","UNK",3,0,40,"US","",37.17,"E","DUAL HWY",20,"F","E",0,"UU","","DIRECTIONAL CROSSOVER",39.63264672,-77.70252228,1,0,1,"M",5,4,NA,2,6,1,1,52,"P",0,NA,0,"",NA,"Y",NA,1,NA,"17-Oct-50","a5217efc-d58e-471b-8eec-1f44c04dface","MD","C","","","A"
"BX5072000J",1,21,73,1,8,2,3,1,3,0,6.01,"10/9/2016","15:01:00","","N","N","HAGERSTOWN","UNK",4,0,11,"US","",7.21,"N","BURHANS BLVD",50,"F","S",30,"MU","","ANTIETAM ST",39.64439235,-77.7274923,1,0,1,"M",1,3,NA,3,6,99,2,53,"P",0,NA,0,"",NA,"U",NA,1,NA,"14-Feb-94","f746a7f8-668f-4ebe-b91f-982642f42c29","","","","","A"
"BX5083000J",1,21,73,2,17,1,NA,1,2,11,7.01,"12-29-2015","10:29:00","","Y","N","HAGERSTOWN","UNK",3,10,40,"US","",9.818,"W","FRANKLIN ST (WB COUPLET)",0,"F","W",2005,"MU","","POTOMAC ST",39.64330699,-77.71931827,1,0,1,"M",1,3,NA,2,2,0,1,56,"P",0,NA,0,"",NA,"N",NA,0,NA,"12-AUG-52","c6f0ae39-933e-4538-aae4-0538184f0046","MD","C","","",""
"BX50840018",1,21,0,1,17,2,NA,1,2,0,7.01,"05-20-2016","08:57:00","BX 8120","N","N","HAGERSTOWN","UNK",4,0,40,"US","",36.66,"E","DUAL HWY",0,"F","W",0,"UU","","ENT TO BUSINESS",39.6401789,-77.71317199,1,0,1,"F",1,3,NA,1,3,1,2,54,"P",0,NA,0,"",NA,"N",NA,1,NA,"15-AUG-74","8b5e29bd-825b-4446-a23c-6baa08aa4c5e","","","","","A"
"BX5085000V",1,21,73,2,0,3,1,88,3,0,0,"01-25-2016","14:46:00","","Y","N","HAGERSTOWN","UNK",3,0,40,"US","AL",0.13,"E","E BALTIMORE ST",0,"F","E",1430,"MU","","S LOCUST ST",39.63801734,-77.72006527,1,0,1,"M",2,3,NA,0,6,0,1,56,"P",0,NA,0,"",NA,"N",NA,0,NA,"15-SEP-88","1b11c289-eb35-41c5-a3a6-167bf839055f","","","","",""
"BX5168000C",3,21,73,2,88,2,1,1,2,0,0,"11/7/2016","17:56:00","","Y","N","HAGERSTOWN","UNK",3,0,40,"US","",10.428,"W","FRANKLIN ST (WB COUPLET)",0,"F","W",2620,"MU","","WISE ST",39.64791058,-77.72894472,1,0,1,"M",1,4,NA,2,6,0,1,51,"P",0,NA,0,"",NA,"Y",NA,1,NA,"1-Mar-87","2f6a31b7-2c04-4752-b6fc-3caade4d71e8","","","","","A"
"CA77550004",4,12,76,1,0,99,NA,99,2,0,2,"12-02-2015","18:00:00","","N","N","HAVREDEGRACE","UNK",3,3,40,"US","",17.68,"E","PULASKI HWY",0,"M","E",7,"MD","A","OTSEGO ST",39.55195468,-76.10220909,1,0,2,"F",1,4,NA,99,6,1,1,52,"P",0,NA,0,"",NA,"U",NA,99,NA,"19-SEP-84","78c237c9-7357-412a-9106-d149fd0431cc","MD","","","",""
"CA77550004",4,12,76,1,0,99,NA,99,2,0,2,"12-02-2015","18:00:00","","N","N","HAVREDEGRACE","UNK",3,3,40,"US","",17.68,"E","PULASKI HWY",0,"M","E",7,"MD","A","OTSEGO ST",39.55195468,-76.10220909,1,0,2,"M",99,3,NA,99,6,1,1,52,"P",0,NA,0,"",NA,"U",NA,99,NA,"24-SEP-78","e040c452-b1ae-4a12-906f-4d99b4d7f79a","MD","","","",""
"CB4718000B",3,13,0,3,88,2,1,1,1,0,6.01,"10-16-2015","20:21:00","","Y","N","HOCPD","UNK",3,0,1,"US","",8.69,"N","WASHINGTON BLVD",5,"F","N",143,"CO","","LOUDON AVE",39.27136776,-76.86536193,1,0,1,"M",2,5,NA,2,9.05,3,1,54,"P",0,NA,0,"",NA,"Y",NA,1,NA,"15-APR-68","d0607950-9d41-4a89-abc2-af28b8079844","MH","id","","",""
"CB49330002",3,13,NA,9.04,88,2,NA,1,4,0,6.01,"05-22-2015","21:46:00","E3","N","N","HOCPD","UNK",3,0,1,"US","",0.13,"N","WASHINGTON BLVD (NB COUPLET)",100,"F","N",NA,"UU","","CROSSOVER",39.10598739,-76.83977365,1,0,1,"F",1,3,NA,2,6,1,1,52,"P",0,NA,0,"",NA,"",NA,1,NA,"10-APR-87","6ce326f8-3acf-44cc-a11f-7c75aaa48e2a","OH","","","","A"
"CB5196000Q",3,13,0,1,88,1,2,1,4,0,3,"09-30-2016","01:57:00","E1","N","N","HOCPD","UNK",3,0,1,"US","",3.06,"N","WASHINGTON BLVD",207,"F","S",32,"RP","","RAMP 8 FR US 1 SB TO RAMP 9 (TO MD 32)",39.14088701,-76.81118667,1,0,1,"F",2,5,NA,2,6,0,1,53,"P",88,99,88,"U",NA,"Y",NA,1,NA,"16-APR-64  00:00:00","fb54fa50-8bd7-43a2-b533-70ac3906080c","MD","C","","","A"
"CB53550004",3,13,0,1,88,2,2,1,1,0,6.01,"09-22-2015","05:28:00","E1","N","N","HOCPD","UNK",3,0,1,"US","",3.26,"N","WASHINGTON BLVD",100,"F","N",1910,"CO","","GUILFORD RD",39.14351232,-76.80980802,1,0,1,"M",1,3,NA,2,6,1,1,52,"P",0,NA,0,"",NA,"Y",NA,1,NA,"18-MAR-71","2484d477-21fd-41f8-a274-ef9e02eca467","","","","","A"
"CB5357000J",4,13,0,1,17,2,2,1,1,0,6.01,"02-10-2016","19:47:00","E3","N","N","HOCPD","UNK",3,0,1,"US","",1.12,"N","WASHINGTON BLVD",20,"F","S",0,"UU","","ENT TO BUSINESS",39.11593134,-76.83180749,1,1,1,"M",99,5,NA,2,6,0,1,52,"P",0,NA,0,"",NA,"Y",NA,1,NA,"22-OCT-59","8f5119d6-b476-4d4f-ba0f-47e4fe9300c5","MD","ID","","","A"
"CB5379001Q",4,13,0,0,88,2,2,1,4,0,6.01,"6/2/2017","3:48:00","","N","N","HOCPD","UNK",3,0,1,"US","",2.16,"N","WASHINGTON BLVD",0.5,"M","N",416,"CO","","GORMAN RD",39.13308333,-76.81728,1,0,1,"F",1,3,NA,2,4,0,1,53,"P",0,NA,0,"",NA,"Y",NA,1,NA,"9-Dec-95","69fbaa0c-dacb-4fe7-847f-783555890af3","","","","","A"
"CB5487000D",4,13,0,1,11,2,2,1,1,0,6.01,"11-09-2015","06:00:00","E2","N","N","HOCPD","UNK",4,4,1,"US","",4.76,"N","WASHINGTON BLVD",35,"F","S",122,"CO","","MISSION RD",39.15675384,-76.79743767,1,0,1,"M",1,4,NA,2,10.88,0,2,53,"P",0,NA,0,"",NA,"Y",NA,1,NA,"31-JAN-56","386e4854-2db3-4fb4-af93-25e57aa91700","MD","","","","A"
"CB55390005",3,13,NA,2,88,2,1,1,5.01,0,6.01,"02-04-2015","04:39:00","B5","N","N","HOCPD","UNK",3,0,1,"US","",9.94,"N","WASHINGTON BLVD",0,"F","N",149,"CO","","BONNIE VIEW LA",39.21035667,-76.723075,2,0,1,"F",99,5,NA,2,6,0,1,53,"P",99,0,99,"A",NA,"",NA,1,NA,"01-MAR-81","b14cc526-ff48-46dc-8b2d-7c98e99bfef7","MD","","","","A"
"CB55410006",4,13,0,1,17,1,2,1,1,0,3,"02-24-2016","06:20:00","E2","N","N","HOCPD","UNK",3,0,1,"US","",1.21,"N","WASHINGTON BLVD",125,"F","S",702,"OP","","COUNTRY MEADOWS LA",39.11893215,-76.82883963,1,0,1,"M",1,5,NA,2,6,1,1,52,"P",0,NA,0,"",NA,"Y",NA,1,NA,"16-JUN-93","ac9fb580-0015-4b24-b0c0-59b635f38600","SC","D","","","A"
"CB55720004",4,13,NA,1,88,0,2,1,1,0,6.01,"04-01-2015","05:54:00","E1","N","N","HOCPD","UNK",3,0,1,"US","",3.85,"N","WASHINGTON BLVD",0,"M","N",1092,"CO","","PATUXENT RANGE RD",39.15345097,-76.80050075,1,0,1,"M",1,3,NA,2,6,0,1,53,"P",0,NA,0,"",NA,"",NA,1,NA,"12-JAN-89","82ea9ba4-d3e3-4d5a-a314-c94b5978f646","MD","C","","",""
"CB57310010",3,13,0,1,17,2,1,1,5.01,0,6.01,"10/15/2016","23:13:00","B4","N","N","HOCPD","UNK",3,3,1,"US","",6.01,"N","WASHINGTON BLVD",100,"F","N",1519,"CO","","PORT CAPITOL DR",39.17488772,-76.7779997,1,1,2,"F",99,5,NA,2,6,1,1,88,"P",0,NA,0,"",NA,"Y",NA,1,NA,"4-Jul-98","429ab3bf-d506-418f-8c26-d6e58c9c40ea","MD","C","","","A"
"CB57310010",3,13,0,1,17,2,1,1,5.01,0,6.01,"10/15/2016","23:13:00","B4","N","N","HOCPD","UNK",3,3,1,"US","",6.01,"N","WASHINGTON BLVD",100,"F","N",1519,"CO","","PORT CAPITOL DR",39.17488772,-76.7779997,1,1,2,"M",99,5,NA,2,6,1,1,88,"P",0,NA,0,"",NA,"Y",NA,1,NA,"23-Jun-98","57622036-f26b-4014-a2ef-9d9b11696028","PA","C","","","B"
"CB57750003",1,13,0,1,17,2,3,1,1,0,6.01,"08-05-2015","16:25:00","E2","N","N","HOCPD","UNK",4,0,1,"US","",1.51,"N","WASHINGTON BLVD",NA,"M","N",1833,"CO","","LYNN BUFF CT",39.12498332,-76.82359457,1,0,1,"M",1,4,NA,3,4,0,2,52,"P",0,NA,0,"",NA,"Y",NA,1,NA,"09-SEP-96","1007206f-ab0a-4d43-9a55-26fce956c7ee","MD","","","","A"
"CB5831000P",4,13,0,1,88,2,1,1,1,0,6.01,"07-13-2016","00:37:00","E2","N","N","HOCPD","UNK",4,3,1,"US","",1.51,"N","WASHINGTON BLVD",100,"F","N",1833,"CO","","LYNN BUFF CT",39.12377833,-76.82485333,2,0,1,"M",1,3,NA,88,6,0,88,88,"P",0,NA,0,"",NA,"Y",NA,1,NA,"20-FEB-75  00:00:00","28a53ad0-c044-4ba5-9589-d192cc274b21","","C","","",""