"REPORT_NO","LIGHT_CODE","COUNTY_NO","MUNI_CODE","JUNCTION_CODE","COLLISION_TYPE_CODE","SURF_COND_CODE","LANE_CODE","RD_COND_CODE","RD_DIV_CODE","FIX_OBJ_CODE","WEATHER_CODE","ACC_DATE","ACC_TIME","LOC_CODE","SIGNAL_FLAG","C_M_ZONE_FLAG","AGENCY_CODE","AREA_CODE","HARM_EVENT_CODE1","HARM_EVENT_CODE2","RTE_NO","ROUTE_TYPE_CODE","RTE_SUFFIX","LOG_MILE","LOGMILE_DIR_FLAG","MAINROAD_NAME","DISTANCE","FEET_MILES_FLAG","DISTANCE_DIR_FLAG","REFERENCE_NO","REFERENCE_TYPE_CODE","REFERENCE_SUFFIX","REFERENCE_ROAD_NAME","LATITUDE","LONGITUDE","drv","occ","ped","SEX_CODE","CONDITION_CODE","INJ_SEVER_CODE","OCC_SEAT_POS_CODE","PED_VISIBLE_CODE","PED_LOCATION_CODE","PED_OBEY_CODE","PED_TYPE_CODE","MOVEMENT_CODE","PERSON_TYPE","ALCOHOL_TEST_CODE","ALCOHOL_TESTTYPE_CODE","DRUG_TEST_CODE","DRUG_TESTRESULT_CODE","BAC_CODE","FAULT_FLAG","EQUIP_PROB_CODE","SAF_EQUIP_CODE","EJECT_CODE","DATE_OF_BIRTH","PERSON_ID","LICENSE_STATE_CODE","CLASS","CDL_FLAG","VEHICLE_ID","EMS_UNIT_LABEL"
"CB5843000R",6.02,13,NA,1,17,2,1,1,88,0,6.01,"06-24-2015","20:05:00","B5","N","N","HOCPD","UNK",3,0,1,"US","",9.58,"N","WASHINGTON BLVD",50,"F","N",NA,"UU","","ENT TO BUSINESS",39.20576279,-76.72833323,1,0,1,"F",1,3,NA,1,88,1,1,88,"P",0,NA,0,"",NA,"",NA,1,NA,"09-FEB-86","5f7d4805-0d28-40a8-a428-8d94f7af2c2d","MD","","","","A"
"CB5846001M",4,13,0,1,17,2,1,1,4,0,6.01,"5/10/2017","22:15:00","A1","N","N","HOCPD","UNK",3,0,40,"US","",17.36,"E","BALTO NATIONAL PIKE",0,"F","E",0,"UU","","ENT TO VALLEY MEDE S.C.",39.27771933,-76.83551833,1,1,1,"M",99,5,NA,2,6,1,1,52,"P",0,NA,0,"",NA,"Y",NA,1,NA,"6-Apr-80","6a5a8291-42e1-46e1-8d15-3d857bff8d18","","","","","A"
"CB58790019",1,13,0,6.01,7,88,1,5,2,0,6.01,"08-06-2016","12:18:00","A3","N","N","HOCPD","UNK",1,0,40,"US","",17.34,"E","BALTO NATIONAL PIKE",50,"F","W",290,"CO","","GREENWAY DR",39.2778709,-76.83983803,1,0,1,"M",1,4,NA,1,6,0,2,53,"P",0,NA,0,"",NA,"N",NA,21,NA,"07-MAR-64  00:00:00","ec2439b0-55ee-49bf-a644-447ae6540331","","","","","A"
"CB5879001C",1,13,0,9.04,88,2,1,1,2,0,6.01,"09-04-2016","13:00:00","A3","N","N","HOCPD","UNK",3,0,40,"US","",18.22,"E","BALTO NATIONAL PIKE",100,"F","W",1016,"OP","","CHEVROLET DR",39.27684106,-76.82350338,1,0,1,"M",99,4,NA,1,6,1,1,52,"P",0,NA,0,"",NA,"Y",NA,1,NA,"05-OCT-40  00:00:00","8284dce0-cdff-4b9a-a662-c82924412231","","","","","A"
"CB58810007",4,13,0,1,17,2,2,1,1,0,6.01,"09-18-2015","05:26:00","E1","N","N","HOCPD","UNK",3,0,1,"US","",4.76,"N","WASHINGTON BLVD",500,"F","S",122,"CO","","MISSION RD",39.15781871,-76.79687977,1,0,1,"M",1,3,NA,2,6,1,1,53,"P",0,NA,0,"",NA,"N",NA,0,NA,"24-MAY-67","d7be7dde-c601-43e4-b37a-edbaea6d59de","MD","","","",""
"CB5881000P",4,13,0,1,0,2,2,0,1,88,6.01,"07-09-2016","21:40:00","","N","N","HOCPD","UNK",3,0,1,"US","",4.76,"N","WASHINGTON BLVD",500,"F","N",122,"CO","","MISSION RD",39.16406202,-76.79212689,1,0,2,"F",3,4,NA,2,6,1,1,52,"P",0,0,99,"U",NA,"Y",NA,1,NA,"01-JUN-80  00:00:00","c3dadc86-0cb3-48a7-bc47-e895efe65f35","MD","ID","","","A"
"CB58820003",4,13,NA,1,1,2,2,1,2,0,6.01,"06-14-2015","23:44:00","","N","N","HOCPD","UNK",4,0,1,"US","",2.6,"N","WASHINGTON BLVD",0,"M","N",1066,"CO","","CORRIDOR RD",39.13419641,-76.81595564,1,2,1,"M",2,4,NA,3,6,0,2,54,"P",0,NA,0,"",NA,"",NA,1,NA,"05-OCT-59","d190f8a7-be5c-4f0b-82f8-85dd50653f83","MD","","","","A"
"CB5882000J",4,13,0,1,88,2,2,1,4,0,6.01,"05-08-2016","23:19:00","","N","N","HOCPD","UNK",3,0,40,"US","",21.08,"E","BALTO NATIONAL PIKE",NA,"M","W",0,"UU","","BALTIMORE CO/L",39.29699373,-76.78391397,1,0,1,"M",1,3,NA,3,99,88,1,99,"P",0,NA,0,"",NA,"Y",NA,0,NA,"05-JAN-90","03fd92e0-752f-4b24-a450-40ef9c0e5d93","MD","","","","A"
"CB5886001N",4,13,0,1,17,2,3,1,4,0,6.01,"5/27/2017","21:15:00","A3","N","N","HOCPD","UNK",3,0,40,"US","",17.51,"E","BALTO NATIONAL PIKE",30,"F","E",516,"CO","","PLUM TREE DR",39.27758022,-76.83579326,1,0,1,"F",1,3,NA,3,6,1,1,52,"P",0,NA,0,"",NA,"Y",NA,1,NA,"29-Jun-44","92f14089-a8d3-4578-ba51-13149e12ec54","","","","","A"
"CC02300028",0,16,82,0,11,0,1,1,0,0,0,"06-20-2016","19:29:00","11810","N","N","HYATTSVILLE","UNK",1,4,1,"US","",1.83,"N","BALTIMORE AVE",50,"F","S",150,"MU","","HAMILTON ST",38.95385237,-76.94138646,1,0,1,"M",1,3,NA,2,88,0,2,88,"P",0,NA,0,"",NA,"N",NA,0,NA,"01-NOV-02","d889b6e0-09e9-4145-86fb-112dcb81c567","","","","","A"
"CD06110015",3,8,0,2,17,2,2,1,4,0,6.01,"07-11-2016","22:28:00","088","N","N","LAPLATA","UNK",3,0,301,"US","",15.05,"N","CRAIN HWY",0,"F","N",1948,"CO","","TALBOT ST",38.5329344,-76.98343277,1,2,1,"F",1,3,NA,2,6,1,1,52,"P",0,NA,0,"",NA,"Y",NA,1,NA,"06-JUL-77  00:00:00","0fb12306-1543-463d-9d54-cc78847c43de","","","","","A"
"CD0612000K",1,8,NA,0,88,2,NA,1,3,0,6.01,"04-18-2015","11:57:00","088","N","N","LAPLATA","UNK",3,0,301,"US","",14.687,"N","CRAIN HWY",10,"F","N",1,"MU","","WESLEY DR",38.52725237,-76.98248863,1,0,1,"M",99,3,NA,3,6,1,1,52,"P",0,NA,0,"",NA,"",NA,0,NA,"12-MAY-79","9ca85609-5fcf-4f61-9edb-e7531c656202","","","","","A"
"CD06140009",1,8,88,6.01,2,2,1,1,4,0,6.01,"07-30-2015","12:00:00","088","N","N","LAPLATA","UNK",1,3,301,"US","",15.54,"N","CRAIN HWY",NA,"M","S",160,"MU","","HAWTHORNE DR",38.53655154,-76.9836688,2,1,1,"M",1,3,NA,2,2,1,1,56,"P",0,NA,0,"",NA,"N",NA,0,NA,"31-MAY-60","ec0c48dc-8480-4ad2-8c10-eb33501ed8fe","","","","",""
"CD0623001Z",3,8,0,1,17,2,1,1,4,0,6.01,"5/14/2017","2:05:00","88","N","N","LAPLATA","UNK",3,0,301,"US","",15.54,"N","CRAIN HWY",100,"F","S",0,"UU","","CROSSOVER",38.53851529,-76.98419452,1,0,1,"M",2,4,NA,2,6,1,1,52,"P",0,NA,0,"",NA,"Y",NA,1,NA,"30-Jan-65","14ba13a2-8dd5-44ee-8af3-17a3f53a6395","","","","","A"
"CD0629000S",1,8,88,2,11,2,2,1,4,0,6.01,"07-18-2016","13:13:00","088","Y","N","LAPLATA","UNK",4,0,301,"US","",16.16,"N","CRAIN HWY",0,"F","N",163,"MU","","HERITAGE GREEN PKWY",38.54852203,-76.98554635,1,0,1,"M",1,3,NA,2,6,1,2,51,"P",0,NA,0,"",NA,"Y",NA,1,NA,"29-MAR-96  00:00:00","26180947-c5d0-4b69-ad2a-dc980994f3f2","","","","","A"
"CE4338000J",3,16,89,2,17,2,3,1,2,0,0,"10-24-2015","19:32:00","B3","Y","N","LAUREL","UNK",3,0,1,"US","",0.336,"S","WASHINGTON BLVD (SB COUPLET)",0,"F","S",260,"MU","","MONTGOMERY ST",39.10197445,-76.84569597,1,0,1,"M",3,4,NA,3,9.05,1,1,51,"P",0,NA,0,"",NA,"N",NA,1,NA,"15-APR-90","e7e00a1f-cf28-4d2f-99c4-22f8ee9901c8","MD","","","","A"
"CE4636000X",3,16,89,0,11,0,1,1,2,0,6.01,"09-07-2016","10:40:00","","N","N","LAUREL","UNK",3,0,1,"US","",0.624,"S","WASHINGTON BLVD (SB COUPLET)",5,"F","S",90,"MU","","COMPTON AVE",39.09879599,-76.84911579,1,0,1,"F",99,3,NA,0,6,0,1,52,"P",0,NA,0,"",NA,"Y",NA,1,NA,"02-DEC-74  00:00:00","bace41bc-0aa9-44ed-bd4b-406248d8f823","MD","C","","",""
"CE4641001K",1,16,89,9.04,11,2,1,1,4,0,6.01,"5/26/2017","15:13:00","","N","N","LAUREL","UNK",4,0,1,"US","",0.132,"S","WASHINGTON BLVD (SB COUPLET)",15,"F","N",8030,"MU","","TOLSON ALLEY",39.10448048,-76.8430379,1,0,1,"M",1,3,NA,4,3,1,2,63.88,"P",0,NA,0,"",NA,"Y",NA,1,NA,"7-Feb-91","6eae09bf-0e2d-435a-80c9-64b664824749","MD","C","","","A"
"CP0109000F",1,16,104,3,17,2,1,1,4,0,6.01,"01-29-2016","14:48:00","","N","N","MTRAINIER","UNK",3,3,1,"US","",0.09,"N","RHODE ISLAND AVE",50,"F","S",9330,"MU","","33RD ST",38.93593702,-76.96195498,1,0,1,"M",NA,3,NA,2,6,1,1,88,"P",0,NA,0,"",NA,"Y",NA,0,NA,"14-SEP-76","f7039c76-768c-4ec9-aed2-03d96774a066","","","","","A"
"CP01100009",1,16,104,0,17,2,2,1,1,0,6.01,"04-26-2016","10:31:00","","Y","N","MTRAINIER","UNK",3,15,1,"US","",0.34,"N","RHODE ISLAND AVE",0,"F","S",9370,"MU","","37TH ST",38.95063386,-76.96351737,1,0,1,"M",10.03,3,NA,3,6,99,1,51,"P",99,0,0,"",NA,"U",NA,0,NA,"14-SEP-70","e8d5f061-403d-40a3-a1a9-fa99b831b57a","","","","","A"
"CT82500007",1,23,115,1,17,2,1,1,1,0,6.01,"11-04-2015","15:21:00","081","N","N","OCEANCITY","UNK",4,0,50,"US","",14.28,"E","OCEAN GATEWAY",100,"F","W",0,"UU","","END BRIDGE",38.33202891,-75.08921385,1,0,1,"M",2,3,NA,2,4,88,2,88,"P",1,NA,0,"",NA,"Y",NA,1,NA,"18-MAY-62","c78e1cde-eb13-40e9-a867-5ed11593da54","","","","","A"
"CTX3060038",3,23,115,1,3,2,2,1,3,0,6.01,"08-09-2015","20:41:00","626","N","N","OCEANCITY","UNK",4,0,50,"US","",14.16,"E","OCEAN GATEWAY",0,"F","E",0,"UU","","STRUC #23007 SINEPUXENT BAY",38.33177867,-75.0869065,1,0,1,"M",1,3,NA,6,6,1,2,53,"P",0,NA,0,"",NA,"N",NA,26.88,NA,"28-AUG-73","4a9ff71d-85cd-41ab-a138-4c657349b0ad","FL","E","","","A"
"CW0025000F",3,7,117,3,17,2,NA,1,4,0,0,"10/7/2016","22:00:00","","Y","N","PERRYVILLE","UNK",3,0,40,"US","",1.14,"E","PULASKI HWY",10,"F","W",0,"UU","","SPUR TO MD 222",39.57007981,-76.06972955,1,0,1,"M",1,3,NA,2,6,99,1,51,"P",0,NA,0,"",NA,"Y",NA,0,NA,"31-Jan-98","d1e96036-bb30-470f-ad7a-aa30ee4bcc83","","","","",""
"CW00290003",3,7,117,3,3,2,NA,2,4,0,2,"10/17/2016","5:35:00","10-50 PI","N","Y","PERRYVILLE","UNK",3,0,40,"US","",1.18,"E","PULASKI HWY",345,"F","E",222,"MD","","PERRYVILLE RD",39.57036359,-76.06895775,1,0,1,"M",1,3,NA,2,1,1,1,53,"P",0,NA,0,"",NA,"Y",NA,1,NA,"23-Sep-61","b1b72755-2eaa-4328-9ec1-96119bc2c4d0","MD","C","","","A"
"CX01240002",1,23,NA,1,7,2,1,1,3,0,6.01,"02-05-2015","15:28:00","","N","N","POCOMOKE","UNK",3,0,13,"US","BU",1.16,"N","MARKET ST",50,"F","N",570,"MU","BU","TENTH ST",38.06797706,-75.55784941,1,0,1,"F",1,3,NA,3,3,1,1,52,"P",0,NA,0,"",NA,"",NA,0,NA,"30-JAN-04","43d1f8ed-2b7a-49ed-acbf-0461182a7d14","","","","","A"
"DA32090005",1,16,37,2,88,2,1,1,4,0,6.01,"10-11-2015","16:42:00","","Y","N","PGCOPD","UNK",3,0,1,"US","",3.75,"N","BALTIMORE AVE",0,"F","N",670,"MU","","KNOX RD",38.98080864,-76.93796933,1,1,1,"F",1,3,NA,3,9.05,2,1,51,"P",0,NA,0,"",NA,"N",NA,1,NA,"16-OCT-87","b29fb17d-5e09-4a5d-844f-fa5005b331b7","MD","c","","","A"
"DA33250015",1,16,37,2,17,1,4,1,1,0,3,"03-14-2016","11:30:00","","Y","N","PGCOPD","UNK",3,0,1,"US","",5.03,"N","BALTIMORE AVE",0,"F","N",430,"MD","","GREENBELT RD",38.998475,-76.93148375,1,0,1,"M",99,4,NA,99,6,3,1,51,"P",0,NA,0,"",NA,"Y",NA,1,NA,"22-NOV-93","bf5dce13-fad0-492e-b15a-64ee69c4e010","","","","","A"
"DA33550005",1,16,37,0,88,2,2,1,1,88,0,"6/14/2017","16:15:00","DA","N","N","PGCOPD","UNK",3,0,1,"US","",5.21,"N","BALTIMORE AVE",0,"F","S",0,"UU","","ENT TO BUSINESS",39.00107747,-76.93092048,1,0,1,"F",1,3,NA,3,6,3,1,52,"P",0,NA,0,"",NA,"Y",NA,0,NA,"29-Jun-94","02086e6f-ec7b-432d-bdb6-8706a7f2f015","","","","","A"
"DA3747000K",3,16,37,2,17,1,1,1,4,0,3,"08-20-2015","20:45:00","","Y","N","PGCOPD","UNK",3,0,1,"US","",3.66,"N","BALTIMORE AVE",0,"F","N",561,"MU","","HARTWICK RD",38.97957012,-76.93781376,1,0,1,"M",1,3,NA,3,5,2,1,51,"P",0,NA,0,"",NA,"N",NA,0,NA,"13-MAY-91","f856bbc7-ddd9-4e2d-928d-8e032f842127","","","","",""
"DA37930024",1,16,37,3,9,2,1,1,1,0,6.01,"09-23-2016","17:29:00","","Y","N","PGCOPD","UNK",3,0,1,"US","",4.48,"N","BALTIMORE AVE",0,"F","S",830,"MU","","MELBOURNE PL",38.99084944,-76.93394065,1,0,1,"M",1,3,NA,0,9.05,2,1,51,"P",0,NA,0,"",NA,"N",NA,1,NA,"12-JUN-86  00:00:00","b496dd0b-67b9-47ee-8c27-d91592b20c3e","","","","",""
"DA3879000D",1,16,NA,88,17,2,NA,1,88,2,6.01,"06-23-2015","16:14:00","","N","N","PGCOPD","UNK",9,0,1,"US","",11.42,"N","BALTIMORE AVE",50,"F","N",NA,"UU","","ENT TO BUSINESS",39.0740024,-76.86968565,1,1,1,"M",1,3,NA,1,15.88,0,88,88,"P",0,NA,0,"",NA,"",NA,1,NA,"15-NOV-88","64efde56-dce9-4772-808d-37bc6e59cae4","MD","","","",""
"DA3966001L",1,16,0,2,88,2,NA,1,3,0,6.01,"4/14/2017","9:30:00","","N","N","PGCOPD","UNK",4,0,1,"US","",7.8,"N","BALTIMORE AVE",0,"F","N",17,"CO","","ST MARYS ST",39.03309446,-76.90983295,1,0,1,"M",1,3,NA,1,5,1,2,63.88,"P",0,NA,0,"",NA,"N",NA,1,NA,"15-Nov-75","973a1fed-41f7-4643-b9a3-8ba94ec24b54","MD","C","","","A"
"DE0188001Z",3,22,133,0,17,2,2,1,1,0,6.01,"10/16/2016","20:50:00","","N","N","SALISBURY","UNK",3,0,13,"US","BU",5.71,"N","N SALISBURY BLVD",100,"F","N",3013,"MU","","E WILLIAMS ST #2",38.36943686,-75.59488535,1,0,1,"M",2,4,NA,2,6,0,1,54,"P",0,NA,0,"",NA,"Y",NA,0,NA,"26-Mar-90","cbde3d70-bb73-442a-83f4-9edc98bdf10b","","","","","A"
"DE0188002B",3,22,133,1,88,2,3,1,4,0,7.01,"2/28/2017","19:48:00","","N","N","SALISBURY","UNK",3,0,50,"US","BU",4.295,"E","E SALISBURY PKWY",100,"F","W",2720,"MU","","TRUITT ST",38.36900787,-75.58257669,1,0,1,"M",1,4,NA,2,2,1,1,52,"P",0,NA,0,"",NA,"Y",NA,0,NA,"27-Sep-02","03a402ca-e7d6-46d3-9fe7-97c858ce3720","","","","","A"
"DE1114000P",1,22,NA,3,17,2,NA,1,1,0,6.01,"03-13-2015","12:50:00","","Y","N","SALISBURY","UNK",3,0,13,"US","BU",6.25,"N","N SALISBURY BLVD",75,"F","N",1900,"MU","BU","NAYLOR ST",38.37665689,-75.59146821,1,0,1,"F",1,3,NA,1,6,0,1,52,"P",0,NA,0,"",NA,"",NA,0,NA,"16-OCT-90","ae726dff-45ba-4c56-b6d4-9fa689dbafc8","MD","","","",""
"DE1131001C",1,22,133,3,17,2,NA,1,5.01,0,6.01,"04-21-2016","12:25:00","","Y","N","SALISBURY","UNK",4,0,13,"US","BU",4.17,"N","S SALISBURY BLVD",0,"F","N",631,"MU","","W COLLEGE AVE",38.34865916,-75.60218364,1,0,1,"M",1,3,NA,1,5,99,2,51,"P",0,NA,0,"",NA,"N",NA,1,NA,"17-AUG-94","c9c4c680-9347-4af2-9aff-1f54b02298ca","MD","C","","",""
"DE1137002D",1,22,133,2,17,2,1,1,1,0,6.01,"6/12/2017","15:27:00","","Y","N","SALISBURY","UNK",3,0,13,"US","BU",5.47,"N","N SALISBURY BLVD",0,"F","N",1632,"MU","","E MAIN ST",38.36582817,-75.59533864,1,0,1,"M",1,3,NA,2,9.05,3,1,51,"P",0,NA,0,"",NA,"Y",NA,1,NA,"3-Jan-98","97d37f91-4b6e-450c-81e1-3887acd33ded","XX","XX","","","A"
"DE1166000T",1,22,133,2,88,2,1,1,3,0,6.01,"03-24-2016","16:24:00","","N","N","SALISBURY","UNK",3,1,13,"US","BU",5.99,"N","N SALISBURY BLVD",0,"F","N",2160,"MU","","PHILADELPHIA AVE",38.37268159,-75.59337258,1,0,1,"M",88,3,NA,3,2,3,1,51,"P",0,NA,0,"",NA,"Y",NA,0,NA,"03-JUL-92","c44e841c-a371-4291-933e-a8835608128c","MD","","","","A"
"DE2152000C",1,22,NA,3,88,2,3,1,4,0,6.01,"01-11-2015","15:18:00","","Y","N","SALISBURY","UNK",3,0,50,"US","BU",2.966,"E","W SALISBURY PKWY",0,"F","E",730,"MU","BU","CYPRESS ST",38.36659366,-75.6069231,1,0,1,"M",1,3,NA,2,9.05,3,1,51,"P",0,NA,0,"",NA,"",NA,1,NA,"27-MAR-59","ce6695e3-084f-46bd-9a27-bf615a4627fb","MD","ID","","","A"
"DE2182001S",3,22,133,2,17,2,1,1,1,0,6.01,"09-19-2016","01:36:00","","N","N","SALISBURY","UNK",3,0,13,"US","BU",4.82,"N","S SALISBURY BLVD",0,"F","N",1990,"MU","","OHIO AVE",38.35706644,-75.60008079,1,0,1,"M",99,4,NA,3,6,1,1,56,"P",0,NA,0,"",NA,"Y",NA,1,NA,"18-JUN-96  00:00:00","fea046ab-471d-4940-adaf-d9241328025e","","","","","A"
"DE2184000P",3,22,NA,11.04,17,1,NA,1,4,0,0,"04-08-2015","19:41:00","DE 8270","N","N","SALISBURY","UNK",3,0,13,"US","",12.65,"N","N SALISBURY BLVD",200,"F","N",1897,"MU","","E NAYLOR MILL RD",38.40903659,-75.56737661,1,1,1,"M",2,4,NA,2,1,0,1,53,"P",0,2,0,"",0.212,"",NA,1,NA,"19-JUN-62","6180a8fe-afb7-40ea-a354-47f6f2119f56","","","","","A"
"DE21990013",1,22,133,2,8,2,2,1,1,0,7.01,"09-23-2016","11:08:00","","Y","N","SALISBURY","UNK",4,0,13,"US","BU",5.46,"N","S SALISBURY BLVD",0,"F","N",1681,"MU","","E MARKET ST",38.36552638,-75.59548348,1,0,1,"M",1,3,NA,1,6,1,2,51,"P",0,NA,0,"",NA,"Y",NA,1,NA,"01-OCT-62  00:00:00","2e94e249-b78e-46fe-8cc5-3525263c232f","MD","I","","","A"
"DE31600014",3,22,NA,2,17,2,3,1,4,0,6.01,"05-08-2015","21:31:00","","Y","N","SALISBURY","UNK",3,0,50,"US","BU",3.187,"E","W SALISBURY PKWY",0,"F","E",NA,"UU","BU","SPUR FR MILL ST",38.36593542,-75.60277909,1,0,1,"M",2,4,NA,3,6,1,1,52,"P",0,NA,0,"",NA,"",NA,1,NA,"18-NOV-75","0a97cf82-733c-4581-80df-d0cd483eec0a","","","","","A"
"DE41270012",1,22,133,1,17,2,1,1,4,0,6.01,"09-14-2015","07:22:00","","Y","N","SALISBURY","UNK",3,0,50,"US","BU",3.871,"E","E SALISBURY PKWY",90,"F","E",2890,"MU","","WARD ST",38.36729711,-75.59057638,1,0,1,"M",1,3,NA,1,12.88,3,2,62.88,"P",0,NA,0,"",NA,"Y",NA,1,NA,"30-AUG-98","2a692469-b5c9-49cb-9251-4d3ce1d89962","","","","","A"
"DS0391000H",3,16,37,2,88,2,NA,1,88,0,6.01,"10-12-2015","09:50:00","","Y","N","UMCP","UNK",3,88,1,"US","",4.32,"N","BALTIMORE AVE",0,"F","N",3642,"CO","","PAINT BRANCH PKWY",38.98846029,-76.93504572,1,0,1,"F",1,3,NA,3,5,99,1,51,"P",0,NA,0,"",NA,"U",NA,1,NA,"25-JAN-94","e84cd916-12ab-4f81-882a-7d2f5a11e486","MD","C","","",""
"EE0112000J",3,19,123,2,17,0,1,1,3,0,6.01,"11/17/2016","21:06:00","","Y","N","PRINCESSANNE","UNK",3,0,13,"US","",14.14,"N","OCEAN HWY",0,"F","N",362,"MD","","MT VERNON RD",38.21372429,-75.69973826,1,0,1,"M",NA,3,NA,3,4,1,1,51,"P",0,NA,0,"",NA,"N",NA,1,NA,"15-Jun-88","c19d22ac-bdea-469d-b163-73e0762030ec","VA","ID","","",""
"EK58130002",1,21,NA,3,17,2,1,1,1,0,6.01,"05-09-2015","13:15:00","","Y","N","BOONSBORO","UNK",3,3,40,"US","AL",9.967,"E","N MAIN ST",0,"F","E",110,"MU","AL","ORCHARD DR",39.50975964,-77.65389651,1,0,3,"F",1,3,NA,2,5,1,1,51,"P",0,NA,0,"",NA,"",NA,0,NA,"19-MAY-08","14435cad-3a84-4d6e-b3ed-56614dc3064e","","","","","A"
"EK58130002",1,21,NA,3,17,2,1,1,1,0,6.01,"05-09-2015","13:15:00","","Y","N","BOONSBORO","UNK",3,3,40,"US","AL",9.967,"E","N MAIN ST",0,"F","E",110,"MU","AL","ORCHARD DR",39.50975964,-77.65389651,1,0,3,"F",1,4,NA,3,5,1,1,51,"P",0,NA,0,"",NA,"",NA,0,NA,"19-MAR-82","2d33e4fb-8b26-4572-9027-86cd8ef56c3e","WV","","","","A"
"GA00110002",6.02,16,NA,2,88,2,2,1,1,0,6.01,"05-24-2015","22:34:00","","Y","N","COLMAR","UNK",3,0,1,"US","AL",0.69,"N","BLADENSBURG RD",0,"F","N",410,"MU","AL","41ST AVE",38.93635429,-76.94740534,1,0,1,"M",99,3,NA,99,5,99,1,51,"P",0,NA,0,"",NA,"",NA,1,NA,"04-JUL-92","ef1db432-50c8-4f93-878a-695ec28dadf7","","","","","A"
"GPDM57000W",4,22,0,0,88,2,1,1,4,0,6.01,"07-10-2016","20:49:00","","N","N","DELMAR","UNK",3,0,13,"US","",15.72,"N","OCEAN HWY",75,"F","N",528,"CO","","CHESTNUT ST",38.45319382,-75.55872917,1,2,1,"F",3,3,NA,2,6,1,1,52,"P",0,NA,88,"U",NA,"Y",NA,1,NA,"23-JAN-70  00:00:00","6831aae8-87ef-4b9f-bda8-06d474ed381a","MD","","","","A"
"GPDM63000D",3,22,43,2,17,2,2,1,4,0,6.01,"08-15-2015","04:36:00","","Y","N","DELMAR","UNK",3,0,13,"US","",15.89,"N","OCEAN HWY",0,"F","N",0,"UU","","DELAWARE ST/L",38.45549665,-75.55838719,1,0,1,"M",99,5,NA,1,10.88,1,1,51,"P",99,0,99,"A",NA,"U",NA,1,NA,"25-MAY-63","2517ffa8-6b83-42ce-b487-21c2330179c6","MD","ID","","",""
"GS0421000D",1,22,NA,3,17,2,2,1,3,0,6.01,"04-12-2015","17:24:00","","Y","N","FRUITLAND","UNK",3,0,13,"US","BU",2.08,"N","N FRUITLAND BLVD",45,"F","N",195,"MU","BU","E MAIN ST",38.32245505,-75.61930418,1,3,1,"F",1,3,NA,1,6,3,2,52,"P",0,NA,0,"",NA,"",NA,1,NA,"17-APR-04","d461eaaa-9157-47f3-957a-b6e82a98bd0a","","","","",""
"HA24160005",3,15,0,2,88,1,3,1,1,0,3,"09-27-2016","05:41:00","","Y","N","MCPARK","UNK",3,3,29,"US","",1.74,"N","COLESVILLE RD",0,"F","N",7,"GV","","SLIGO CREEK PKWY",39.00761292,-77.02021122,1,0,1,"M",1,3,NA,5,5,2,1,51,"P",0,NA,0,"",NA,"N",NA,26.88,NA,"28-AUG-68  00:00:00","2f5ed632-b301-4c7d-b88d-71c518e2a69e","MD","C","","",""
"HV0098000H",1,16,0,2,8,2,2,1,3,0,6.01,"4/12/2017","17:04:00","","Y","N","UNIVERSITYPARK","UNK",4,0,1,"US","",2.97,"N","BALTIMORE AVE",0,"F","N",150,"MU","","VAN BUREN ST",38.96979672,-76.93834215,1,0,1,"M",1,3,NA,4,8,1,2,53,"P",0,NA,0,"",NA,"N",NA,25.88,NA,"10-Sep-89","6ead2d41-abd5-4978-9f10-5ea05697371a","MD","C","","","A"
"MCP1064003V",1,15,0,2,0,2,1,1,1,0,6.01,"01-29-2016","14:19:00","54112","Y","N","MONTGOMERY","UNK",4,0,29,"US","",0.82,"N","COLESVILLE RD",0,"F","N",97,"MD","","GEORGIA AVE",38.99617833,-77.02912667,1,0,1,"M",1,3,NA,2,9.05,3,2,51,"P",0,NA,0,"",NA,"Y",NA,1,NA,"07-JUL-67","2271b81b-e7c1-41e8-85c4-5eb5c1087f58","","","","","A"
"MCP20460072",1,15,0,2,11,2,1,1,4,0,6.01,"6/22/2017","6:06:00","54142","N","N","MONTGOMERY","UNK",3,0,29,"US","",2.855,"N","COLESVILLE RD",0,"F","N",0,"UU","","CROSSOVER",39.02155333,-77.012305,1,0,1,"M",1,4,NA,99,99,1,1,99,"P",0,NA,0,"",NA,"U",NA,0,NA,"19-Nov-57","4e050450-b70b-4f8b-8b9e-84693b7d1970","","","","","A"