"REPORT_NO","LIGHT_CODE","COUNTY_NO","MUNI_CODE","JUNCTION_CODE","COLLISION_TYPE_CODE","SURF_COND_CODE","LANE_CODE","RD_COND_CODE","RD_DIV_CODE","FIX_OBJ_CODE","WEATHER_CODE","ACC_DATE","ACC_TIME","LOC_CODE","SIGNAL_FLAG","C_M_ZONE_FLAG","AGENCY_CODE","AREA_CODE","HARM_EVENT_CODE1","HARM_EVENT_CODE2","RTE_NO","ROUTE_TYPE_CODE","RTE_SUFFIX","LOG_MILE","LOGMILE_DIR_FLAG","MAINROAD_NAME","DISTANCE","FEET_MILES_FLAG","DISTANCE_DIR_FLAG","REFERENCE_NO","REFERENCE_TYPE_CODE","REFERENCE_SUFFIX","REFERENCE_ROAD_NAME","LATITUDE","LONGITUDE","drv","occ","ped","SEX_CODE","CONDITION_CODE","INJ_SEVER_CODE","OCC_SEAT_POS_CODE","PED_VISIBLE_CODE","PED_LOCATION_CODE","PED_OBEY_CODE","PED_TYPE_CODE","MOVEMENT_CODE","PERSON_TYPE","ALCOHOL_TEST_CODE","ALCOHOL_TESTTYPE_CODE","DRUG_TEST_CODE","DRUG_TESTRESULT_CODE","BAC_CODE","FAULT_FLAG","EQUIP_PROB_CODE","SAF_EQUIP_CODE","EJECT_CODE","DATE_OF_BIRTH","PERSON_ID","LICENSE_STATE_CODE","CLASS","CDL_FLAG","VEHICLE_ID","EMS_UNIT_LABEL"
"MCP23570029",1,15,0,2,2,2,3,1,4,0,6.01,"6/7/2017","10:12:00","54144","Y","N","MONTGOMERY","UNK",3,0,29,"US","",0.61,"N","GEORGIA AVE",0,"F","N",7683,"CO","","BONIFANT ST",38.99361833,-77.02660833,1,0,1,"F",1,3,NA,0,5,2,1,51,"P",0,NA,0,"",NA,"N",NA,1,NA,"23-Oct-50","375929cb-1480-433c-af55-99f607c77cd1","MD","C","","","A"
"MCP2363000K",3,15,0,1,88,2,5,1,4,0,6.01,"10-22-2015","06:01:00","53142","N","N","MONTGOMERY","UNK",3,0,29,"US","",4.5,"N","COLUMBIA PIKE",150,"F","N",7490,"CO","","OAK LEAF DR",39.04073629,-76.99623227,1,0,1,"F",1,5,NA,3,88,1,1,88,"P",0,NA,0,"",NA,"U",NA,1,NA,"02-AUG-97","c90c839c-9739-490e-a008-5a22654de14e","MD","","","",""
"MCP2405000B",1,15,NA,2,11,2,1,1,0,0,6.01,"05-27-2015","15:03:00","45112","Y","N","MONTGOMERY","UNK",4,0,29,"US","",0.33,"N","GEORGIA AVE",0,"F","N",NA,"UU","","STRUC #15078",38.98887725,-77.02685237,1,0,1,"M",1,3,NA,2,5,1,2,51,"P",0,NA,0,"",NA,"",NA,21,NA,"21-JAN-77","262591ae-b112-4046-a80a-1365d56fc58b","MD","","","","A"
"MCP24750011",1,15,0,2,11,2,1,1,4,0,6.01,"06-10-2016","15:50:00","54112","Y","N","MONTGOMERY","UNK",5,0,29,"US","",2.85,"N","COLESVILLE RD",0,"F","N",701,"CO","","TIMBERWOOD AVE",39.02163432,-77.01216459,1,0,1,"M",1,3,NA,3,4,1,2,51,"P",0,NA,0,"",NA,"Y",NA,21,NA,"25-DEC-91","ab616e78-5f3c-416c-b0c0-77821ec272ec","","","","","A"
"MCP2492000F",3,15,0,2,88,2,1,1,4,0,6.01,"11-02-2015","22:20:00","54122","Y","N","MONTGOMERY","UNK",3,0,29,"US","",6.38,"N","COLUMBIA PIKE",0,"F","N",2963,"CO","","TECH RD",39.05782952,-76.96838826,1,0,1,"M",99,4,NA,2,5,99,1,51,"P",0,NA,0,"",NA,"U",NA,1,NA,"20-SEP-98","80ee11e2-e538-4372-b684-55358a9e733c","","","","","A"
"MCP2492000S",3,15,0,2,88,2,2,1,1,0,6.01,"3/4/2017","2:27:00","53122","Y","N","MONTGOMERY","UNK",3,0,29,"US","",0.93,"N","COLESVILLE RD",0,"F","N",629,"CO","","FENTON ST",38.99764432,-77.02704012,1,0,1,"M",99,5,NA,2,5,1,1,51,"P",0,NA,0,"",NA,"U",NA,1,NA,"8-Dec-67","ad9da68a-22d8-4df7-a599-43e66ad9d28f","DC","ID","","","A"
"MCP2534000M",3,15,NA,2,17,2,2,1,4,0,6.01,"04-23-2015","03:20:00","54112","Y","N","MONTGOMERY","UNK",3,0,29,"US","",2.72,"N","COLESVILLE RD",0,"F","N",193,"MD","","UNIVERSITY BLVD E",39.020365,-77.01277,1,0,1,"M",1,4,NA,4,9.05,3,1,51,"P",0,NA,0,"",NA,"",NA,0,NA,"19-AUG-69","1a4b4494-92c9-4509-bb99-32930bcf3b41","MD","C","","","A"
"MCP2597001D",3,15,NA,1,11,2,1,1,1,0,6.01,"03-28-2015","20:20:00","54114","N","N","MONTGOMERY","UNK",3,0,29,"US","",0.93,"N","COLESVILLE RD",100,"F","N",629,"CO","","FENTON ST",38.99732434,-77.02731371,1,0,1,"F",2,3,NA,2,6,1,1,52,"P",0,NA,0,"",NA,"",NA,1,NA,"13-JAN-70","a8bd8f2b-4b69-4cad-9fda-49db8570354f","MD","C","","","A"
"MCP2695000J",1,15,0,9.04,17,2,1,1,1,0,6.01,"05-16-2016","14:43:00","54122","N","N","MONTGOMERY","UNK",3,0,29,"US","",7.25,"N","COLUMBIA PIKE",0,"F","N",101,"CO","","MUSGROVE RD",39.06766051,-76.95820525,1,0,1,"F",1,3,NA,3,11.05,0,1,56,"P",0,NA,0,"",NA,"N",NA,1,NA,"25-MAR-54","301c1a61-5816-46f8-a25b-ee83f8a967c8","MD","B","","",""
"MCP2717001F",4,15,NA,1,88,1,3,1,4,0,3,"06-18-2015","01:18:00","54144","N","N","MONTGOMERY","UNK",3,0,29,"US","",5.11,"N","COLUMBIA PIKE",0,"M","N",112,"CO","","STEWART LA",39.04839167,-76.98383333,1,1,1,"M",2,3,NA,3,6,1,1,99,"P",0,2,0,"",0.23,"",NA,1,NA,"24-OCT-74","5d1468b5-c307-4909-8a3d-2c5fa5f93c20","MD","","","","A"
"MCP28120017",1,15,NA,0,17,2,3,1,1,0,6.01,"06-28-2015","12:13:00","","N","N","MONTGOMERY","UNK",3,0,29,"US","",1.04,"N","COLESVILLE RD",100,"F","N",598,"CO","","SPRING ST",38.99976333,-77.02590333,1,0,1,"F",1,3,NA,0,5,1,1,52,"P",0,NA,0,"",NA,"",NA,0,NA,"17-NOV-88","ec6f394a-3eb5-486d-ad93-1971c2ba2fd1","","","","",""
"MCP28670019",1,15,NA,2,88,2,2,1,4,0,6.01,"05-15-2015","14:52:00","54144","Y","N","MONTGOMERY","UNK",3,0,29,"US","",2.72,"N","COLESVILLE RD",0,"F","N",193,"MD","","UNIVERSITY BLVD E",39.02033333,-77.01328667,1,1,1,"M",1,3,NA,99,5,2,1,51,"P",0,NA,0,"",NA,"",NA,0,NA,"26-MAY-98","a4128c5d-74cc-40fb-aff4-d7603639885b","","","","","A"
"MCP2867002L",1,15,0,1,88,2,4,1,4,0,6.01,"08-06-2016","08:17:00","5414-2","N","N","MONTGOMERY","UNK",3,0,29,"US","",2.72,"N","COLESVILLE RD",50,"F","S",193,"MD","","UNIVERSITY BLVD E",39.02016624,-77.0127064,1,1,1,"M",1,3,NA,3,3,0,2,63.88,"P",0,NA,0,"",NA,"Y",NA,1,NA,"17-JUL-92  00:00:00","0088fe1a-ad33-4d5f-973f-60d132a9e711","MD","","","","A"
"MCP2870000Y",1,15,0,2,11,2,1,1,1,0,6.01,"08-08-2015","19:24:00","54114","Y","N","MONTGOMERY","UNK",4,0,29,"US","",1.74,"N","COLESVILLE RD",0,"F","N",7,"GV","","SLIGO CREEK PKWY",39.00747333,-77.02022167,1,1,1,"F",1,3,NA,1,9.05,2,2,51,"P",0,NA,0,"",NA,"N",NA,21,NA,"14-MAR-60","4afc97ae-4d8a-4311-aa2d-f5bff5bcbed8","MD","","","",""
"MCP29080012",1,15,0,2,11,2,NA,1,4,0,0,"07-31-2015","09:39:00","54142","Y","N","MONTGOMERY","UNK",4,1,29,"US","",2.19,"N","COLESVILLE RD",0,"F","N",911,"CO","","HASTINGS DR",39.013495,-77.01665167,1,0,2,"M",1,3,NA,3,5,1,2,51,"P",0,NA,0,"",NA,"N",NA,21,NA,"25-MAY-75","83aa1b5e-7850-4af6-88ee-6c7d7ea48870","","","","","A"
"MCP29190027",1,15,0,0,88,2,1,1,4,0,7.01,"12/16/2016","14:22:00","54114","N","N","MONTGOMERY","UNK",3,1,29,"US","",0.67,"N","GEORGIA AVE",259,"F","S",668,"CO","","WAYNE AVE",38.99502667,-77.02572667,1,0,1,"F",1,4,NA,0,5,0,1,51,"P",0,NA,0,"",NA,"N",NA,0,NA,"20-Nov-92","51e6f444-cf01-407d-b729-a5ce2b6cef68","MD","C","","","A"
"MCP2928001Q",3,15,0,1,17,1,1,1,1,88,3,"5/4/2017","22:07:00","54142","N","N","MONTGOMERY","UNK",3,0,29,"US","",0,"N","GEORGIA AVE",30,"F","N",7067,"CO","","BLAIR RD",38.98448341,-77.0261094,1,0,1,"M",2,3,NA,2,88,1,1,52,"P",0,NA,0,"",NA,"Y",NA,1,NA,"6-Dec-84","0939c8a3-8fa4-4108-9340-a243c6401b53","MD","C","","","A"
"MCP29320012",3,15,0,2,88,0,2,1,4,0,6.01,"09-18-2016","02:21:00","54144","N","N","MONTGOMERY","UNK",3,0,29,"US","",0.55,"N","GEORGIA AVE",0,"F","N",665,"CO","","RIPLEY ST",38.99259167,-77.02651333,1,0,1,"M",2,4,NA,1,6,1,1,51,"P",0,NA,0,"",NA,"Y",NA,1,NA,"06-APR-84  00:00:00","d888cfd0-6f71-4a2c-a8c2-04491cae17a4","MD","C","","","A"
"MCP2963000X",1,15,0,0,17,4,1,1,4,0,12.04,"12/17/2016","13:42:00","","Y","N","MONTGOMERY","UNK",3,0,29,"US","",0.58,"N","GEORGIA AVE",NA,"F","N",636,"CO","","THAYER AVE",38.99273333,-77.026605,1,0,1,"F",1,3,NA,2,5,2,1,51,"P",0,NA,0,"",NA,"N",NA,0,NA,"28-Aug-77","57d179fb-2bc3-4981-a27c-b14ca803d05a","","","","","A"
"MCP3008000F",1,15,0,3,3,2,3,1,1,0,6.01,"03-23-2016","17:13:00","54114","N","N","MONTGOMERY","UNK",4,0,29,"US","",0,"N","GEORGIA AVE",0,"F","S",7067,"CO","","BLAIR RD",38.98898833,-77.02691667,1,0,1,"F",1,3,NA,1,1,2,2,53,"P",0,NA,0,"",NA,"N",NA,21,NA,"25-JUN-92","07980b56-fc4b-4e52-89ce-d0e291747461","","","","","A"
"MDTA1349000B",6.02,2,0,1,3,2,NA,1,4,0,6.01,"03-01-2016","18:27:00","","N","N","MDTA","UNK",1,0,50,"US","",15.27,"E","BLUE STAR MEMORIAL HWY",NA,"M","E",0,"UU","","EXIT #30 WHITEHALL RD",39.02430157,-76.43145561,1,0,3,"M",1,3,NA,3,1,1,1,56,"P",0,NA,0,"",NA,"N",NA,0,NA,"19-AUG-84","90cc4427-ece0-4521-8cd3-4cc29e640b68","MD","C","","","C"
"MDTA1349000B",6.02,2,0,1,3,2,NA,1,4,0,6.01,"03-01-2016","18:27:00","","N","N","MDTA","UNK",1,0,50,"US","",15.27,"E","BLUE STAR MEMORIAL HWY",NA,"M","E",0,"UU","","EXIT #30 WHITEHALL RD",39.02430157,-76.43145561,1,0,3,"M",1,4,NA,1,1,1,1,56,"P",0,NA,0,"",NA,"N",NA,88,NA,"16-JUL-74","650b3066-3b2d-4611-945a-cf8d55ceac2b","MD","C","","","B"
"MSP2387002Q",1,1,0,1,17,2,NA,1,1,0,6.01,"12/26/2016","15:40:00","","N","N","MSP","UNK",3,0,220,"US","",13.17,"N","MCMULLEN HWY",NA,"M","N",364,"OP","","CEDARWOOD DR",39.58392857,-78.8439846,1,0,1,"M",4,3,NA,0,0,88,88,0,"P",0,NA,0,"",NA,"N",NA,0,NA,"18-Aug-73","64e74460-5ac5-4762-940f-3c34735135b2","MD","C","","","A"
"MSP4773005F",1,16,0,1,88,2,2,1,4,0,6.01,"3/28/2017","19:25:00","","Y","N","MSP","UNK",3,2,301,"US","",18.82,"N","CRAIN HWY",150,"F","N",4639,"CO","","TRADE ZONE AVE",38.88071897,-76.720469,4,0,1,"M",1,5,NA,1,88,0,88,56,"P",0,NA,0,"",NA,"U",NA,0,NA,"7-Nov-37","42956efc-29c8-447a-ae08-89dff2d64365","","","","",""
"MSP5037000M",4,12,0,1,17,2,1,1,1,0,6.01,"02-19-2016","22:20:00","","N","N","MSP","UNK",3,0,1,"US","",13.74,"N","CONOWINGO RD",200,"F","S",0,"UU","","QUEENS CASTLE CT",39.630611,-76.276647,1,0,1,"F",99,5,NA,0,6,1,1,88,"P",0,0,0,"",NA,"Y",NA,1,NA,"01-APR-58","f44cb713-99a5-4d38-8613-8ea1e66cd1e7","MD","","","","A"
"MSP5351001J",4,17,0,1,17,2,1,1,3,0,0,"09-16-2016","23:06:00","","N","N","MSP","UNK",3,0,301,"US","",30.11,"N","BLUE STAR MEMORIAL HWY",NA,"M","N",302,"MD","","BARCLAY RD",39.138228,-75.927892,1,2,1,"M",2,5,NA,3,6,0,1,53,"P",0,NA,0,"",NA,"Y",NA,1,NA,"23-AUG-96  00:00:00","2c60b54f-d3ac-4553-aa65-824045a7ba34","TX","ID","","","A"
"MSP5364004B",3,12,0,2,88,2,2,1,1,0,6.01,"04-09-2016","04:35:00","","N","N","MSP","UNK",3,0,1,"US","",1.61,"N","BELAIR RD",0,"F","N",100,"OP","","NILLES RD",39.4948282,-76.3911354,1,0,1,"M",2,5,NA,2,2,0,1,53,"P",88,2,88,"",NA,"Y",NA,1,NA,"15-SEP-50","74454432-efa5-4341-b5d5-2ec573772cd5","","","","","A"
"MSP55160038",4,1,0,1,17,2,1,5,1,0,6.01,"09-23-2015","06:36:00","","N","Y","MSP","UNK",3,0,40,"US","AL",5.96,"E","NATIONAL PIKE",NA,"M","W",279,"CO","","RED HILL RD",39.63960383,-78.8556995,1,0,1,"F",10.03,3,NA,2,88,0,1,53,"P",0,NA,0,"",NA,"Y",NA,1,NA,"14-OCT-87","191a54c3-b5df-4340-be64-fece41dcb20e","MD","","","","A"
"MSP5555000J",4,17,0,1,17,1,NA,1,4,23.03,7.01,"07-26-2016","01:13:00","","N","N","MSP","UNK",3,9,301,"US","",21.43,"N","BLUE STAR MEMORIAL HWY",NA,"M","N",0,"UU","","R/R #MDDE 526 382 D",39.04261954,-76.01220757,1,0,1,"M",1,4,NA,2,12.88,0,1,88,"P",0,NA,0,"",NA,"N",NA,1,NA,"15-DEC-78  00:00:00","a49f23b6-9ea5-439c-9766-d5b4d884e3ae","MD","C","","","A"
"MSP5669007Q",1,16,0,9.04,11,2,NA,1,0,0,6.01,"08-11-2016","14:41:00","","N","N","MSP","UNK",3,0,1,"US","",7.14,"N","BALTIMORE AVE",50,"F","N",0,"UU","","ENT TO BUSINESS",39.02635833,-76.91939333,1,0,1,"M",1,3,NA,2,3,1,2,63.88,"P",0,NA,0,"",NA,"N",NA,1,NA,"29-NOV-90  00:00:00","1235867a-8286-4da5-af97-8b86367b401e","MD","C","","","A"
"MSP57500029",4,8,0,0,88,2,3,1,4,0,6.01,"08-23-2015","01:17:00","","N","N","MSP","UNK",3,0,301,"US","",26.04,"N","CRAIN HWY",NA,"M","S",5,"MD","K","MATTAWOMAN DR",38.6525892,-76.88077927,1,0,1,"M",2,4,NA,3,88,1,1,52,"P",0,NA,0,"",NA,"Y",NA,1,NA,"25-JUL-81","cec18dd6-4352-44b0-bd7f-2f17335e2a5c","MD","ID","","","A"
"MSP5750002F",4,8,0,2,88,1,1,1,4,0,7.01,"10-01-2015","19:58:00","","N","N","MSP","UNK",3,0,301,"US","",24.01,"N","CRAIN HWY",0,"F","N",472,"CO","","VERNON RD",38.63418731,-76.90235496,1,0,1,"M",99,4,NA,99,6,1,1,52,"P",0,NA,0,"",NA,"Y",NA,1,NA,"17-SEP-77","06545e0f-f7d3-41ec-813b-b355845b5973","","NONE ","","","A"
"MSP5790000W",1,11,NA,1,17,2,NA,1,1,0,0,"06-24-2015","16:50:00","","N","N","MSP","UNK",3,0,219,"US","",30.44,"N","GARRETT HWY",150,"F","N",190,"MU","","INDUSTRIAL PARK DR",39.6236845,-79.32262783,1,0,2,"M",1,3,NA,1,1,1,1,53,"P",0,NA,0,"",NA,"",NA,1,NA,"16-JUL-14","b6be8f19-f2bb-4f43-aeed-0b39feccb424","","","","","A"
"MSP5790000W",1,11,NA,1,17,2,NA,1,1,0,0,"06-24-2015","16:50:00","","N","N","MSP","UNK",3,0,219,"US","",30.44,"N","GARRETT HWY",150,"F","N",190,"MU","","INDUSTRIAL PARK DR",39.6236845,-79.32262783,1,0,2,"M",1,5,NA,1,1,1,1,53,"P",0,NA,0,"",NA,"",NA,1,NA,"02-JAN-89","5a491b52-e839-45bd-856f-507bd127a788","","","","","B"
"MSP5862005T",4,8,0,1,17,2,NA,1,1,0,6.01,"10/23/2016","19:59:00","","N","N","MSP","UNK",3,0,301,"US","",16.64,"N","CRAIN HWY",NA,"M","S",114,"CO","","ROSEWICK RD",38.552589,-76.985774,1,0,1,"F",1,5,NA,2,88,1,1,53,"P",0,NA,0,"",NA,"Y",NA,1,NA,"13-Nov-69","415983b9-63c3-4fba-960a-10c4a4f7ff5d","MD","C","","","A"
"MSP5910005B",4,10,0,1,88,2,2,1,4,0,6.01,"06-26-2016","04:39:00","","N","N","MSP","UNK",3,0,15,"US","",27.78,"N","CATOCTIN MOUNTAIN HWY",0,"F","S",0,"UU","","MILE MARKER 28.0",39.614709,-77.420199,1,0,1,"F",0,5,NA,5,1,0,1,88,"P",0,NA,0,"",NA,"Y",NA,0,NA,"15-AUG-66","239ef24e-c242-40ce-9afa-fa0fe772a399","MD","C","","",""
"MSP5935003N",1,16,0,3,0,2,1,1,1,0,6.01,"12/22/2016","13:30:00","","Y","N","MSP","UNK",3,0,1,"US","",7.37,"N","BALTIMORE AVE",40,"F","S",19,"CO","","MONTGOMERY RD",39.028536,-76.916929,1,0,1,"M",1,3,NA,2,6,3,1,52,"P",0,NA,0,"",NA,"Y",NA,0,NA,"27-Nov-78","8f41f211-b14e-42d8-a6cb-7e227d7bffcf","MD","C","","","A"
"MSP5948002W",4,12,0,1,17,2,2,1,4,0,6.01,"09-02-2015","23:05:00","","N","N","MSP","UNK",3,0,40,"US","",1.54,"E","PULASKI HWY",200,"F","W",538,"CO","","PINE RD",39.4301575,-76.3477035,1,0,1,"M",1,5,NA,2,6,1,1,52,"P",0,NA,0,"",NA,"Y",NA,1,NA,"24-FEB-88","5a876b2e-183e-4891-a0a9-d903bc327f16","MD","ID","","",""
"MSP5960005M",1,12,0,1,17,2,NA,1,4,0,6.01,"03-01-2016","13:22:00","00","N","Y","MSP","UNK",3,0,1,"US","",5.35,"N","BELAIR BYPASS",NA,"M","S",1580,"CO","","VALE RD",39.554984,-76.367185,1,0,1,"M",1,3,NA,4,1,0,1,59,"P",0,NA,0,"",NA,"N",NA,25.88,NA,"22-FEB-56","975c2bde-b00a-4830-98b7-9a6b56baf466","MD","C","","","A"
"MSP5969001Y",4,20,0,1,3,2,2,1,4,0,6.01,"07-23-2016","23:04:00","","N","N","MSP","UNK",1,1,50,"US","",13.99,"E","OCEAN GATEWAY",900,"F","W",0,"UU","","MD 322 (SB/L)",38.737,-76.068,2,6,1,"M",1,4,NA,1,1,1,1,58,"P",0,NA,0,"",NA,"N",NA,0,NA,"02-JAN-88  00:00:00","bbb3eebf-f02c-4694-8150-f2673db0ae2a","MD","ID","","","A"
"MSP5979001R",4,22,0,1,17,2,1,1,4,0,6.01,"09-18-2015","05:49:00","","N","N","MSP","UNK",3,0,50,"US","BU",2.008,"E","OCEAN GATEWAY",146,"F","E",549,"CO","","BOOTH ST",38.375809,-75.617612,1,1,1,"M",99,5,NA,3,6,1,1,52,"P",0,NA,0,"",NA,"Y",NA,1,NA,"15-OCT-52","03af8713-ea25-4aea-b162-15946678cc64","","","","","A"
"MSP5980001K",1,7,0,1,88,2,NA,1,4,0,0,"07-23-2015","16:30:00","","N","N","MSP","UNK",1,3,40,"US","",11.38,"E","PULASKI HWY",NA,"M","W",0,"UU","","EPHRATA AVE",39.609735,-75.884035,1,0,1,"M",NA,3,NA,99,1,0,1,56,"P",0,NA,0,"",NA,"N",NA,99,NA,"03-JUN-90","35ac4080-d072-4cf3-8310-5141e62705cd","DE","","","","B"
"MSP6005000V",1,7,0,2,88,2,NA,1,4,0,0,"08-03-2015","08:37:00","","N","N","MSP","UNK",3,0,40,"US","",10.03,"E","PULASKI HWY",0,"F","E",0,"UU","","WILDERNESS RD",39.61121733,-75.91276717,1,0,1,"M",1,3,NA,2,1,0,1,51,"P",0,NA,0,"",NA,"Y",NA,1,NA,"09-MAR-66","2906320d-710d-4985-b432-d1c61365beb4","MD","C","","","A"
"MSP603300F6",3,12,0,1,17,2,2,1,1,0,6.01,"05-08-2016","21:22:00","","N","N","MSP","UNK",3,0,1,"US","",1.35,"N","BELAIR RD",500,"F","N",152,"MD","","MOUNTAIN RD",39.49343305,-76.39301443,1,0,1,"M",1,3,NA,3,2,1,1,55,"P",0,NA,0,"",NA,"Y",NA,1,NA,"15-OCT-05","ad69d023-2445-4ffd-85cb-379ab039b40c","","","","","A"
"MSP6041008J",3,16,0,1,17,2,2,1,3,0,0,"10/4/2016","19:36:00","","N","N","MSP","UNK",3,0,1,"US","",12.32,"N","BALTIMORE AVE",20,"F","S",1017,"CO","","LINDENDALE DR",39.08479583,-76.86206467,1,0,1,"F",99,5,NA,2,6,1,1,56,"P",0,NA,0,"",NA,"Y",NA,1,NA,"4-Sep-42","92be5f38-b049-4f3f-9091-24d4bd44203a","","","","","A"
"MSP6049009R",4,12,0,3,88,2,1,1,4,0,0,"08-07-2015","21:25:00","","Y","N","MSP","UNK",3,3,40,"US","",10.71,"E","S PHILADELPHIA BLVD",0,"M","E",7,"MD","","OLD PHILADELPHIA RD",39.48854063,-76.19705337,2,0,1,"F",0,5,NA,2,6,1,1,51,"P",0,NA,0,"",NA,"Y",NA,1,NA,"30-OCT-65","d8c0831a-4229-4959-a5e2-b4e7d3fecff2","MD","C","","",""
"MSP6051005T",7.88,12,0,1,17,1,NA,1,4,0,2,"1/22/2017","0:32:00","","N","N","MSP","UNK",3,3,40,"US","",0,"E","PULASKI HWY",0,"M","W",0,"UU","","BALTIMORE CO/L",39.2528,-76.2239,1,0,2,"M",1,3,NA,3,1,1,1,53,"P",0,NA,0,"",NA,"N",NA,1,NA,"24-Jan-67","f1159877-d0e0-42f4-8791-640c0fcc5829","","","","","A"
"MSP6063005X",4,12,0,1,3,2,2,1,4,0,7.01,"10/1/2016","2:15:00","","N","N","MSP","UNK",4,0,40,"US","",14.86,"E","PULASKI HWY",NA,"M","E",132,"MD","B","OAKINGTON RD",39.52940297,-76.1277519,1,0,1,"M",1,5,NA,2,6,1,2,53,"P",0,NA,0,"",NA,"Y",NA,1,NA,"13-Sep-99","2687d35a-3ab6-4d19-a0dc-551ec925c0da","","","","","A"
"MSP6139008C",3,16,0,2,88,2,2,0,3,0,0,"2/19/2017","19:36:00","","N","N","MSP","UNK",3,88,1,"US","",12.12,"N","BALTIMORE AVE",0,"F","N",1020,"CO","","CYPRESS ST",39.08228369,-76.86361112,1,0,1,"M",99,5,NA,3,9.05,3,1,51,"P",0,NA,0,"",NA,"Y",NA,1,NA,"28-Feb-00","e5282a02-e68b-4ef5-bbb7-6243ad009c8b","","","","","A"
"MSP61620043",7.88,8,0,1,88,2,2,1,4,0,6.01,"03-23-2016","23:26:00","","N","N","MSP","UNK",3,0,301,"US","",23.88,"N","CRAIN HWY",NA,"M","N",59,"CO","","HOLLY LA",38.63371693,-76.90333396,1,0,1,"M",1,4,NA,3,6,1,1,52,"P",0,NA,0,"",NA,"Y",NA,1,NA,"30-JAN-97","a1d451f4-f407-4313-a7fe-fca01aa20852","","","","","A"
"MSP61650047",4,16,NA,1,88,2,NA,1,3,0,6.01,"01-31-2015","21:00:00","00","N","N","MSP","UNK",3,0,301,"US","",7.57,"N","CRAIN HWY",0,"M","N",4252,"CO","","RHODENDA PL",38.75174767,-76.8133285,1,0,1,"M",1,4,NA,2,1,1,1,53,"P",0,NA,0,"",NA,"",NA,1,NA,"17-FEB-93","795e8d3d-4a26-4088-8403-382ad731b37f","MD","","","","A"
"MSP61650067",4,16,0,2,88,1,1,1,3,0,3,"10-28-2015","07:02:00","00","Y","N","MSP","UNK",3,0,301,"US","",1.17,"N","CRAIN HWY",0,"F","N",6554,"CO","","CHADDS FORD DR",38.67469687,-76.87592193,1,0,1,"F",99,5,NA,2,6,1,1,51,"P",0,NA,0,"",NA,"Y",NA,1,NA,"09-MAY-85","8c3f2162-6552-4c95-b5bf-52315691ea7f","MD","LRNR","","","A"
"MSP61850020",4,20,0,1,17,2,2,1,4,0,6.01,"02-13-2016","21:41:00","","N","N","MSP","UNK",3,0,50,"US","",1.56,"E","OCEAN GATEWAY",500,"F","E",0,"UU","","MILE MARKER 55.0",38.91335908,-76.06212616,1,1,1,"M",2,5,NA,2,6,0,1,52,"P",99,99,0,"A",NA,"Y",NA,1,NA,"28-JAN-82","7ee59ba0-f68d-4694-82de-7540e9527642","","","","","A"
"MSP61870025",4,7,0,2,88,2,1,1,4,0,6.01,"01-18-2016","18:16:00","","N","N","MSP","UNK",3,0,40,"US","",16.33,"E","PULASKI HWY",0,"F","E",213,"CO","","MALONEY RD",39.60165333,-75.80188133,1,0,1,"F",0,5,NA,2,6,1,1,52,"P",0,NA,0,"",NA,"Y",NA,1,NA,"17-MAY-80","d6fd86da-e304-4707-91d3-f14dcec926c6","MD","C","","",""
"MSP6278003V",4,16,NA,1,88,1,2,1,1,0,3,"03-14-2015","04:00:00","","N","N","MSP","UNK",3,0,1,"US","",9.87,"N","BALTIMORE AVE",200,"F","N",212,"MD","","RITZ WAY",39.0276075,-76.91707033,1,0,1,"M",1,4,NA,3,6,0,1,54,"P",0,NA,0,"",NA,"",NA,1,NA,"15-AUG-94","d52b5fd8-aff9-4335-a510-3876b664a8d3","MD","C","","","A"
"MSP62780095",6.02,16,0,1,88,1,NA,1,5.01,0,6.01,"11/15/2016","7:16:00","","N","N","MSP","UNK",3,0,1,"US","",7.11,"N","BALTIMORE AVE",100,"F","N",20,"CO","","SUNNYSIDE AVE",39.02753667,-76.91769417,1,0,1,"F",1,4,NA,2,6,1,1,52,"P",0,NA,0,"",NA,"Y",NA,1,NA,"21-Oct-74","d0702991-fba2-4701-985c-98fe4a35f617","MD","C","","","A"