"REPORT_NO","LIGHT_CODE","COUNTY_NO","MUNI_CODE","JUNCTION_CODE","COLLISION_TYPE_CODE","SURF_COND_CODE","LANE_CODE","RD_COND_CODE","RD_DIV_CODE","FIX_OBJ_CODE","WEATHER_CODE","ACC_DATE","ACC_TIME","LOC_CODE","SIGNAL_FLAG","C_M_ZONE_FLAG","AGENCY_CODE","AREA_CODE","HARM_EVENT_CODE1","HARM_EVENT_CODE2","RTE_NO","ROUTE_TYPE_CODE","RTE_SUFFIX","LOG_MILE","LOGMILE_DIR_FLAG","MAINROAD_NAME","DISTANCE","FEET_MILES_FLAG","DISTANCE_DIR_FLAG","REFERENCE_NO","REFERENCE_TYPE_CODE","REFERENCE_SUFFIX","REFERENCE_ROAD_NAME","LATITUDE","LONGITUDE","drv","occ","ped","SEX_CODE","CONDITION_CODE","INJ_SEVER_CODE","OCC_SEAT_POS_CODE","PED_VISIBLE_CODE","PED_LOCATION_CODE","PED_OBEY_CODE","PED_TYPE_CODE","MOVEMENT_CODE","PERSON_TYPE","ALCOHOL_TEST_CODE","ALCOHOL_TESTTYPE_CODE","DRUG_TEST_CODE","DRUG_TESTRESULT_CODE","BAC_CODE","FAULT_FLAG","EQUIP_PROB_CODE","SAF_EQUIP_CODE","EJECT_CODE","DATE_OF_BIRTH","PERSON_ID","LICENSE_STATE_CODE","CLASS","CDL_FLAG","VEHICLE_ID","EMS_UNIT_LABEL"
"MSP6309002K",3,16,0,1,88,4,2,0,1,0,8.04,"01-21-2016","00:28:00","","N","N","MSP","UNK",3,0,1,"US","",8.67,"N","BALTIMORE AVE",25,"F","N",2173,"CO","","NAPLES AVE",39.04353615,-76.90300941,1,0,1,"M",99,5,NA,2,6,0,1,52,"P",0,NA,0,"",NA,"Y",NA,0,NA,"06-JUN-64","9d843088-6c30-4794-b6eb-9376028da09d","MD","","","",""
"MSP6328006D",1,8,0,2,17,2,NA,1,4,0,0,"10/5/2016","13:51:00","","Y","N","MSP","UNK",3,0,301,"US","",24.46,"N","CRAIN HWY",0,"F","N",57,"CO","","ACTON LA",38.6402605,-76.89712267,1,0,1,"F",1,3,NA,3,12.88,1,1,52,"P",0,NA,0,"",NA,"Y",NA,0,NA,"12-Sep-84","509ba28c-03da-49e9-afe7-7d0401d87b2a","MD","NON","","","A"
"MSP6328008Y",1,8,0,1,88,2,NA,1,4,0,6.01,"6/11/2017","7:40:00","","N","N","MSP","UNK",3,0,301,"US","",11.9,"N","CRAIN HWY",150,"F","S",535,"CO","","PREFERENCE DR",38.48737004,-76.98794,1,1,1,"M",1,3,NA,1,1,1,1,56,"P",0,NA,0,"",NA,"N",NA,0,NA,"1-Oct-73","7c833013-9b3e-4b44-a750-55ae20ea8479","MD","C","","","A"
"MSP6355005N",4,16,0,1,88,2,1,1,4,0,6.01,"01-03-2016","20:03:00","","N","N","MSP","UNK",3,0,301,"US","",4.08,"N","CRAIN HWY",100,"F","N",166,"CO","","MISSOURI AVE",38.84007598,-76.87349615,1,0,1,"M",2,3,NA,2,6,1,1,53,"P",0,NA,0,"",NA,"Y",NA,1,NA,"01-DEC-54","a7f866ff-3b72-40fa-8470-196f54859b38","DC","","","","A"
"MSP6355006H",0,16,0,2,88,2,1,1,2,0,6.01,"04-02-2016","06:05:00","","N","N","MSP","UNK",3,0,301,"US","",20.53,"N","CRAIN HWY",0,"F","N",2131,"MU","","PENNSBURY DR",38.90506215,-76.71939093,1,0,2,"F",1,3,NA,2,10.88,1,1,54,"P",0,NA,0,"",NA,"N",NA,1,NA,"01-AUG-77","970a16ac-8f64-47c0-ae01-a4aaca820aa2","WV","C","","","A"
"MSP6355006H",0,16,0,2,88,2,1,1,2,0,6.01,"04-02-2016","06:05:00","","N","N","MSP","UNK",3,0,301,"US","",20.53,"N","CRAIN HWY",0,"F","N",2131,"MU","","PENNSBURY DR",38.90506215,-76.71939093,1,0,2,"M",1,3,NA,2,10.88,1,1,54,"P",0,NA,0,"",NA,"N",NA,1,NA,"01-SEP-83","7880c15e-221f-49a4-a3fb-11af0da37d1b","PA","C","","","A"
"MSP6368002D",1,8,NA,1,88,2,NA,1,3,0,6.01,"04-26-2015","15:15:00","","N","N","MSP","UNK",3,0,301,"US","",23.31,"N","CRAIN HWY",120,"F","N",228,"MD","","BERRY RD",38.62708333,-76.910006,1,0,1,"M",1,4,NA,3,6,1,1,52,"P",0,NA,0,"",NA,"",NA,0,NA,"27-FEB-98","f7cc9e7d-60d8-4f5c-a527-952360b5bf29","","ID","","","A"
"MSP6493003H",4,8,0,1,17,2,2,1,4,0,6.01,"08-10-2016","03:38:00","","N","N","MSP","UNK",3,0,301,"US","",9.9,"N","CRAIN HWY",NA,"M","S",185,"CO","","BEL ALTON NEWTOWN RD",38.46145833,-76.98903967,1,3,1,"M",2,4,NA,2,6,1,1,52,"P",0,NA,0,"",NA,"Y",NA,1,NA,"06-JUN-68  00:00:00","ef2106aa-9996-4845-9279-ae9dae106318","MD","","","","A"
"MSP64930044",4,8,0,1,11,2,1,1,4,0,0,"10/23/2016","21:52:00","NONE","N","N","MSP","UNK",4,0,301,"US","",25.74,"N","CRAIN HWY",NA,"M","S",301,"US","C","SUB STATION RD",38.65097734,-76.88311815,1,0,1,"M",2,5,NA,2,6,0,2,52,"P",0,NA,0,"",NA,"Y",NA,1,NA,"6-Oct-72","9f51ea31-f56c-4063-98d8-743e6608db47","MD","ID","","",""
"MSP65080009",4,8,0,1,88,2,3,1,4,0,6.01,"08-27-2015","22:27:00","","N","N","MSP","UNK",3,1,301,"US","",26.26,"N","CRAIN HWY",50,"F","N",5,"MD","","MATTAWOMAN BEANTOWN RD",38.65816917,-76.87434196,2,0,1,"M",99,5,NA,2,6,1,1,54,"P",0,NA,0,"",NA,"Y",NA,1,NA,"17-MAR-64","62132bf6-61ac-4b79-a1b9-65b6b5b5b7b7","MD","C","","",""
"MSP6534003T",3,8,0,1,88,2,2,1,1,5,6.01,"3/28/2017","19:30:00","","N","N","MSP","UNK",9,3,301,"US","",20.77,"N","CRAIN HWY",600,"F","N",925,"MD","A","BILLINGSLEY RD",38.59818269,-76.93765283,1,0,1,"M",0,5,NA,0,1,0,1,53,"P",0,NA,0,"",NA,"N",NA,1,NA,"19-Aug-81","76882e75-42c9-4adb-bf2c-f425190a72b5","MD","C","","",""
"MSP6684000M",1,7,0,0,88,2,1,1,4,0,0,"07-08-2016","10:56:00","","N","N","MSP","UNK",3,0,40,"US","",11.122,"E","PULASKI HWY",0,"F","E",0,"UU","","PINE HILL DR",39.60969295,-75.89629322,1,0,1,"M",1,4,NA,1,1,1,1,52,"P",0,NA,0,"",NA,"Y",NA,0,NA,"15-MAR-61  00:00:00","4de80a78-a2aa-4920-9f4c-a3df14ead1f4","","C","","","A"
"MSP6684001M",4,7,0,0,88,2,1,1,4,0,0,"4/14/2017","21:23:00","","N","N","MSP","UNK",3,0,40,"US","",15.32,"E","PULASKI HWY",50,"F","W",0,"UU","","CROSSOVER",39.59973638,-75.80846429,1,0,1,"M",2,3,NA,3,6,1,1,54,"P",0,NA,0,"",NA,"Y",NA,1,NA,"8-Nov-69","a5bc23a9-088b-4be6-9677-ac62e5682b7c","","","","","A"
"MSP6686001S",4,16,0,1,17,1,NA,1,4,0,6.01,"10/30/2016","22:47:00","1","N","N","MSP","UNK",3,0,301,"US","",16.06,"N","CRAIN HWY",NA,"M","N",3199,"CO","","VILLAGE DR W",38.84412667,-76.726958,1,0,1,"F",99,4,NA,3,6,1,1,54,"P",0,NA,0,"",NA,"Y",NA,1,NA,"12-May-56","1b7736c7-8fcd-4679-bdb7-402f852333c7","FL","E","","","A"
"MSP6739000S",5.02,8,0,1,88,2,1,1,4,0,6.01,"3/21/2017","6:49:00","","N","N","MSP","UNK",3,3,301,"US","",4.71,"N","CRAIN HWY",100,"F","N",0,"UU","","LORRAINE RD",38.3927825,-76.95447733,1,0,1,"M",2,4,NA,2,6,1,1,53,"P",0,NA,0,"",NA,"Y",NA,1,NA,"23-Jul-70","5bcf1fb1-35ba-4608-a6a2-46a8a4cd58e9","","","","","A"
"MSP6756001R",4,16,0,1,17,2,1,1,3,0,7.01,"3/23/2017","6:36:00","","N","N","MSP","UNK",3,0,301,"US","",16.06,"N","CRAIN HWY",200,"F","N",3199,"CO","","VILLAGE DR W",38.84204955,-76.72715843,1,0,1,"F",1,5,NA,2,6,1,1,52,"P",0,NA,0,"",NA,"Y",NA,1,NA,"3-Jan-06","6b0045e3-ca33-48bc-b04b-8f111525cf0b","MD","","","","A"
"MTA01160015",1,3,0,1,88,3,NA,1,0,0,8.04,"1/7/2017","12:50:00","9S23","N","N","MTA","UNK",3,0,1,"US","",0.41,"N","WASHINGTON BLVD",NA,"M","N",195,"RP","","RAMP 1 FR IS 195 NB TO US 1 WB",39.24906833,-76.66933268,1,0,1,"F",1,3,NA,0,0,0,1,57,"P",0,NA,0,"",NA,"N",NA,1,NA,"19-Feb-88","dc70772d-db4b-442b-bcce-a0339439295b","MD","C","","",""
"RD0098000L",3,16,128,2,17,2,1,1,1,0,6.01,"04-12-2016","02:51:00","00","Y","N","RIVERDALE","UNK",3,0,1,"US","",2.51,"N","BALTIMORE AVE",0,"F","N",180,"MU","","QUEENSBURY RD",38.96316497,-76.93929568,1,0,1,"F",10.03,4,NA,3,5,3,1,51,"P",0,NA,0,"",NA,"Y",NA,1,NA,"20-AUG-68","5bc0ef2f-a9d0-4898-9f07-6e49ea51620a","","","","","A"
"RD0104001X",4,16,0,1,17,1,2,1,3,0,3,"5/25/2017","22:31:00","","N","N","RIVERDALE","UNK",3,0,1,"US","",2.76,"N","BALTIMORE AVE",100,"F","N",130,"MU","","TUCKERMAN ST",38.96717225,-76.93865329,1,0,1,"M",NA,4,NA,2,6,1,1,52,"P",0,NA,0,"",NA,"Y",NA,1,NA,"16-Feb-50","b1233dcb-8cfe-413c-a7cc-328eafd83819","CA","XX","","","A"
"ZA05150014",1,1,0,3,88,2,1,1,1,0,0,"1/31/2017","15:15:00","","N","N","ALLEGANY","UNK",3,0,220,"US","",14.33,"N","MCMULLEN HWY",50,"F","N",636,"MD","","WARRIOR DR",39.59562975,-78.82882074,1,0,1,"F",1,4,NA,0,6,1,1,52,"P",0,NA,0,"",NA,"Y",NA,1,NA,"3-Oct-00","58f2d03f-37f5-493a-b98f-5a9541f2c97c","","","","","A"
"ZA05240009",4,1,0,3,0,2,1,1,4,0,6.01,"12-29-2015","19:07:00","","Y","N","ALLEGANY","UNK",3,0,220,"US","",0.47,"N","MCMULLEN HWY",15,"F","S",278,"CO","","CHESAPEAKE AVE",39.44703054,-78.97156119,1,0,1,"M",2,4,NA,3,6,0,2,51,"P",0,NA,0,"",NA,"Y",NA,1,NA,"27-NOV-81","a1e1a7dd-35fd-440a-8f91-66632e8df043","WV","","","","A"
"ZK0113001B",3,11,0,3,0,0,1,0,1,0,8.04,"1/28/2017","23:09:00","","N","N","GARRETT","UNK",3,0,219,"US","",24.63,"N","GARRETT HWY",20,"F","N",169,"CO","","PYSELL RD",39.56142908,-79.3568632,1,0,1,"F",2,4,NA,2,6,1,1,52,"P",88,2,0,"",0.21,"Y",NA,1,NA,"14-Aug-60","37a024ec-bd05-4655-88fb-d75108858ddf","MD","C","","","A"
"ZK0209000F",1,11,NA,3,88,2,1,5,1,0,7.01,"03-07-2015","11:30:00","","N","N","GARRETT","UNK",3,0,219,"US","",12.17,"N","THIRD ST",0,"F","N",250,"MU","","LAKE ST",39.4189638,-79.40041423,1,0,1,"F",1,3,NA,99,10.88,1,1,54,"P",0,NA,0,"",NA,"",NA,0,NA,"01-SEP-53","4fbaffdb-7dd8-4dad-ab2c-c1fca490f4dc","","","","",""
"ZU7849000Z",3,21,0,1,17,2,1,1,1,0,6.01,"3/10/2017","2:08:00","22040","N","N","WASHINGTON","UNK",3,3,11,"US","",11.36,"N","MIDDLEBURG PIKE",50,"F","S",168,"CO","","SHOWALTER RD",39.70262107,-77.72233844,1,0,1,"M",99,5,NA,3,6,0,1,52,"P",0,NA,0,"",NA,"U",NA,0,NA,"30-Jun-69","a45e4181-f791-4d69-8f11-9ed347c1e1c9","MD","ID","","","A"
"ZU80410004",7.88,21,0,1,17,2,2,1,2,0,6.01,"06-09-2016","21:38:00","07040","N","N","WASHINGTON","UNK",3,0,40,"US","",37.6,"E","DUAL HWY",30,"F","E",391,"CO","","CORNELL AVE",39.62620969,-77.69828439,1,0,1,"M",2,5,NA,3,6,1,2,52,"P",0,NA,0,"",NA,"Y",NA,1,NA,"30-MAY-59","fcc01a99-730e-4d55-b0c7-e915d1c12e26","","","","","A"
"AA0107001Z",3,12,1,3,88,2,2,1,4,0,6.01,"12-11-2015","19:00:00","","Y","Y","ABERDEEN","UNK",1,3,22,"MD","",10.3,"E","ABERDEEN THRUWAY",0,"F","E",150,"MU","","BEARDS HILL RD",39.52293095,-76.1843732,1,0,1,"F",1,3,NA,2,10.88,1,1,54,"P",0,NA,0,"",NA,"N",NA,0,NA,"27-MAR-88","9d51a55d-e442-4b12-863b-3a527809179f","","","","",""
"AA0107003D",3,12,1,1,88,2,NA,1,3,0,6.01,"10/10/2016","18:55:00","","N","N","ABERDEEN","UNK",3,0,132,"MD","",0.43,"E","W BELAIR AVE",101,"F","W",0,"UU","","SPUR FR BUSH CHAPEL RD",39.51901737,-76.18498877,1,0,1,"M",NA,3,NA,2,1,1,1,53,"P",0,NA,0,"",NA,"N",NA,1,NA,"12-Jun-53","413b0e86-4535-4907-81ce-b655948ce9a8","","","","","A"
"AA0107003Y",3,12,1,3,11,1,NA,1,4,0,7.01,"1/20/2017","17:58:00","","Y","N","ABERDEEN","UNK",1,4,715,"MD","",0.51,"E","SHORT LA",0,"F","E",1050,"MU","","OLD PHILADELPHIA RD",39.49246171,-76.17987379,1,0,1,"M",1,4,NA,4,10.88,1,2,54,"P",0,NA,0,"",NA,"Y",NA,25.88,NA,"19-Feb-02","8529f9d2-6077-4705-bc44-1c3e7d1d48a5","","","","","A"
"AA0107004B",3,12,1,1,88,2,1,1,3,0,6.01,"4/5/2017","20:49:00","","N","N","ABERDEEN","UNK",3,0,132,"MD","",0.49,"E","W BELAIR AVE",95,"F","W",251,"MU","","BUSH CHAPEL RD",39.51876236,-76.18437722,1,0,1,"F",1,4,NA,2,6,0,1,52,"P",0,NA,0,"",NA,"Y",NA,1,NA,"20-Jun-49","4c902bc8-65a2-4abd-9d4b-0db449c0db92","MD","C","","","A"
"AB26960038",1,2,NA,2,17,2,1,1,1,0,6.01,"03-26-2015","14:04:00","","Y","N","ANNAPOLIS","UNK",3,3,450,"MD","",12.69,"E","COLLEGE AVE",0,"F","E",NA,"UU","","ST.JOHN'S COLLEGE",38.99784131,-76.49230957,1,0,1,"F",NA,3,NA,3,5,3,1,51,"P",0,NA,0,"",NA,"",NA,0,NA,"08-JAN-57","9d6e0679-a904-43d2-a7dc-4f5e4d33f305","","","","","A"
"AB3431000D",1,2,3,1,0,1,NA,1,4,4,7.01,"12-15-2015","08:31:00","","N","N","ANNAPOLIS","UNK",16,3,70,"MD","",0.15,"N","ROWE BLVD",125,"F","N",460,"MU","","CALVERT ST",38.98113807,-76.49475038,1,0,1,"M",1,5,NA,3,88,0,1,59,"P",0,NA,0,"",NA,"N",NA,1,NA,"24-JUN-76","85c887f7-48e3-4555-b195-892b769c585d","MD","","","","A"
"AB35360001",1,2,NA,2,2,2,NA,1,1,0,6.01,"04-24-2015","18:24:00","","N","N","ANNAPOLIS","UNK",4,0,450,"MD","",11.25,"E","WEST ST",0,"F","E",2040,"MU","","MCKENDREE AVE",38.97744331,-76.51368141,1,1,1,"M",1,3,NA,1,6,0,2,63.88,"P",0,NA,0,"",NA,"",NA,21,NA,"19-JUL-69","ba99a091-aa4e-4411-868f-aeca6d0e528c","MD","","","","A"
"AB3676000D",1,2,NA,2,2,2,1,1,1,0,7.01,"06-26-2015","10:40:00","","Y","N","ANNAPOLIS","UNK",4,0,450,"MD","",12.78,"E","KING GEORGE ST",0,"F","E",710,"MU","","COLLEGE AVE",38.98193037,-76.48946643,1,0,1,"F",1,3,NA,1,10.88,88,2,51,"P",0,NA,0,"",NA,"",NA,0,NA,"29-JUL-92","7b991805-f3ef-4fdd-a922-83d3ad0c7dd7","","","","",""
"AB3676000Q",1,2,3,2,17,2,1,1,3,0,88,"03-04-2016","18:00:00","","Y","N","ANNAPOLIS","UNK",3,0,450,"MD","",12.17,"E","WEST ST",0,"F","E",1740,"MU","","LAFAYETTE AVE",38.97784783,-76.49751306,1,0,1,"M",99,3,NA,2,9.05,1,1,51,"P",0,NA,0,"",NA,"N",NA,1,NA,"17-NOV-59","10c0cebe-e5bc-4702-9023-a818204f999d","","","","",""
"AB36760015",4,2,3,2,17,2,NA,1,4,0,6.01,"06-09-2016","22:30:00","","N","N","ANNAPOLIS","UNK",3,0,70,"MD","",0.79,"N","ROWE BLVD",0,"F","N",435,"MD","","TAYLOR AVE",38.9871333,-76.5029338,1,0,1,"F",1,3,NA,3,9.05,2,1,51,"P",0,NA,0,"",NA,"N",NA,1,NA,"21-OCT-92","e43b4cc2-d166-4938-8759-8ce33b66efd1","","","","","A"
"AB3676001H",4,2,3,2,17,2,1,1,3,0,6.01,"07-08-2016","23:30:00","","Y","N","ANNAPOLIS","UNK",3,0,450,"MD","",12.69,"E","COLLEGE AVE",0,"F","E",2540,"MU","","PRINCE GEORGE ST",38.98099837,-76.49045616,1,0,1,"F",1,3,NA,3,5,1,1,51,"P",0,NA,0,"",NA,"N",NA,1,NA,"13-FEB-87  00:00:00","ba0db3a5-3183-49ac-b302-3dfe42b4360a","MD","","","",""
"AB3925000V",1,2,3,2,88,2,NA,1,3,0,6.01,"12-10-2015","14:21:00","","Y","N","ANNAPOLIS","UNK",3,0,450,"MD","",12.26,"E","WEST ST",0,"F","E",460,"MU","","CALVERT ST",38.97823983,-76.49590373,1,0,1,"F",1,3,NA,3,5,2,1,51,"P",0,NA,0,"",NA,"N",NA,0,NA,"09-AUG-86","90d2cb49-6055-4dda-be2e-061788066ff8","","","","","A"
"AB4360000J",1,2,3,2,17,2,2,1,2,0,6.01,"04-04-2016","10:28:00","","Y","N","ANNAPOLIS","UNK",3,3,450,"MD","",12.39,"E","CHURCH CIR",0,"F","E",660,"MU","","CHURCH CIR",38.9783837,-76.49334356,1,0,2,"F",1,3,NA,0,9.05,99,1,51,"P",0,NA,0,"",NA,"U",NA,0,NA,"09-NOV-60","6eead3bd-a97f-46c0-99b9-a87cf1004aee","DC","","","",""
"AB4360000J",1,2,3,2,17,2,2,1,2,0,6.01,"04-04-2016","10:28:00","","Y","N","ANNAPOLIS","UNK",3,3,450,"MD","",12.39,"E","CHURCH CIR",0,"F","E",660,"MU","","CHURCH CIR",38.9783837,-76.49334356,1,0,2,"F",1,3,NA,0,9.05,99,1,51,"P",0,NA,0,"",NA,"U",NA,0,NA,"09-MAR-76","9e21d505-80ed-42e6-8519-fd398eceb641","MD","","","","A"
"AB4518006N",1,2,3,1,17,2,NA,1,1,0,6.01,"04-13-2016","12:57:00","","N","N","ANNAPOLIS","UNK",3,0,450,"MD","",11.36,"E","WEST ST",270,"F","W",2750,"MU","","RUSSELL ST",38.97724001,-76.5127185,1,0,1,"M",1,3,NA,2,6,1,1,52,"P",0,NA,0,"",NA,"Y",NA,0,NA,"22-MAY-43","427b659b-7ebd-45cc-bdde-b23d8185c6a3","","","","","A"
"AB4518007D",1,2,3,2,88,2,2,1,1,0,6.01,"06-08-2016","06:40:00","","Y","N","ANNAPOLIS","UNK",4,0,450,"MD","",10.77,"E","WEST ST",0,"F","E",60,"MU","","ADMIRAL DR",38.97995377,-76.52192518,1,0,1,"M",1,3,NA,3,88,0,2,53,"P",0,NA,0,"",NA,"N",NA,1,NA,"18-OCT-90","3fb53cdc-091d-4f07-b0fe-98aea33ea308","","","","","A"
"AB451800CD",3,2,3,2,88,1,1,1,1,0,7.01,"5/19/2017","21:42:00","","N","N","ANNAPOLIS","UNK",3,0,450,"MD","",12.22,"E","WEST ST",0,"F","E",3380,"MU","","W WASHINGTON ST",38.97815851,-76.49655282,1,0,1,"F",1,3,NA,3,9.05,1,1,51,"P",0,NA,0,"",NA,"N",NA,0,NA,"18-Aug-10","cced5beb-02b7-439e-831e-5bd41641055f","","","","",""
"AB45560002",1,2,3,2,11,2,1,1,1,0,0,"6/21/2017","18:48:00","","N","N","ANNAPOLIS","UNK",3,3,450,"MD","",12.62,"E","COLLEGE AVE",0,"F","E",2290,"MU","","NORTH ST",38.98018729,-76.49133325,1,0,1,"F",NA,3,NA,0,10.88,0,1,51,"P",0,NA,0,"",NA,"N",NA,0,NA,"29-Sep-71","f9a630e5-f943-44a7-bc34-5f3f54cc20f2","","","","","A"
"AB4630000B",4,2,NA,0,11,2,1,1,1,0,6.01,"04-10-2015","23:44:00","","N","N","ANNAPOLIS","UNK",4,0,450,"MD","",12.23,"E","WEST ST",0,"F","E",663,"MU","","CITY GATE LA",38.97814391,-76.4962846,1,0,1,"M",1,3,NA,2,6,0,2,53,"P",0,NA,0,"",NA,"",NA,1,NA,"22-APR-91","ffc40a29-e6f3-4f36-94f9-155e84168c88","PA","","","",""
"AB52190011",1,2,3,2,88,2,1,1,1,0,6.01,"2/6/2017","10:41:00","","N","N","ANNAPOLIS","UNK",3,0,393,"MD","",0.63,"N","OLD SOLOMONS ISLAND RD",0,"F","N",450,"MD","","WEST ST",38.98237448,-76.53313279,1,0,1,"F",1,3,NA,0,9.05,0,1,51,"P",0,NA,0,"",NA,"N",NA,1,NA,"12-Sep-44","af4f21bc-cab3-4931-b4d4-90f19e8ddadd","MD","C","","","A"
"AB53170008",1,2,3,1,3,2,2,1,1,0,6.01,"11-13-2015","15:24:00","","N","N","ANNAPOLIS","UNK",3,3,450,"MD","",10.42,"E","WEST ST",NA,"F","E",2410,"MU","","PAROLE ST",38.98112139,-76.5282619,1,0,1,"M",0,4,NA,0,5,1,1,53,"P",0,NA,0,"",NA,"U",NA,0,NA,"02-JUN-97","37b6b50b-f18f-4eb9-9fd7-7d51429043c7","","","","","A"
"AB5442000M",3,2,NA,3,88,1,1,1,3,0,3,"06-03-2015","22:06:00","","N","N","ANNAPOLIS","UNK",4,0,450,"MD","",11.74,"E","WEST ST",5,"F","E",NA,"UU","","ROUNDABOUT: WESTGATE CIR",38.9763851,-76.50515333,1,0,1,"M",1,3,NA,3,5,0,2,51,"P",0,NA,0,"",NA,"",NA,1,NA,"25-OCT-97","940f9953-12c3-4f76-99ee-1924ac79c1eb","","","","",""
"AB5444000B",3,2,3,1,17,2,1,1,1,0,6.01,"07-23-2015","22:28:00","","N","N","ANNAPOLIS","UNK",3,0,450,"MD","",12.26,"E","WEST ST",100,"F","E",460,"MU","","CALVERT ST",38.97832949,-76.49521977,1,0,1,"M",NA,3,NA,1,6,1,1,52,"P",0,NA,0,"",NA,"U",NA,1,NA,"22-OCT-51","c6d1f719-d9f5-4cd0-8731-9b64fdb00b64","MD","","","","A"
"AB6040000M",1,2,3,2,17,2,NA,1,88,4,6.01,"09-02-2016","15:18:00","","N","N","ANNAPOLIS","UNK",3,0,387,"MD","",0.87,"N","SPA RD",0,"F","N",1500,"MU","","HILLTOP LA",38.97771751,-76.49441645,1,2,1,"F",1,3,NA,3,3,1,1,56,"P",0,NA,0,"",NA,"N",NA,0,NA,"24-DEC-94  00:00:00","90483b86-b2d1-40ce-9ef1-5fc0ec8c3385","","","","",""
"AB6065000B",3,2,3,1,88,0,NA,1,4,4,0,"11/21/2016","17:43:00","","N","N","ANNAPOLIS","UNK",9,3,450,"MD","",10.14,"E","WEST ST",100,"F","W",393,"MD","","OLD SOLOMONS ISLAND RD",38.98321681,-76.53602958,1,0,1,"M",1,4,NA,3,3,0,1,63.88,"P",0,NA,0,"",NA,"N",NA,0,NA,"22-Jul-85","5dbb58f1-3709-4a36-a7b0-f055a00c3ec4","MD","C","","","A"
"AB61550006",1,2,3,6.01,88,2,1,1,1,0,6.01,"3/14/2017","17:01:00","","Y","N","ANNAPOLIS","UNK",0,3,450,"MD","",10.48,"E","WEST ST",5,"F","W",1760,"MU","","LEE ST",38.98074608,-76.52711391,1,0,1,"F",NA,3,NA,3,6,99,1,52,"P",0,NA,0,"",NA,"Y",NA,1,NA,"15-Jul-79","855f4011-ddae-4680-b414-680824b34575","MA","","","","A"
"AC09440012",3,2,0,3,17,1,2,0,1,0,3,"11/9/2016","5:36:00","2B3","N","N","AACOPD","UNK",3,0,648,"MD","E",4.1,"N","BALTO ANNAPOLIS BLVD",200,"F","S",534,"CO","","EASTERN ST",39.17273353,-76.63332403,1,0,1,"M",2,4,NA,2,6,1,1,52,"P",0,2,0,"",NA,"Y",NA,1,NA,"1-Oct-80","617642e7-057a-47d5-afde-ab49ce1ba8cf","MD","ID","","","A"
"AC0968000G",4,2,0,2,17,1,1,1,4,0,3,"09-29-2015","20:56:00","","Y","N","AACOPD","UNK",3,0,2,"MD","",37.75,"N","GOV RITCHIE HWY",0,"F","N",270,"MD","","FURNACE BRANCH RD",39.18169816,-76.6135186,1,0,1,"M",1,4,NA,2,10.88,1,1,51,"P",0,NA,0,"",NA,"Y",NA,1,NA,"01-APR-80","e9367e66-e133-4d60-b123-227d80d018bc","","","","","A"
"AC0968000H",3,2,0,1,17,2,1,1,1,0,6.01,"10-10-2015","23:06:00","5C2","N","N","AACOPD","UNK",3,0,175,"MD","",3.94,"N","ANNAPOLIS RD",0,"F","N",1016,"CO","","NEVADA AVE",39.09065872,-76.71015859,1,4,1,"M",2,4,NA,3,6,1,1,52,"P",0,NA,0,"",NA,"Y",NA,1,NA,"04-JUL-93","6cec94c1-5ab6-482e-8ef4-62ae94ff6864","","","","","A"
"AC0968000J",4,2,0,1,88,2,1,1,1,0,6.01,"11-02-2015","03:26:00","3D1","N","N","AACOPD","UNK",3,0,648,"MD","D",2.32,"N","BALTO ANNAPOLIS BLVD",500,"F","N",2254,"CO","","HOYLE LA",39.0592906,-76.53266609,1,0,1,"M",99,4,NA,3,6,1,1,52,"P",0,NA,0,"",NA,"Y",NA,0,NA,"20-AUG-86","195fd684-7b44-451b-aaa8-da555af6f0e0","","","","","A"
"AC0968000K",4,2,0,1,88,2,3,1,4,0,6.01,"11-11-2015","21:14:00","5D1","N","N","AACOPD","UNK",3,0,3,"MD","",2.18,"N","ROBERT CRAIN HWY",175,"F","S",2633,"CO","","CONWAY RD",39.01900864,-76.69605017,1,0,1,"F",99,4,NA,2,6,1,1,52,"P",0,NA,0,"",NA,"Y",NA,1,NA,"22-OCT-96","4c5349f4-1b0e-4157-af69-d6242c837c72","","","","","A"
"AC0968000N",1,2,0,1,88,1,1,1,4,0,6.01,"02-21-2016","13:39:00","2A2","N","N","AACOPD","UNK",3,0,2,"MD","",39.18,"N","GOV RITCHIE HWY",170,"F","S",306,"CO","","WARFIELD RD",39.20192597,-76.61367148,1,0,1,"M",99,5,NA,3,6,1,1,52,"P",0,NA,0,"",NA,"Y",NA,0,NA,"22-DEC-70","b4ad5ce6-9c28-4f3f-a65d-592d98a553db","MD","ID","","",""