"REPORT_NO","LIGHT_CODE","COUNTY_NO","MUNI_CODE","JUNCTION_CODE","COLLISION_TYPE_CODE","SURF_COND_CODE","LANE_CODE","RD_COND_CODE","RD_DIV_CODE","FIX_OBJ_CODE","WEATHER_CODE","ACC_DATE","ACC_TIME","LOC_CODE","SIGNAL_FLAG","C_M_ZONE_FLAG","AGENCY_CODE","AREA_CODE","HARM_EVENT_CODE1","HARM_EVENT_CODE2","RTE_NO","ROUTE_TYPE_CODE","RTE_SUFFIX","LOG_MILE","LOGMILE_DIR_FLAG","MAINROAD_NAME","DISTANCE","FEET_MILES_FLAG","DISTANCE_DIR_FLAG","REFERENCE_NO","REFERENCE_TYPE_CODE","REFERENCE_SUFFIX","REFERENCE_ROAD_NAME","LATITUDE","LONGITUDE","drv","occ","ped","SEX_CODE","CONDITION_CODE","INJ_SEVER_CODE","OCC_SEAT_POS_CODE","PED_VISIBLE_CODE","PED_LOCATION_CODE","PED_OBEY_CODE","PED_TYPE_CODE","MOVEMENT_CODE","PERSON_TYPE","ALCOHOL_TEST_CODE","ALCOHOL_TESTTYPE_CODE","DRUG_TEST_CODE","DRUG_TESTRESULT_CODE","BAC_CODE","FAULT_FLAG","EQUIP_PROB_CODE","SAF_EQUIP_CODE","EJECT_CODE","DATE_OF_BIRTH","PERSON_ID","LICENSE_STATE_CODE","CLASS","CDL_FLAG","VEHICLE_ID","EMS_UNIT_LABEL"
"AC0968000Q",4,2,0,1,88,2,2,1,4,0,6.01,"04-08-2016","21:56:00","5A1","N","N","AACOPD","UNK",3,0,198,"MD","",1.12,"E","LAUREL FT MEADE RD",180,"F","E",994,"CO","","OLD ANNAPOLIS RD",39.09999287,-76.81559086,1,0,1,"M",99,4,NA,3,6,1,1,52,"P",0,NA,0,"",NA,"U",NA,0,NA,"25-NOV-71","c17fb01c-798e-4f77-8771-0a9707aa100a","","","","","A"
"AC0968000X",1,2,0,2,17,88,1,1,1,0,6.01,"1/9/2017","12:48:00","3A3","Y","Y","AACOPD","UNK",3,0,173,"MD","",3.73,"N","FORT SMALLWOOD RD",0,"F","N",1691,"CO","","HILLCREEK RD",39.13915201,-76.52402133,1,0,1,"M",1,5,NA,4,6,88,1,56,"P",0,NA,0,"",NA,"N",NA,25.88,NA,"8-Aug-58","e96db65b-f9c6-4e20-96a5-c7ce29723259","MD","A","","",""
"AC09860006",4,2,NA,1,17,1,1,1,1,0,3,"04-19-2015","23:25:00","","N","N","AACOPD","UNK",3,0,177,"MD","",3.22,"E","MOUNTAIN RD",50,"F","E",4800,"CO","","MANSION HOUSE CROSSING",39.1275676,-76.54049814,1,0,1,"M",2,5,NA,2,6,1,1,52,"P",88,88,88,"U",NA,"",NA,0,NA,"26-MAY-67","8731ce5b-5b61-4bb1-8d5d-64252b7ebd53","MD","C","","",""
"AC0986000C",4,2,0,0,88,2,2,1,4,0,0,"04-01-2016","04:10:00","5D1","N","N","AACOPD","UNK",3,3,3,"MD","",0.58,"N","ROBERT CRAIN HWY",275,"F","N",5652,"CO","","CROSSGATE DR",38.99733581,-76.7009519,2,0,1,"M",9.88,5,NA,2,6,1,1,56,"P",0,NA,0,"",NA,"Y",NA,0,NA,"15-JUL-94","f31db4ee-0950-4562-9ecd-4ae000485cac","MD","C","","",""
"AC09930012",5.02,2,0,1,17,1,2,1,1,0,3,"12-01-2015","07:02:00","3A1","N","N","AACOPD","UNK",3,0,173,"MD","",5.115,"N","FORT SMALLWOOD RD",100,"F","N",0,"UU","","RIVIERA BEACH VOL FIRE CO",39.1562214,-76.51690006,1,0,1,"M",2,3,NA,2,88,0,1,52,"P",0,NA,0,"",NA,"Y",NA,0,NA,"07-SEP-58","c8a25722-f272-4930-b73d-ec06a1c202b6","","","","","A"
"AC10860008",1,2,0,2,11,2,NA,1,1,0,6.01,"08-31-2016","17:11:00","","Y","N","AACOPD","UNK",4,0,177,"MD","",4.4,"E","MOUNTAIN RD",0,"F","E",1873,"CO","","BROADWAY",39.12326041,-76.51956081,1,0,1,"M",1,3,NA,3,6,0,2,51,"P",0,NA,0,"",NA,"Y",NA,1,NA,"23-JUL-66  00:00:00","d67f91a4-45b6-4cee-b4eb-89e65bfbed2f","","","","",""
"AC1222004B",3,2,0,3,17,2,2,1,4,0,6.01,"01-16-2016","22:00:00","5D2","Y","N","AACOPD","UNK",3,0,3,"MD","",3.12,"N","ROBERT CRAIN HWY",0,"F","N",4458,"CO","","JOHNS HOPKINS RD",39.02980975,-76.68517381,1,0,1,"M",1,3,NA,3,5,2,1,51,"P",0,NA,0,"",NA,"N",NA,1,NA,"21-APR-94","ed4ff118-f17d-4cb7-84ab-93e6847c9196","","","","",""
"AC1222005X",1,2,0,1,17,2,NA,1,1,0,6.01,"08-13-2016","08:58:00","5D2","N","N","AACOPD","UNK",4,0,424,"MD","",5.878,"N","DAVIDSONVILLE RD",0,"F","N",0,"UU","","ENT TO SHOPPING CENTER",39.01925558,-76.58020288,1,0,1,"M",NA,3,NA,1,1,1,2,53,"P",0,NA,0,"",NA,"N",NA,21,NA,"15-OCT-59  00:00:00","ee7fdc76-1214-49be-bb62-d3ee6113c07a","","","","","A"
"AC12300026",3,2,0,1,88,2,1,1,4,0,0,"11/15/2016","17:30:00","2A2","N","N","AACOPD","UNK",3,0,2,"MD","",39.92,"N","GOV RITCHIE HWY",30,"F","S",160,"CO","","BON AIR AVE",39.22355795,-76.65502643,1,0,1,"M",99,4,NA,2,6,1,1,52,"P",99,0,0,"",NA,"Y",NA,0,NA,"22-Mar-66","97eee878-b61f-4677-9212-81803feb446a","","","","","A"
"AC12330005",3,2,0,2,11,2,1,1,1,0,6.01,"09-02-2016","21:45:00","2A1","Y","N","AACOPD","UNK",3,4,171,"MD","",0.82,"E","CHURCH ST",0,"F","E",339,"CO","","DISNEY AVE",39.22061861,-76.59955099,1,0,1,"M",9.88,3,NA,99,10.88,99,2,51,"P",0,NA,0,"",NA,"N",NA,99,NA,"11-JAN-92  00:00:00","daafca3c-efe2-46d7-8d7c-9c29fc70657e","","","","",""
"AC12330009",3,2,0,1,88,2,1,1,4,0,6.01,"12/1/2016","17:31:00","2A1","N","N","AACOPD","UNK",3,0,2,"MD","",40.38,"N","GOV RITCHIE HWY",200,"F","N",375,"CO","","16TH AVE",39.22096923,-76.61342333,1,1,1,"F",1,3,NA,2,6,1,1,52,"P",0,NA,0,"",NA,"Y",NA,0,NA,"17-Nov-98","64b8e9d2-c1d3-44e4-b586-192fd3b5cb45","","0","","","A"
"AC1246003F",1,2,0,2,11,2,1,0,3,0,6.01,"03-08-2016","17:27:00","3C3","N","N","AACOPD","UNK",4,0,648,"MD","D",3.34,"N","BALTO ANNAPOLIS BLVD",0,"F","N",4572,"CO","","BRANDYWINE AVE",39.0688673,-76.54414058,1,0,1,"F",1,3,NA,3,5,1,2,52,"P",0,NA,0,"",NA,"N",NA,21,NA,"25-OCT-48","43f20166-396f-45f3-9a7a-b992faeae98a","","","","",""
"AC12490004",1,2,0,5.01,3,2,1,1,1,0,6.01,"6/2/2017","15:15:00","4C2","Y","N","AACOPD","UNK",1,3,468,"MD","",2.83,"N","MUDDY CREEK RD",0,"F","N",256,"MD","","DEALE CHURCHTON RD",38.81507607,-76.53898001,2,0,1,"F",1,3,NA,0,6,1,1,57,"P",0,NA,0,"",NA,"N",NA,0,NA,"17-Aug-87","74d2cddd-47e2-4c1d-a046-2e651b2a6b7e","","","","",""
"AC1283004J",1,2,0,1,88,2,NA,1,3,0,6.01,"09-02-2016","14:39:00","3D1","N","N","AACOPD","UNK",3,0,2,"MD","",25.12,"N","GOV RITCHIE HWY",300,"F","S",2591,"CO","","ARNOLD RD",39.02977329,-76.50461018,1,0,1,"M",1,4,NA,3,6,1,1,52,"P",0,NA,0,"",NA,"Y",NA,1,NA,"12-SEP-88  00:00:00","3d75f38d-28da-4bf1-8d6c-12658299d5e3","MD","ID","","","A"
"AC1299001N",3,2,0,2,13,2,1,1,3,0,7.01,"11-17-2015","21:09:00","","Y","N","AACOPD","UNK",1,4,648,"MD","E",1.07,"N","BALTO ANNAPOLIS BLVD",0,"F","N",780,"CO","","MARLEY STATION RD",39.14790147,-76.59283876,1,0,1,"M",1,3,NA,2,4,3,2,54,"P",0,NA,0,"",NA,"Y",NA,1,NA,"02-NOV-01","55950893-1cf5-4e37-8121-65f458debd9c","","","","",""
"AC1299001Y",1,2,0,2,11,2,1,1,1,0,7.01,"02-27-2016","09:50:00","N2D3","Y","N","AACOPD","UNK",1,1,648,"MD","E",0.39,"N","BALTO ANNAPOLIS BLVD",0,"F","N",1531,"CO","","HARRIET DR",39.1391801,-76.58754408,1,0,1,"M",1,3,NA,2,1,1,7,51,"P",0,NA,0,"",NA,"Y",NA,1,NA,"06-OCT-60","4489da12-a6ee-422f-bcf8-388bb6ecb3f8","","","","","A"
"AC1377000K",4,2,0,1,17,2,1,1,3,0,6.01,"04-26-2016","05:44:00","5D1","N","N","AACOPD","UNK",3,0,3,"MD","",2.65,"N","ROBERT CRAIN HWY",300,"F","N",6847,"CO","","CAPITAL RACEWAY RD",39.0256102,-76.6918702,1,0,1,"M",99,5,NA,3,6,1,1,99,"P",0,NA,0,"",NA,"Y",NA,0,NA,"16-JUL-55","328e522d-100a-4d69-9c9e-83215c6347b2","","","","","A"
"AC13860029",3,2,0,0,88,1,1,1,1,0,7.01,"07-23-2016","21:15:00","","N","N","AACOPD","UNK",3,0,173,"MD","",5.03,"N","FORT SMALLWOOD RD",10,"F","N",1708,"CO","","JOHNSON RD",39.15542273,-76.51747674,1,1,1,"M",1,3,NA,2,10.88,1,1,88,"P",0,NA,0,"",NA,"Y",NA,1,NA,"05-FEB-99  00:00:00","05962792-576a-420f-be5c-6eff42b8eea0","","","","",""
"AC13880002",1,2,0,3,12,2,1,1,4,0,6.01,"07-12-2016","13:45:00","3D1","Y","N","AACOPD","UNK",4,0,2,"MD","",27.49,"N","GOV RITCHIE HWY",100,"F","S",2334,"CO","","JONES STATION RD",39.04968488,-76.50205463,1,0,1,"M",1,3,NA,3,6,0,2,51,"P",0,NA,0,"",NA,"Y",NA,21,NA,"31-OCT-49  00:00:00","e21e9ae4-c529-4393-821e-517f23dfe4f1","MD","C","","","A"
"AC1403001Z",3,2,0,1,17,1,1,1,1,4,7.01,"12-22-2015","17:16:00","2A2","N","N","AACOPD","UNK",3,9,2,"MD","",39.78,"N","GOV RITCHIE HWY",NA,"F","N",318,"CO","","CEDAR HILL LA",39.21087098,-76.6148538,1,0,2,"F",2,3,NA,3,6,1,1,52,"P",0,NA,0,"",NA,"Y",NA,1,NA,"27-MAY-68","e0baa18b-66c3-4b44-a8ac-96c6d0da4336","","","","",""
"AC1403001Z",3,2,0,1,17,1,1,1,1,4,7.01,"12-22-2015","17:16:00","2A2","N","N","AACOPD","UNK",3,9,2,"MD","",39.78,"N","GOV RITCHIE HWY",NA,"F","N",318,"CO","","CEDAR HILL LA",39.21087098,-76.6148538,1,0,2,"M",2,3,NA,2,6,1,1,52,"P",0,NA,0,"",NA,"Y",NA,1,NA,"02-MAY-46","62f44981-d206-4761-b82f-e8fcf8d46f26","","","","","A"
"AC1406000L",1,2,0,88,88,0,2,0,1,0,0,"07-30-2015","11:33:00","4B3","N","N","AACOPD","UNK",4,1,214,"MD","",10.177,"E","CENTRAL AVE",50,"F","W",3261,"CO","","SHOREHAM BEACH RD",38.89309959,-76.50957763,1,0,1,"M",1,4,NA,3,6,0,2,53,"P",0,NA,0,"",NA,"N",NA,1,NA,"28-OCT-80","6c9ab20a-49b1-4ee8-95e4-fdb72289e234","","","","","A"
"AC1466000F",3,2,NA,2,17,1,2,1,4,0,3,"06-27-2015","22:03:00","4A2","Y","N","AACOPD","UNK",3,0,2,"MD","",20.19,"N","SOLOMONS ISLAND RD",0,"F","N",2836,"CO","","FOREST DR",38.9788967,-76.5388058,1,0,1,"M",1,5,NA,2,5,3,1,51,"P",0,88,0,"",NA,"",NA,1,NA,"13-NOV-88","557dc7ac-f847-44c0-a8c6-b9ce2b360a28","","","","","A"
"AC1466000L",3,2,0,1,0,2,1,1,1,0,7.01,"04-01-2016","06:15:00","4B3","N","N","AACOPD","UNK",3,0,214,"MD","",7.95,"E","CENTRAL AVE",600,"F","W",3157,"CO","","LOCH HAVEN RD",38.9120375,-76.54303253,1,0,1,"M",99,5,NA,2,1,0,1,53,"P",88,NA,88,"",NA,"U",NA,1,NA,"28-MAR-97","ff1a1ee9-48a1-4a10-b497-d6814465e60e","MD","ID","","",""
"AC1484000L",4,2,NA,1,17,2,1,1,3,0,6.01,"01-01-2015","00:51:00","5D2","Y","N","AACOPD","UNK",3,0,424,"MD","",5.85,"N","DAVIDSONVILLE RD",50,"F","N",450,"MD","","DEFENSE HWY",38.99289167,-76.671265,1,0,1,"F",2,4,NA,2,6,1,1,52,"P",0,NA,0,"",NA,"",NA,1,NA,"23-SEP-93","653820ba-ce42-49ac-9c76-8718d419497e","MD","C","","","A"
"AC14920011",3,2,NA,1,3,2,1,1,1,0,7.01,"07-02-2015","03:52:00","5D1","N","N","AACOPD","UNK",4,0,NA,"MD","",7.94,"N","DAVIDSONVILLE RD",20,"F","N",NA,"UU","","PARKRIDGE CIRCLE RD",39.01754572,-76.69235677,1,0,1,"F",99,3,NA,1,6,0,2,53,"P",0,NA,0,"",NA,"",NA,88,NA,"24-OCT-85","117270b8-525f-4fdb-a476-a80f904e82b9","IN","","","","A"
"AC1492001G",3,2,0,0,17,2,NA,1,88,0,6.01,"02-01-2016","23:36:00","5D2","N","N","AACOPD","UNK",3,0,3,"MD","",2.5,"N","ROBERT CRAIN HWY",50,"F","S",6623,"CO","","CARVER RD",39.02406819,-76.69281006,1,0,1,"M",0,3,NA,3,88,0,1,88,"P",0,NA,0,"",NA,"N",NA,0,NA,"13-DEC-55","49d44000-e942-4876-b8e5-29eed5377a36","MD","C","","",""
"AC1495000K",1,2,NA,1,0,2,1,1,3,0,0,"03-19-2015","17:20:00","2D1","N","N","AACOPD","UNK",1,3,648,"MD","E",3.42,"N","BALTO ANNAPOLIS BLVD",20,"F","N",6564,"CO","E","OAK LA NW",39.16572154,-76.62590504,1,0,1,"U",1,3,NA,3,3,1,1,52,"P",0,NA,0,"",NA,"",NA,1,NA,"02-OCT-91","043d7684-d90d-4c50-a7aa-359d777bac2a","","","","",""
"AC1495000P",1,2,NA,9.04,11,2,1,1,88,0,6.01,"03-12-2015","14:37:00","2C1","N","N","AACOPD","UNK",4,1,2,"MD","",36.69,"N","GOV RITCHIE HWY",0,"F","N",NA,"UU","","ENT TO BUSINESS",39.16869944,-76.62144184,1,0,1,"F",1,3,NA,3,1,1,2,54,"P",0,NA,0,"",NA,"",NA,21,NA,"09-SEP-53","7a9b72d8-d1cb-4af7-8e77-d7cebe66a1ca","","","","","A"
"AC1495000Q",1,2,NA,2,88,2,2,1,3,0,6.01,"04-16-2015","13:33:00","2B3","Y","N","AACOPD","UNK",3,1,648,"MD","E",3.91,"N","BALTO ANNAPOLIS BLVD",0,"F","N",NA,"UU","","ENT TO LIGHT RAIL STATION",39.17184355,-76.63257837,1,0,1,"F",1,3,NA,2,9.05,3,1,51,"P",0,NA,0,"",NA,"",NA,1,NA,"02-DEC-86","4f0ad25b-9917-41a6-bc3c-ac1feff1d263","MD","","","","A"
"AC1495000X",1,2,0,2,11,2,1,1,1,0,6.01,"09-04-2015","14:15:00","2C1","Y","N","AACOPD","UNK",4,0,3,"MD","BU",3.82,"N","CRAIN HWY",0,"F","N",518,"CO","","VIRGINIA AVE NW",39.17113327,-76.62129823,1,0,1,"M",1,3,NA,1,1,0,2,51,"P",0,NA,0,"",NA,"N",NA,1,NA,"30-OCT-92","e16738be-63c4-4b9f-a488-2b5f82c6b770","MD","ID","","","A"
"AC1495001L",1,2,0,9.04,17,2,1,1,88,0,0,"04-26-2016","12:23:00","2D1","N","N","AACOPD","UNK",3,0,648,"MD","E",3.42,"N","BALTO ANNAPOLIS BLVD",75,"F","S",6564,"CO","","OAK LA NW",39.16588375,-76.62673116,1,0,1,"M",1,3,NA,3,88,1,1,88,"P",0,NA,0,"",NA,"Y",NA,0,NA,"26-FEB-65","10df9e1e-7fbd-4652-b647-6cf74e424172","","","","","A"
"AC1514000P",3,2,0,1,17,2,1,1,1,0,6.01,"12-16-2015","20:29:00","5C1","N","N","AACOPD","UNK",3,0,170,"MD","",2.762,"N","TELEGRAPH RD",0,"F","N",0,"UU","","PAUL DR",39.12614022,-76.68911934,1,1,1,"M",2,5,NA,2,4,1,1,88,"P",0,NA,0,"",NA,"Y",NA,1,NA,"26-NOV-91","d32fb0ca-f29d-4da8-b39f-2e3116fc9f15","","","","","A"
"AC1514000W",1,2,0,2,17,2,2,1,4,0,6.01,"03-21-2016","10:40:00","2A1","N","N","AACOPD","UNK",3,0,2,"MD","",41.08,"N","GOV RITCHIE HWY",0,"F","N",415,"CO","","HILLCREST AVE",39.23015698,-76.61308652,1,0,1,"M",2,4,NA,3,4,1,1,51,"P",0,NA,0,"",NA,"Y",NA,1,NA,"","bdb7735e-ee2d-4e75-833d-578b7c98e67f","","","","","A"
"AC15140010",3,2,0,3,17,2,1,1,4,0,6.01,"06-12-2016","03:03:00","5D1","Y","N","AACOPD","UNK",3,0,3,"MD","",0.19,"N","ROBERT CRAIN HWY",30,"F","S",0,"UU","","SPUR TO MD 450",38.99127737,-76.7037838,1,1,1,"M",99,4,NA,3,4,1,1,88,"P",0,NA,0,"",NA,"Y",NA,1,NA,"07-APR-81","650e8157-53bf-49bc-a6fa-637ccdda77f0","MD","C","","","A"
"AC15140012",4,2,0,7.01,17,2,1,1,1,0,6.01,"06-14-2016","22:55:00","2B1","Y","N","AACOPD","UNK",3,0,762,"MD","",0.38,"N","ANDOVER RD",0,"F","N",0,"UU","","R/R LIGHT RAIL",39.19484622,-76.65608525,1,0,1,"F",1,4,NA,3,6,1,1,51,"P",0,NA,0,"",NA,"Y",NA,1,NA,"12-SEP-68","d62e79de-57c4-4a11-b500-0518cd427edf","MD","A","","","A"
"AC1514001C",3,2,0,1,17,2,1,1,1,0,6.01,"07-15-2016","22:59:00","2B2","N","N","AACOPD","UNK",3,0,170,"MD","",10.641,"N","CAMP MEADE RD",0,"F","N",0,"UU","","ENT TO BUSINESS",39.21422257,-76.64398581,1,0,1,"M",1,5,NA,2,6,0,1,52,"P",0,NA,0,"",NA,"Y",NA,1,NA,"18-SEP-01  00:00:00","a5137d4a-5b9e-4471-b98e-930a6128ddb6","","","","","A"
"AC1514001R",3,2,0,0,17,2,2,1,4,4,0,"2/17/2017","0:04:00","3C3","N","N","AACOPD","UNK",3,9,2,"MD","",28.88,"N","GOV RITCHIE HWY",0,"F","S",0,"UU","","ENT TO BUSINESS",39.07432724,-76.54310592,1,0,1,"M",99,5,NA,2,4,1,1,52,"P",0,NA,0,"",NA,"Y",NA,1,NA,"13-Feb-76","e18ca1de-ec2c-46b5-94a5-cd4369a2b309","","","","","A"
"AC1545000X",3,2,0,6.01,11,2,1,1,4,0,6.01,"06-27-2016","03:28:00","2D3","Y","N","AACOPD","UNK",4,0,177,"MD","",0.68,"E","MOUNTAIN RD",0,"F","E",0,"UU","","DIRECTIONAL CROSSOVER",39.13440238,-76.58667639,1,0,1,"M",99,4,NA,2,6,1,2,51,"P",0,NA,0,"",NA,"Y",NA,1,NA,"23-FEB-01","31be48dc-b42c-4a09-bd65-91c6a7f3a3c7","","","","","A"
"AC15540012",1,2,NA,3,0,2,1,1,1,0,6.01,"04-04-2015","10:00:00","3C3","N","N","AACOPD","UNK",3,0,2,"MD","",28.91,"N","GOV RITCHIE HWY",0,"M","N",2272,"CO","","MCKINSEY RD",39.07864158,-76.54702663,1,0,1,"F",88,3,NA,3,4,1,1,88,"P",0,NA,0,"",NA,"",NA,1,NA,"06-MAY-46","1451e26a-b97a-4a0d-8167-893a0bf188db","MD","C","","",""
"AC1554001L",1,2,0,1,17,2,4,1,4,88,6.01,"08-27-2015","08:12:00","3C3","N","N","AACOPD","UNK",3,0,2,"MD","",28.91,"N","GOV RITCHIE HWY",NA,"M","N",2272,"CO","","MCKINSEY RD",39.07562013,-76.54498432,1,0,1,"M",1,3,NA,1,6,3,1,52,"P",0,NA,0,"",NA,"Y",NA,1,NA,"30-AUG-74","c1bea304-0856-4fdf-aaf7-51cb13010707","MD","C","","","A"
"AC15540034",1,2,0,88,88,2,1,1,3,0,7.01,"11/16/2016","13:32:00","3C3","N","N","AACOPD","UNK",3,0,2,"MD","",28.91,"N","GOV RITCHIE HWY",NA,"M","N",2272,"CO","","MCKINSEY RD",39.00429472,-76.47798657,1,0,1,"F",1,3,NA,2,4,1,1,88,"P",0,NA,0,"",NA,"Y",NA,1,NA,"4-Mar-57","2e1c3da0-aead-4abf-9894-d3a25bff9444","MD","C","","","A"
"AC1567000W",3,2,0,1,88,2,1,1,1,0,6.01,"03-26-2016","04:28:00","5B1","N","N","AACOPD","UNK",3,0,175,"MD","",5.29,"N","ANNAPOLIS RD",999,"F","S",6034,"CO","","CHARTER OAKS BLVD",39.10200879,-76.72108456,1,0,1,"M",1,4,NA,2,4,1,1,53,"P",0,NA,0,"",NA,"Y",NA,1,NA,"01-OCT-92","fdc72a40-4d68-4555-b769-bd59eef1c0c5","","","","","B"
"AC15670015",3,2,0,0,88,1,1,1,4,0,3,"09-30-2016","22:45:00","2A2","N","N","AACOPD","UNK",3,0,710,"MD","",0.25,"E","EAST ORDNANCE RD",20,"F","W",3941,"CO","","CROMWELL FOUNTAIN RD",39.19388218,-76.60935077,1,0,1,"F",2,4,NA,3,6,1,1,51,"P",88,NA,88,"",NA,"Y",NA,1,NA,"14-DEC-78  00:00:00","c800d468-bb31-46bf-97ab-891243523fc4","","","","","A"
"AC15990006",1,2,0,88,11,2,1,1,88,0,6.01,"10/7/2016","17:00:00","","N","N","AACOPD","UNK",1,1,177,"MD","",8.47,"E","MOUNTAIN RD",300,"F","W",1898,"CO","","VENTNOR RD",39.16814167,-76.64186343,2,1,1,"F",1,4,NA,2,88,0,1,57,"P",0,NA,0,"",NA,"Y",NA,0,NA,"3-Feb-40","6e1c5d30-a9c0-4ce7-b8fc-a7bec86c7c80","MD","C","","","A"
"AC16170005",1,2,0,1,88,2,1,1,1,0,7.01,"10-27-2015","14:16:00","4B2","N","N","AACOPD","UNK",3,0,214,"MD","",6.63,"E","CENTRAL AVE",2,"F","E",0,"UU","","SOUTH RIVER HIGH SCHOOL",38.92300045,-76.56064153,1,0,2,"U",1,3,NA,1,6,1,1,52,"P",0,NA,0,"",NA,"Y",NA,0,NA,"08-NOV-99","dfaf28b1-4e99-49ac-a031-eb8406e7f498","MD","C","","","B"
"AC16170005",1,2,0,1,88,2,1,1,1,0,7.01,"10-27-2015","14:16:00","4B2","N","N","AACOPD","UNK",3,0,214,"MD","",6.63,"E","CENTRAL AVE",2,"F","E",0,"UU","","SOUTH RIVER HIGH SCHOOL",38.92300045,-76.56064153,1,0,2,"F",1,3,NA,2,6,1,1,52,"P",0,NA,0,"",NA,"Y",NA,0,NA,"01-JAN-98","3fb91792-a2c8-4563-8396-34ce99e280ac","","","","","A"
"AC16370045",1,2,0,2,88,2,NA,1,3,0,6.01,"04-02-2016","16:22:00","2D1","Y","N","AACOPD","UNK",4,0,176,"MD","",4.73,"E","DORSEY RD",0,"F","E",605,"CO","","STEWART AVE",39.1644449,-76.64674963,1,0,1,"M",1,3,NA,1,5,2,2,51,"P",0,NA,0,"",NA,"N",NA,21,NA,"17-DEC-84","31e6a79e-f2f6-4f84-87b2-430eaba33d01","","","","","A"
"AC1637005K",4,2,0,1,88,2,1,1,1,0,5,"11/21/2016","18:27:00","2C1","N","N","AACOPD","UNK",3,0,648,"MD","E",3.6,"N","BALTO ANNAPOLIS BLVD",500,"F","N",651,"CO","","LINDEN LA NW",39.16903365,-76.62871062,1,0,1,"F",99,4,NA,2,6,1,1,53,"P",0,NA,0,"",NA,"Y",NA,0,NA,"28-Oct-85","d175e247-ce4e-4be2-80ff-407562e9dbed","","","","","A"
"AC1667001D",4,2,0,2,17,2,2,1,2,0,6.01,"05-27-2016","22:45:00","5C1","N","N","AACOPD","UNK",4,0,170,"MD","",3.52,"N","TELEGRAPH RD",0,"F","N",174,"MD","","DONALDSON AVE",39.014278,-76.6763931,1,0,1,"M",1,3,NA,6,6,0,2,53,"P",0,NA,0,"",NA,"N",NA,26.88,NA,"19-DEC-55","a215cefe-67bd-47d6-90b0-70c3056db69d","","","","",""
"AC1694000L",5.02,2,NA,0,11,3,1,1,1,0,8.04,"01-06-2015","07:25:00","2C1","N","N","AACOPD","UNK",3,0,648,"MD","E",2.66,"N","BALTO ANNAPOLIS BLVD",200,"F","N",667,"CO","","GLEN RD",39.16082605,-76.61664069,1,0,1,"F",1,3,NA,2,4,1,1,52,"P",0,NA,0,"",NA,"",NA,0,NA,"16-SEP-99","18557375-b7db-4724-a4a8-dec5bfb0c2fd","","","","","A"
"AC16950010",3,2,0,1,88,0,1,1,3,88,0,"12/10/2016","18:18:00","3C1","N","N","AACOPD","UNK",3,0,3,"MD","BU",3.5,"N","CRAIN HWY",500,"F","N",655,"CO","","NEW JERSEY AVE NW",39.16658133,-76.6239016,1,0,1,"F",1,4,NA,2,6,1,1,52,"P",0,NA,0,"",NA,"Y",NA,1,NA,"31-Dec-76","0b4f2a69-3a10-43f9-aab4-6fe1a2c0369a","","","","",""
"AC1697001H",3,2,0,2,88,2,1,1,1,0,6.01,"12-16-2015","19:20:00","5D1","N","N","AACOPD","UNK",3,0,3,"MD","",3.245,"N","ROBERT CRAIN HWY",0,"F","N",0,"UU","","S MAIN CHAPEL WAY",39.03301476,-76.68704733,1,0,1,"F",1,3,NA,2,6,1,1,51,"P",0,NA,0,"",NA,"N",NA,1,NA,"18-JUL-56","04e716a8-d7b2-4c76-8efd-a04b29d24d69","MD","C","","",""
"AC17170010",3,2,0,1,88,2,1,1,4,88,6.01,"11/25/2016","2:43:00","5D1","N","N","AACOPD","UNK",3,0,3,"MD","",1.52,"N","ROBERT CRAIN HWY",200,"F","N",5474,"CO","","CRONSON BLVD",39.01218143,-76.69778824,1,0,1,"M",2,3,NA,2,1,0,1,53,"P",0,NA,0,"",NA,"Y",NA,1,NA,"22-Apr-93","559bafb3-95d6-425e-be7a-a1192533621f","MD","C","","","A"
"AC1722000B",3,2,0,3,0,2,2,1,4,0,6.01,"08-01-2015","23:23:00","3B1","Y","N","AACOPD","UNK",1,0,3,"MD","BU",0.8,"N","CRAIN HWY",0,"F","S",3827,"CO","","GREENBRANCH LA",39.13089249,-76.63920879,1,0,1,"M",1,3,NA,2,6,1,2,51,"P",0,NA,0,"",NA,"Y",NA,1,NA,"23-JAN-05","46ada153-c18d-4d19-ad23-721b2b801462","","","","","A"
"AC1741000Y",1,2,0,3,88,2,NA,1,4,0,6.01,"12-11-2015","15:27:00","3C3","Y","N","AACOPD","UNK",4,3,2,"MD","",28.91,"N","GOV RITCHIE HWY",0,"F","N",2272,"CO","","MCKINSEY RD",39.07458544,-76.54293895,1,0,1,"M",1,3,NA,0,5,2,2,51,"P",0,NA,0,"",NA,"N",NA,0,NA,"09-AUG-97","52e57f72-ab39-4149-9c4b-84563ccc65f2","MD","","","",""