"REPORT_NO","LIGHT_CODE","COUNTY_NO","MUNI_CODE","JUNCTION_CODE","COLLISION_TYPE_CODE","SURF_COND_CODE","LANE_CODE","RD_COND_CODE","RD_DIV_CODE","FIX_OBJ_CODE","WEATHER_CODE","ACC_DATE","ACC_TIME","LOC_CODE","SIGNAL_FLAG","C_M_ZONE_FLAG","AGENCY_CODE","AREA_CODE","HARM_EVENT_CODE1","HARM_EVENT_CODE2","RTE_NO","ROUTE_TYPE_CODE","RTE_SUFFIX","LOG_MILE","LOGMILE_DIR_FLAG","MAINROAD_NAME","DISTANCE","FEET_MILES_FLAG","DISTANCE_DIR_FLAG","REFERENCE_NO","REFERENCE_TYPE_CODE","REFERENCE_SUFFIX","REFERENCE_ROAD_NAME","LATITUDE","LONGITUDE","drv","occ","ped","SEX_CODE","CONDITION_CODE","INJ_SEVER_CODE","OCC_SEAT_POS_CODE","PED_VISIBLE_CODE","PED_LOCATION_CODE","PED_OBEY_CODE","PED_TYPE_CODE","MOVEMENT_CODE","PERSON_TYPE","ALCOHOL_TEST_CODE","ALCOHOL_TESTTYPE_CODE","DRUG_TEST_CODE","DRUG_TESTRESULT_CODE","BAC_CODE","FAULT_FLAG","EQUIP_PROB_CODE","SAF_EQUIP_CODE","EJECT_CODE","DATE_OF_BIRTH","PERSON_ID","LICENSE_STATE_CODE","CLASS","CDL_FLAG","VEHICLE_ID","EMS_UNIT_LABEL"
"AC17600004",1,2,0,1,17,2,1,1,1,0,6.01,"3/2/2017","16:26:00","","N","N","AACOPD","UNK",3,0,171,"MD","",0,"E","CHURCH ST",30,"F","E",2,"MD","","GOV RITCHIE HWY",39.21804625,-76.61387038,1,0,1,"F",1,3,NA,2,6,0,1,52,"P",0,NA,0,"",NA,"Y",NA,0,NA,"31-Jul-86","58718f32-970c-4a4a-81fe-13c9ae4fdbc9","","","","","A"
"AC1782001X",1,2,0,1,88,2,1,1,1,0,6.01,"01-06-2016","16:27:00","2C2","N","N","AACOPD","UNK",3,0,270,"MD","",0.64,"N","FURNACE BRANCH RD",25,"F","S",3803,"CO","","E SEAGROVE RD",39.16411812,-76.60439817,1,0,1,"M",NA,4,NA,2,88,1,1,52,"P",0,NA,0,"",NA,"Y",NA,1,NA,"29-SEP-03","fbdd56b1-9d18-4cb1-b025-193bd1c96792","","","","","A"
"AC1827000H",5.02,2,0,1,17,2,1,1,3,0,7.01,"11-24-2015","06:20:00","3D1","N","N","AACOPD","UNK",3,3,2,"MD","",27.49,"N","GOV RITCHIE HWY",NA,"M","S",2334,"CO","","JONES STATION RD",39.0646656,-76.5347284,1,0,1,"F",1,3,NA,2,6,1,1,52,"P",0,NA,0,"",NA,"Y",NA,1,NA,"29-NOV-60","c7600ffa-b681-44a9-b156-518bdd6c2cbf","","","","","A"
"AC1861000Q",1,2,0,1,3,2,1,1,1,0,6.01,"5/24/2017","15:32:00","","N","N","AACOPD","UNK",3,2,170,"MD","",10.68,"N","BELLE GROVE RD",650,"F","N",648,"MD","E","BALTO ANNAPOLIS BLVD",39.21640232,-76.6432777,1,0,1,"M",99,5,NA,2,88,0,1,59,"P",0,NA,0,"",NA,"N",NA,1,NA,"11-Apr-69","effcb7bf-e0a4-4aac-a71e-c9bed1d2a281","","","","","A"
"AC18630014",1,2,NA,2,88,2,1,1,4,0,6.01,"01-15-2015","13:35:00","2B3","Y","N","AACOPD","UNK",3,0,2,"MD","",38.36,"N","GOV RITCHIE HWY",0,"F","N",NA,"UU","","ENT TO THE CENTRE AT GLEN BURNIE",39.19129132,-76.61390552,1,0,1,"F",1,3,NA,3,6,1,1,51,"P",0,NA,0,"",NA,"",NA,0,NA,"08-JAN-82","dc89c702-3140-47e0-b681-8137ff58d153","MD","C","","","A"
"AC1871000C",4,2,NA,1,88,2,1,1,1,0,6.01,"06-16-2015","00:26:00","2B2","N","N","AACOPD","UNK",3,0,648,"MD","E",7.05,"N","BALTO ANNAPOLIS BLVD",25,"F","N",170,"MD","E","BELLE GROVE RD",39.21311607,-76.64291617,1,0,1,"M",3,3,NA,1,4,1,1,54,"P",0,NA,0,"",NA,"",NA,1,NA,"22-SEP-78","97b04810-640f-4802-80e7-1d0f43d242ff","MD","c","","","A"
"AC18950018",1,2,NA,0,88,2,1,1,2,0,6.01,"06-25-2015","19:17:00","3B1","Y","N","AACOPD","UNK",4,0,NA,"MD","",5.58,"E","QUARTERFIELD RD",5,"F","E",NA,"RP","","RAMP 6 FR MD 174 EB TO MD 100 SB",39.15167884,-76.63512111,1,0,1,"M",1,3,NA,1,10.88,1,2,51,"P",0,NA,0,"",NA,"",NA,1,NA,"14-SEP-95","c2a1e824-a1cc-404f-9a09-c5708d7b7c6f","MD","","","",""
"AC1909002K",3,2,NA,1,17,2,1,1,3,0,6.01,"12/15/2016","22:05:00","2B3","N","N","AACOPD","UNK",3,3,0,"MD","",5.21,"N","BALTO ANNAPOLIS BLVD",0,"F","S",NA,"","","CHRISTOS CT",39.18781981,-76.64235234,1,0,1,"M",1,3,NA,2,1,1,1,88,"P",0,NA,0,"",NA,"N",NA,0,NA,"14-Jan-76","7f6bb80a-2911-4d9e-8208-261ece80743b","MD","C","","","A"
"AC19120013",1,2,NA,1,88,5,NA,5,88,0,7.01,"07-03-2015","07:41:00","3A4","N","N","AACOPD","UNK",3,0,NA,"MD","",6.15,"E","MOUNTAIN RD",0,"F","E",NA,"CO","","GARLAND RD",39.10759792,-76.49366328,1,0,1,"M",1,3,NA,0,14.88,0,1,52,"P",0,NA,0,"",NA,"",NA,0,NA,"16-OCT-62","dcc283dc-9e06-4d5e-bce8-2e68bb9fde4f","MD","","","","A"
"AC1918002K",3,2,0,2,88,2,4,1,4,0,6.01,"05-03-2016","21:37:00","4B2","Y","N","AACOPD","UNK",3,0,2,"MD","",17.21,"N","SOLOMONS ISLAND RD",0,"F","N",253,"MD","","MAYO RD",38.94110682,-76.56319499,1,1,1,"F",99,4,NA,2,6,1,1,52,"P",0,NA,0,"",NA,"Y",NA,0,NA,"28-JUN-91","a91efb1f-925b-45cf-adc1-28dd352401a8","MD","","","","A"
"AC1921001L",3,2,0,2,17,2,1,1,5.01,0,6.01,"11-20-2015","21:05:00","3A1","N","N","AACOPD","UNK",3,0,173,"MD","",5.32,"N","FORT SMALLWOOD RD",0,"F","N",1715,"CO","","SOMERSET RD",39.15860071,-76.51786566,1,0,1,"M",2,3,NA,2,10.88,1,1,51,"P",0,NA,0,"",NA,"Y",NA,1,NA,"02-APR-70","a54017db-566f-4c49-9297-98d4c88613db","MD","C","","",""
"AC1921001X",1,2,0,1,17,2,1,1,5.01,0,6.01,"04-18-2016","07:40:00","3A2","N","N","AACOPD","UNK",3,0,177,"MD","",2.77,"E","MOUNTAIN RD",226,"F","E",1631,"CO","","OUTING AVE",39.12876192,-76.54803514,1,0,1,"F",1,3,NA,3,1,0,1,53,"P",0,NA,0,"",NA,"N",NA,1,NA,"25-APR-02","2b81edbe-7b5f-419f-953a-5f8ee5d4a517","","","","","A"
"AC1933001Z",5.02,2,0,2,17,2,1,1,4,0,6.01,"10/25/2016","6:57:00","2D2","Y","N","AACOPD","UNK",3,0,2,"MD","",35.98,"N","GOV RITCHIE HWY",0,"F","N",6560,"CO","","5TH AVE SE",39.15822635,-76.61877036,1,0,2,"M",1,3,NA,3,6,88,1,62.88,"P",0,NA,0,"",NA,"U",NA,1,NA,"6-Feb-01","0d73f30f-a354-423d-9842-a56e487dfe41","","","","","A"
"AC1933001Z",5.02,2,0,2,17,2,1,1,4,0,6.01,"10/25/2016","6:57:00","2D2","Y","N","AACOPD","UNK",3,0,2,"MD","",35.98,"N","GOV RITCHIE HWY",0,"F","N",6560,"CO","","5TH AVE SE",39.15822635,-76.61877036,1,0,2,"M",1,3,NA,3,5,88,1,62.88,"P",0,NA,0,"",NA,"U",NA,1,NA,"14-Dec-99","cc182850-44f4-4057-a8b0-5cb615ca7c5d","","","","","A"
"AC19380011",1,2,NA,1,8,88,1,1,4,88,6.01,"02-14-2015","08:54:00","5A3","N","N","AACOPD","UNK",1,1,100,"MD","",0.18,"E","NO NAME",90,"F","E",100,"MD","M","COCA COLA DR",39.1771167,-76.7389226,2,2,1,"M",1,3,NA,99,1,0,1,56,"P",0,NA,0,"",NA,"",NA,0,NA,"26-JUN-96","326f5587-3283-49ed-81ca-f83450fea2f6","MD","C","","","A"
"AC1955001B",1,2,NA,1,17,2,2,1,2,0,0,"06-20-2015","12:54:00","","N","N","AACOPD","UNK",3,0,NA,"MD","",9.59,"E","NO NAME",100,"F","E",NA,"MD","","GOV RITCHIE HWY",39.13448769,-76.59956574,1,0,1,"M",99,4,NA,99,1,0,1,88,"P",0,NA,0,"",NA,"",NA,1,NA,"05-FEB-77","c0948a0a-e8ca-409a-b3a0-108bab867101","","c","","","A"
"AC1960002Q",4,2,0,1,0,1,1,1,1,0,6.01,"11-06-2015","22:45:00","4A1","N","N","AACOPD","UNK",3,0,178,"MD","",0.18,"N","GENERALS HWY",100,"F","S",0,"UU","","ENT TO BUSINESS",38.98786162,-76.54894672,1,0,1,"F",1,3,NA,2,6,1,1,52,"P",0,NA,0,"",NA,"Y",NA,1,NA,"04-OCT-97","d56706fc-f03d-4ab8-8d9a-9ac5924e929d","MD","ID","","","A"
"AC19600046",1,2,0,0,17,1,1,1,1,0,7.01,"11/30/2016","14:17:00","5D2","N","N","AACOPD","UNK",3,0,450,"MD","",4.88,"E","DEFENSE HWY",1,"M","E",2712,"CO","","RUTLAND RD",38.9846002,-76.61019375,1,0,1,"M",1,3,NA,4,1,0,1,59,"P",0,NA,0,"",NA,"N",NA,1,NA,"29-May-88","30bfe688-3151-4a62-abac-a04b4238141a","PA","C","","","A"
"AC1962001M",3,2,NA,2,88,1,NA,1,4,0,3,"06-08-2015","20:40:00","D2","Y","N","AACOPD","UNK",3,0,2,"MD","",35.59,"N","GOV RITCHIE HWY",0,"F","N",698,"CO","","AQUAHART RD",39.15372552,-76.61459684,1,0,1,"M",1,3,NA,1,10.88,1,1,51,"P",0,NA,0,"",NA,"",NA,1,NA,"24-JAN-91","f14347f5-d541-4ef8-86c8-343cdb4be9d9","MD","C","","","A"
"AC19640010",1,2,NA,2,88,2,2,1,1,0,6.01,"05-14-2015","16:47:00","2B2","Y","N","AACOPD","UNK",3,0,648,"MD","E",1.77,"N","BALTO ANNAPOLIS BLVD",0,"F","N",270,"MD","E","FURNACE BRANCH RD",39.20050708,-76.64143012,1,0,1,"F",1,3,NA,1,6,1,3,51,"P",0,NA,0,"",NA,"",NA,1,NA,"04-APR-98","1c6474c1-1cba-497a-9ed2-ff0f44079dd2","","","","","A"
"AC1964002R",1,2,0,3,88,2,1,1,1,7,6.01,"3/17/2017","14:17:00","2D2","Y","N","AACOPD","UNK",3,9,648,"MD","E",2.45,"N","BALTO ANNAPOLIS BLVD",10,"F","N",706,"CO","","AMBERLY RD",39.15911768,-76.61185322,1,0,1,"F",0,3,NA,1,6,3,1,51,"P",0,NA,0,"",NA,"Y",NA,1,NA,"16-Apr-00","704ee3e1-2a7b-4b14-bd0d-7121c924a735","MD","CL","","","A"
"AC1964002Y",0,2,0,2,88,2,NA,1,1,0,6.01,"4/13/2017","17:44:00","2D1","Y","N","AACOPD","UNK",4,0,3,"MD","BU",3.26,"N","CRAIN HWY",0,"F","N",634,"CO","","CENTRAL AVE",39.16400333,-76.62589978,1,0,1,"M",1,3,NA,2,5,3,2,51,"P",0,NA,0,"",NA,"Y",NA,21,NA,"12-Jul-59","46408aa7-3f5e-4e0f-a601-072e4398eb6d","","","","","A"
"AC19670022",4,2,0,1,88,2,3,1,4,0,0,"11/3/2016","22:55:00","2A2","N","N","AACOPD","UNK",3,3,2,"MD","",39.28,"N","GOV RITCHIE HWY",NA,"F","N",314,"CO","","CHERRY LA",39.20259525,-76.61362052,1,0,1,"M",1,3,NA,2,88,1,1,53,"P",0,NA,0,"",NA,"Y",NA,1,NA,"19-Jul-65","a7e5cf4d-3aec-497d-b80d-360ef3a01a25","MD","C","","","A"
"AC19690011",1,2,NA,0,17,2,1,1,1,0,6.01,"03-27-2015","17:55:00","3C1","N","N","AACOPD","UNK",3,0,177,"MD","",1.82,"E","MOUNTAIN RD",100,"F","E",467,"OP","","LEA RD",39.13170808,-76.56533003,1,0,1,"M",1,3,NA,0,1,0,1,53,"P",0,NA,0,"",NA,"",NA,0,NA,"17-APR-81","78ea8f2d-467d-4808-94e2-dd1ede937f02","","","","","A"
"AC1970000L",1,2,NA,2,17,2,NA,1,88,0,6.01,"01-02-2015","10:24:00","2C1","N","N","AACOPD","UNK",3,0,2,"MD","",36.69,"N","GOV RITCHIE HWY",0,"F","N",NA,"UU","","ENT TO BUSINESS",39.17067667,-76.62033667,1,0,1,"M",1,3,NA,0,88,0,1,88,"P",0,NA,0,"",NA,"",NA,0,NA,"14-JUL-45","6c21de19-da20-4498-b11b-afd6fc5fc007","MD","N/A","","","A"
"AC19700015",3,2,0,2,17,0,1,1,4,0,0,"07-31-2015","20:39:00","2C1","Y","N","AACOPD","UNK",3,0,3,"MD","BU",3.26,"N","CRAIN HWY",0,"F","N",648,"CO","","POST 40 RD",39.16381663,-76.62557244,1,0,1,"F",1,3,NA,4,16.05,0,88,59,"P",0,NA,0,"",NA,"N",NA,25.88,NA,"06-NOV-62","24912780-eea3-4c79-860d-44b73e11a04c","","","","","A"
"AC1974001W",1,2,0,2,17,2,2,1,4,0,6.01,"05-27-2016","18:51:00","2C1","Y","N","AACOPD","UNK",3,0,2,"MD","",36.66,"N","GOV RITCHIE HWY",0,"F","N",656,"CO","","GEORGIA AVE NW",39.16684577,-76.62272302,1,0,1,"M",1,3,NA,1,6,99,1,51,"P",0,NA,0,"",NA,"Y",NA,1,NA,"25-MAR-80","c9674175-e721-43cf-a8a0-c5b0ed4f9f0a","MD","C","","","A"
"AC19930022",3,2,0,2,17,1,1,1,3,0,2,"11-05-2015","21:01:00","2D3","N","N","AACOPD","UNK",3,0,648,"MD","E",0.25,"N","BALTO ANNAPOLIS BLVD",0,"F","N",0,"UU","","CASTLE HARBOUR WAY",39.13763333,-76.58664823,1,0,1,"F",2,3,NA,2,6,1,1,52,"P",1,NA,0,"",NA,"Y",NA,1,NA,"29-MAY-67","08b94437-1744-48ac-afb1-68f016b78046","MD","C","","","A"
"AC2012000S",3,2,0,9.04,17,2,NA,1,4,0,6.01,"11-14-2015","18:14:00","5A1","N","N","AACOPD","UNK",3,0,198,"MD","",1.45,"E","LAUREL FT MEADE RD",100,"F","W",960,"CO","","RED CLAY RD",39.09853977,-76.8098658,1,0,1,"M",1,3,NA,2,88,1,1,88,"P",0,NA,0,"",NA,"N",NA,1,NA,"27-JUN-13","e4737f93-dc30-4cc0-ab70-d1e724984da7","","","","",""
"AC20130013",1,2,NA,2,17,2,NA,0,4,0,6.01,"05-31-2015","11:21:00","4B2","Y","N","AACOPD","UNK",3,0,2,"MD","",17.21,"N","SOLOMONS ISLAND RD",0,"F","N",253,"MD","","MAYO RD",38.93965064,-76.56457901,1,0,1,"M",NA,3,NA,3,3,1,1,54,"P",0,NA,0,"",NA,"",NA,0,NA,"24-SEP-23","5fc5aa03-a70b-4935-8f0d-eb0c57bf8ccc","MD","C","","","A"
"AC2015000L",3,2,NA,0,88,3,1,0,1,0,8.04,"03-05-2015","20:43:00","3C1","N","N","AACOPD","UNK",3,0,177,"MD","",3.39,"E","MOUNTAIN RD",50,"F","E",2048,"CO","","BROOKFIELD RD",39.1266396,-76.53734922,1,0,1,"M",2,3,NA,3,6,0,1,54,"P",0,NA,0,"",NA,"",NA,0,NA,"12-JAN-57","5a4f1cf0-aa5f-46a4-a48b-1769cdf3bf1f","","","","","A"
"AC2016000N",1,2,NA,1,17,2,4,1,4,0,6.01,"04-12-2015","19:27:00","","N","N","AACOPD","UNK",3,1,2,"MD","",38.59,"N","GOV RITCHIE HWY",20,"F","N",3866,"CO","","W ORDNANCE RD",39.1936655,-76.61345959,1,0,1,"F",1,3,NA,2,6,99,1,52,"P",0,NA,0,"",NA,"",NA,1,NA,"01-FEB-93","0bef0c65-f1f8-4826-89e7-ecddae215d2b","","","","","A"
"AC20160013",1,2,0,2,17,2,2,1,4,0,6.01,"10-27-2015","16:06:00","2A1","N","N","AACOPD","UNK",3,1,2,"MD","",40.11,"N","GOV RITCHIE HWY",0,"F","N",164,"CO","","HAMMONDS LA",39.21611578,-76.6144806,1,1,1,"F",1,3,NA,2,6,3,1,52,"P",0,NA,0,"",NA,"Y",NA,1,NA,"08-AUG-03","8ac9126a-17e7-4763-be6a-76ee33fa7c28","","N/A","","","A"
"AC2023001B",0,2,0,3,17,2,1,1,1,0,6.01,"09-10-2015","15:15:00","2D1","N","N","AACOPD","UNK",4,0,3,"MD","BU",2.57,"N","CRAIN HWY",0,"F","N",619,"CO","","PERSHING AVE",39.15471556,-76.63078666,1,3,1,"M",1,3,NA,1,6,1,2,51,"P",0,NA,0,"",NA,"Y",NA,21,NA,"05-MAY-04","e79d6433-dfbb-4c4c-8433-f0c9453709ec","MD","","","","A"
"AC20230024",1,2,0,2,11,2,1,1,1,0,6.01,"06-27-2016","08:30:00","2D1","Y","N","AACOPD","UNK",4,0,176,"MD","",4.73,"E","DORSEY RD",0,"F","E",605,"CO","","STEWART AVE",39.16461104,-76.64675251,1,0,1,"F",1,3,NA,3,5,3,2,51,"P",0,NA,0,"",NA,"Y",NA,21,NA,"30-AUG-47","c8e03760-2098-412d-bf60-b7f99afafdc0","MD","C","","","A"
"AC2023002J",1,2,0,88,17,2,1,1,88,0,6.01,"09-17-2016","18:29:00","2C2","N","N","AACOPD","UNK",3,0,2,"MD","",38.36,"N","GOV RITCHIE HWY",0,"F","N",0,"UU","","ENT TO THE CENTRE AT GLEN BURNIE",39.19256896,-76.61180735,1,0,1,"M",1,3,NA,0,6,1,1,52,"P",0,NA,0,"",NA,"Y",NA,1,NA,"27-MAY-83  00:00:00","7fc0e16b-4eb2-4f5f-b697-bf62150d767e","","","","",""
"AC2026003B",3,2,0,2,88,2,1,1,1,0,6.01,"2/6/2017","18:24:00","2C1","Y","N","AACOPD","UNK",3,0,3,"MD","BU",3.34,"N","CRAIN HWY",0,"F","N",648,"MD","E","BALTO ANNAPOLIS BLVD",39.1649313,-76.62492871,1,0,1,"F",99,3,NA,3,5,3,1,51,"P",0,NA,0,"",NA,"Y",NA,1,NA,"28-Apr-58","a52a112b-f8a7-4007-ad18-c91aead5626f","MD","ID","","","A"
"AC20270018",3,2,NA,3,17,1,2,1,1,0,3,"04-25-2015","21:22:00","5B1","Y","N","AACOPD","UNK",3,0,175,"MD","",4.94,"N","ANNAPOLIS RD",10,"F","N",6035,"CO","","BLUE WATER BLVD",39.10056833,-76.72067333,1,0,1,"F",1,3,NA,2,6,1,1,52,"P",0,NA,0,"",NA,"",NA,1,NA,"09-JUL-92","f5a39752-7d37-434d-9d1d-2705c0c56596","MD","C","","",""
"AC2032002C",1,2,0,1,88,2,2,1,3,0,6.01,"08-06-2016","14:27:00","2C2","N","N","AACOPD","UNK",3,0,270,"MD","",2.09,"N","FURNACE BRANCH RD",300,"F","N",2,"MD","","GOV RITCHIE HWY",39.18136492,-76.61168128,1,0,1,"M",1,3,NA,2,2,1,1,53,"P",0,NA,0,"",NA,"U",NA,1,NA,"10-MAY-85  00:00:00","7b185b83-fa38-4a3f-acd6-144a4f6ebb48","","","","",""
"AC2034001D",3,2,0,2,88,2,1,1,1,0,6.01,"02-19-2016","18:37:00","2A1","N","N","AACOPD","UNK",3,0,171,"MD","",0.86,"E","CHURCH ST",0,"F","E",338,"CO","","6TH ST",39.22085861,-76.59899712,1,0,1,"M",1,3,NA,3,10.88,1,2,51,"P",0,NA,0,"",NA,"N",NA,1,NA,"04-SEP-00","f8c3c3e5-bd0e-43db-a1ba-ee9e94bbad88","","","","","A"
"AC2039002C",0,2,0,2,0,2,1,1,1,0,6.01,"1/26/2017","18:21:00","5C1","Y","N","AACOPD","UNK",3,0,174,"MD","",4.68,"E","QUARTERFIELD RD",0,"F","E",0,"UU","","ENT TO BUSINESS",39.14260949,-76.64903909,1,0,1,"M",0,3,NA,2,9.05,99,1,51,"P",0,NA,0,"",NA,"N",NA,0,NA,"13-Jan-80","0315c655-94e9-4ee5-a1e1-b1086d5eeaff","MD","C","","","A"
"AC2042001H",1,2,0,2,88,1,2,1,3,0,6.01,"4/21/2017","9:16:00","4B2","Y","N","AACOPD","UNK",3,0,214,"MD","",6.63,"E","CENTRAL AVE",0,"F","E",253,"MD","","MAYO RD",38.92398747,-76.55892894,1,1,1,"M",1,3,NA,3,1,1,1,62.88,"P",0,NA,0,"",NA,"N",NA,1,NA,"1-Jun-99","fb4b0dc7-d10e-4813-9179-9f126b336082","","","","","A"
"AC20430006",1,2,NA,3,11,2,1,1,3,0,6.01,"06-25-2015","12:31:00","2D1","N","N","AACOPD","UNK",4,0,176,"MD","",2.07,"E","DORSEY RD",0,"F","E",170,"MD","","AVIATION BLVD",39.16465679,-76.64682627,1,0,1,"M",1,3,NA,1,5,3,2,51,"P",0,NA,0,"",NA,"",NA,21,NA,"15-JUN-95","43a54f44-ebb2-4ecc-8058-96d0b0ba936d","MD","C","","",""
"AC2043000V",4,2,0,3,17,2,2,1,1,0,6.01,"01-19-2016","19:29:00","2B3","Y","N","AACOPD","UNK",3,1,648,"MD","E",3.81,"N","BALTO ANNAPOLIS BLVD",500,"F","N",3616,"CO","","8TH AVE NW",39.17267946,-76.63322479,1,0,1,"M",1,3,NA,2,6,1,1,52,"P",0,NA,0,"",NA,"Y",NA,0,NA,"08-JUL-73","86a25890-800f-4ce1-a151-fdc2cb97bd09","MD","C","","","A"
"AC2043001N",3,2,0,0,17,2,1,1,4,0,6.01,"4/15/2017","20:47:00","2B3","N","N","AACOPD","UNK",3,1,2,"MD","",38.59,"N","GOV RITCHIE HWY",100,"F","S",3866,"CO","","W ORDNANCE RD",39.19363224,-76.61355615,1,0,1,"M",1,4,NA,2,6,1,3,51,"P",0,NA,0,"",NA,"Y",NA,0,NA,"16-Mar-06","1753df93-b642-427e-b1fc-ae9f4f7b3490","MD","","","","A"
"AC2047001Z",3,2,0,1,88,1,1,1,4,0,0,"4/22/2017","22:15:00","3B2","N","N","AACOPD","UNK",3,0,3,"MD","BU",1.63,"N","CRAIN HWY",100,"F","S",873,"CO","","MAYO RD",39.1394993,-76.63267853,1,0,1,"M",2,4,NA,2,88,1,1,52,"P",0,NA,0,"",NA,"Y",NA,0,NA,"1-Jan-01","8a91b364-8fbb-4e58-9695-199b23a3b1d9","","","","","A"
"AC20480005",1,2,0,2,17,2,2,1,4,0,6.01,"07-28-2015","16:15:00","","Y","N","AACOPD","UNK",4,0,2,"MD","",40.28,"N","GOV RITCHIE HWY",0,"F","N",171,"MD","","CHURCH ST",39.21807411,-76.61412477,1,0,1,"U",NA,3,NA,0,9.05,3,2,51,"P",0,NA,0,"",NA,"Y",NA,1,NA,"06-JAN-99","7cdb0c4d-c437-4a94-8450-ad1ca7d7af75","","","","","A"
"AC2052000F",3,2,0,2,88,1,2,1,3,88,3,"11-10-2015","19:24:00","2B3","Y","N","AACOPD","UNK",3,0,648,"MD","E",3.81,"N","BALTO ANNAPOLIS BLVD",0,"F","N",176,"MD","","DORSEY RD",39.17172919,-76.63248718,1,0,1,"M",1,3,NA,2,5,3,1,51,"P",0,NA,0,"",NA,"Y",NA,1,NA,"12-AUG-98","95c237a3-9e58-48fe-a362-212ba0504cf9","","","","","A"
"AC2060000H",1,2,0,1,88,2,1,1,1,0,6.01,"12-18-2015","12:15:00","2A2","N","N","AACOPD","UNK",3,3,2,"MD","",38.69,"N","GOV RITCHIE HWY",100,"F","S",0,"UU","","ENT TO ARUNDEL PLAZA",39.19477139,-76.61504745,1,1,1,"F",0,3,NA,0,6,1,1,53,"P",0,NA,0,"",NA,"U",NA,1,NA,"23-NOV-56","f3c6679e-b90f-4a00-a852-220cea30f305","MD","C","","",""
"AC2063000R",1,2,0,2,88,2,NA,1,1,0,7.01,"11-19-2015","14:36:00","3B3","Y","N","AACOPD","UNK",4,4,3,"MD","BU",0.8,"N","CRAIN HWY",0,"F","N",3827,"CO","","GREENBRANCH LA",39.13078014,-76.63887084,1,0,1,"M",99,3,NA,99,9.05,2,2,51,"P",0,NA,0,"",NA,"N",NA,99,NA,"06-JUN-94","423de688-2fcd-4cb0-b7f2-bbf83c8d5335","MD","C","","","A"
"AC20640012",1,2,0,0,88,2,1,1,1,0,6.01,"02-25-2016","12:00:00","2B2","Y","N","AACOPD","UNK",3,0,168,"MD","",1.28,"E","NURSERY RD",100,"F","W",648,"MD","E","BALTO ANNAPOLIS BLVD",39.22138897,-76.64363027,1,0,1,"M",1,3,NA,3,2,2,1,56,"P",0,NA,0,"",NA,"N",NA,0,NA,"02-SEP-74","e7bef261-595b-4e29-a479-5dd8a3bf38eb","MD","","","","A"
"AC2067000T",6.02,2,0,1,88,2,1,1,3,0,0,"08-06-2016","20:20:00","5D2","N","N","AACOPD","UNK",3,0,450,"MD","",6.45,"E","DEFENSE HWY",15,"F","E",4895,"CO","","THE RIDGES GATEWAY",38.98667568,-76.60823464,1,0,1,"M",1,3,NA,1,6,1,1,53,"P",0,NA,0,"",NA,"U",NA,1,NA,"31-JAN-83  00:00:00","ff48bbb6-8af4-49d9-a65e-ad3edff600b7","MD","C","","","A"
"AC20670024",1,2,0,5.01,8,2,2,1,4,0,6.01,"6/15/2017","9:27:00","5C4","N","N","AACOPD","UNK",4,0,170,"MD","",0.96,"N","TELEGRAPH RD",0,"F","N",32,"MD","","NO NAME",39.09886884,-76.69418335,1,0,1,"M",1,3,NA,4,1,1,2,52,"P",0,NA,0,"",NA,"N",NA,25.88,NA,"28-Apr-75","93203ba2-272e-4b63-ac0e-0742b4ef2d77","MD","C","","",""
"AC2079000C",1,2,0,3,11,2,2,1,1,0,6.01,"07-22-2015","16:55:00","5C1","Y","N","AACOPD","UNK",1,0,176,"MD","",3.55,"E","DORSEY RD",5,"F","E",3973,"CO","","WB&A RD",39.16548863,-76.67351961,1,0,1,"M",1,3,NA,3,8,2,2,51,"P",0,NA,0,"",NA,"N",NA,21,NA,"22-JUL-54","bd76a7d8-77c0-42a1-9deb-0847d7a3d03f","MD","c","","","A"
"AC20790023",1,2,0,3,11,2,2,1,4,0,6.01,"2/11/2017","12:21:00","5A1","Y","N","AACOPD","UNK",4,0,198,"MD","",0.83,"E","LAUREL FT MEADE RD",5,"F","E",975,"CO","","OLD LINE AVE",39.10077136,-76.82139516,1,0,1,"M",1,3,NA,99,9.05,0,2,51,"P",0,NA,0,"",NA,"N",NA,1,NA,"5-Jan-01","ddce6583-3a3a-4303-a786-8378001ff98d","","","","","A"
"AC2089001F",1,2,0,2,11,2,2,1,4,0,0,"6/3/2017","13:30:00","2D2","Y","N","AACOPD","UNK",3,0,2,"MD","",35.59,"N","GOV RITCHIE HWY",0,"F","N",698,"CO","","AQUAHART RD",39.15355823,-76.614477,1,1,1,"M",99,4,NA,2,9.05,3,1,51,"P",0,NA,0,"",NA,"Y",NA,1,NA,"3-Jan-90","c5d86d84-d6ee-4bdc-b10f-02008a3d5593","MD","C","","","A"