"REPORT_NO","LIGHT_CODE","COUNTY_NO","MUNI_CODE","JUNCTION_CODE","COLLISION_TYPE_CODE","SURF_COND_CODE","LANE_CODE","RD_COND_CODE","RD_DIV_CODE","FIX_OBJ_CODE","WEATHER_CODE","ACC_DATE","ACC_TIME","LOC_CODE","SIGNAL_FLAG","C_M_ZONE_FLAG","AGENCY_CODE","AREA_CODE","HARM_EVENT_CODE1","HARM_EVENT_CODE2","RTE_NO","ROUTE_TYPE_CODE","RTE_SUFFIX","LOG_MILE","LOGMILE_DIR_FLAG","MAINROAD_NAME","DISTANCE","FEET_MILES_FLAG","DISTANCE_DIR_FLAG","REFERENCE_NO","REFERENCE_TYPE_CODE","REFERENCE_SUFFIX","REFERENCE_ROAD_NAME","LATITUDE","LONGITUDE","drv","occ","ped","SEX_CODE","CONDITION_CODE","INJ_SEVER_CODE","OCC_SEAT_POS_CODE","PED_VISIBLE_CODE","PED_LOCATION_CODE","PED_OBEY_CODE","PED_TYPE_CODE","MOVEMENT_CODE","PERSON_TYPE","ALCOHOL_TEST_CODE","ALCOHOL_TESTTYPE_CODE","DRUG_TEST_CODE","DRUG_TESTRESULT_CODE","BAC_CODE","FAULT_FLAG","EQUIP_PROB_CODE","SAF_EQUIP_CODE","EJECT_CODE","DATE_OF_BIRTH","PERSON_ID","LICENSE_STATE_CODE","CLASS","CDL_FLAG","VEHICLE_ID","EMS_UNIT_LABEL"
"AC20900007",6.02,2,0,2,0,2,1,1,4,0,0,"11-03-2015","16:42:00","5A1","Y","N","AACOPD","UNK",3,0,198,"MD","",1.69,"E","LAUREL FT MEADE RD",0,"F","E",996,"CO","","RUSSETT GREEN E",39.09836637,-76.80647385,1,0,1,"M",1,3,NA,2,6,3,1,51,"P",0,NA,0,"",NA,"Y",NA,1,NA,"03-NOV-56","cbd0cbec-1901-4deb-9fd0-ceba9563c8a9","MD","ID","","","A"
"AC20930009",1,2,0,1,3,2,3,1,4,0,6.01,"09-03-2015","12:19:00","2C2","N","N","AACOPD","UNK",1,2,2,"MD","",37.75,"N","GOV RITCHIE HWY",300,"F","N",270,"MD","","FURNACE BRANCH RD",39.18279833,-76.61260333,1,0,1,"M",1,3,NA,3,88,0,1,59,"P",0,NA,0,"",NA,"N",NA,0,NA,"24-OCT-78","92c25926-4ed0-4de5-8db8-fbcca32bafb2","MD","CDL","","","B"
"AC2094001S",4,2,0,1,88,1,1,0,1,88,6.01,"5/6/2017","21:05:00","2D3","N","N","AACOPD","UNK",1,0,648,"MD","E",0.52,"N","BALTO ANNAPOLIS BLVD",0,"F","N",417,"OP","","FAYWOOD DR",39.14081004,-76.58858746,1,0,1,"F",1,3,NA,2,5,0,1,51,"P",0,NA,0,"",NA,"N",NA,0,NA,"9-Oct-54","864010d3-3964-4c20-ba02-53c8acea5dae","MD","C","","","A"
"AC2095001J",1,2,0,88,3,2,NA,1,88,0,6.01,"08-07-2016","12:26:00","2B3","N","N","AACOPD","UNK",1,3,648,"MD","E",3.81,"N","BALTO ANNAPOLIS BLVD",100,"F","S",3616,"CO","","8TH AVE NW",39.17234545,-76.63252397,2,0,1,"M",NA,3,NA,0,2,0,1,56,"P",0,NA,0,"",NA,"N",NA,1,NA,"04-JUL-86  00:00:00","c24b792a-8973-4311-b2e7-f31b17639a85","","","","",""
"AC2120000Z",1,2,0,2,12,2,1,1,1,0,6.01,"2/7/2017","15:57:00","5D1","Y","N","AACOPD","UNK",4,0,424,"MD","",7.35,"N","DAVIDSONVILLE RD",0,"F","N",2637,"CO","","RIEDEL RD",39.0108007,-76.68163061,1,0,1,"M",99,3,NA,3,1,2,2,53,"P",0,NA,0,"",NA,"N",NA,21,NA,"22-Jul-74","0093416e-d7f9-4d29-89e6-d8ea6de5c7c6","MD","C","","","A"
"AC2130000Q",3,2,0,3,88,2,NA,1,1,0,6.01,"12/14/2016","19:05:00","3B1","Y","N","AACOPD","UNK",3,0,174,"MD","",5.24,"E","QUARTERFIELD RD",0,"F","E",0,"UU","","LANDMARK DR",39.14719007,-76.64012074,1,0,1,"F",9.88,4,NA,3,5,2,1,51,"P",0,NA,0,"",NA,"N",NA,0,NA,"22-Dec-96","5e61e592-1fb1-4d4d-8325-31ef90d7076b","MD","C","","","A"
"AC21450005",1,2,0,1,88,2,1,1,4,0,6.01,"10/18/2016","9:17:00","2A1","Y","N","AACOPD","UNK",3,0,2,"MD","",40.68,"N","GOV RITCHIE HWY",50,"F","N",369,"CO","","E 11TH AVE",39.2245105,-76.61343477,1,1,1,"F",1,3,NA,3,6,3,1,52,"P",0,NA,0,"",NA,"Y",NA,1,NA,"16-Jan-67","09621ade-83dc-4e98-b1ce-8ec101db1cbd","MD","C","","","A"
"AC21450006",1,2,0,2,88,2,1,1,3,0,2,"11/3/2016","10:54:00","2B1","Y","N","AACOPD","UNK",3,0,170,"MD","",10.68,"N","BELLE GROVE RD",0,"F","N",648,"MD","E","BALTO ANNAPOLIS BLVD",39.21473672,-76.64360225,1,0,1,"M",88,3,NA,2,2,1,1,52,"P",0,NA,0,"",NA,"Y",NA,1,NA,"2-Dec-82","cd034f8e-2079-4089-9429-43869b904d9d","","","","",""
"AC2146000G",1,2,0,9.04,11,2,2,1,1,0,6.01,"2/1/2017","13:29:00","5A2","N","N","AACOPD","UNK",4,0,198,"MD","",3.05,"E","LAUREL FT MEADE RD",300,"F","E",216,"MD","I","WELCHS CT",39.09136028,-76.77662306,1,0,1,"M",1,4,NA,3,1,0,2,53,"P",0,NA,0,"",NA,"N",NA,21,NA,"16-Aug-54","317660e2-fb5e-4eec-a370-8bde53133f76","MD","C","","","A"
"AC21460010",1,2,0,2,88,1,1,1,1,0,3,"4/25/2017","18:07:00","5A3","N","N","AACOPD","UNK",3,0,713,"MD","C",0,"N","TEAGUE RD",0,"F","N",713,"MD","B","RIDGE CHAPEL RD",39.15342289,-76.71850562,1,0,1,"M",1,3,NA,2,6,1,1,52,"P",0,NA,0,"",NA,"Y",NA,0,NA,"6-Jul-71","eab88a47-0876-48fc-905a-fc32ca51a273","IL","C","","","A"
"AC2148000F",1,2,0,2,0,2,1,1,3,0,6.01,"2/7/2017","16:09:00","2C1","Y","N","AACOPD","UNK",3,0,3,"MD","BU",3.26,"N","CRAIN HWY",0,"F","N",648,"CO","","POST 40 RD",39.16380831,-76.62556171,1,0,1,"M",1,4,NA,3,9.05,2,1,51,"P",0,NA,0,"",NA,"N",NA,1,NA,"10-Aug-56","2b3f0bd9-6974-48b7-9acd-da592264daa2","","","","","A"
"AC2150001J",1,2,0,2,0,2,2,1,1,0,6.01,"6/25/2017","19:30:00","5C1","Y","N","AACOPD","UNK",3,0,174,"MD","",4.66,"E","QUARTERFIELD RD",0,"F","E",3656,"CO","","PARKE WEST DR",39.14261053,-76.64902166,1,0,1,"M",1,3,NA,3,9.05,2,1,51,"P",0,NA,0,"",NA,"N",NA,1,NA,"13-Dec-54","27328bf8-e151-4752-9766-8f4f36974d01","","","","","A"
"AC2198000L",4,2,0,1,3,2,NA,1,1,0,7.01,"5/29/2017","22:05:00","","N","N","AACOPD","UNK",2,1,170,"MD","",11.15,"N","BELLE GROVE RD",30,"F","N",128,"CO","","GIBBONS AVE",39.21873517,-76.63842559,1,1,2,"M",1,3,NA,0,88,0,88,56,"P",0,NA,0,"",NA,"N",NA,0,NA,"27-May-03","7df7b758-2105-4dc1-af1e-22b199947afe","","","","","B"
"AC2198000L",4,2,0,1,3,2,NA,1,1,0,7.01,"5/29/2017","22:05:00","","N","N","AACOPD","UNK",2,1,170,"MD","",11.15,"N","BELLE GROVE RD",30,"F","N",128,"CO","","GIBBONS AVE",39.21873517,-76.63842559,1,1,2,"M",1,4,NA,0,3,0,1,58,"P",0,NA,0,"",NA,"N",NA,1,NA,"12-Jun-75","bd7214f3-1f62-4a11-8dca-46e4879902cb","","","","","C"
"AC22140002",1,2,0,1,17,2,1,1,1,88,0,"5/8/2017","15:30:00","2C2","N","N","AACOPD","UNK",3,3,3,"MD","BU",2.57,"N","CRAIN HWY",20,"F","N",619,"CO","","PERSHING AVE",39.15495652,-76.63081503,1,0,1,"F",1,3,NA,1,6,3,1,62.88,"P",0,NA,0,"",NA,"Y",NA,1,NA,"3-Mar-04","ce2932e7-8fa5-40ef-b019-04569a8e5fe6","","","","","A"
"AE2638001X",1,3,NA,2,17,2,1,1,4,0,7.01,"04-30-2015","11:51:00","","Y","Y","BACOPD","UNK",3,0,150,"MD","",1.09,"E","EASTERN AVE",0,"F","E",5141,"CO","","54TH ST",39.29492527,-76.51168317,1,0,1,"M",99,4,NA,1,5,2,1,51,"P",0,NA,0,"",NA,"",NA,0,NA,"06-OCT-52","cdc5a1bd-d90f-49b6-8627-4e15f6264c92","MD","NONE","","","A"
"AE2638002K",1,3,0,1,17,2,2,1,4,0,6.01,"07-23-2015","10:46:00","","N","N","BACOPD","UNK",3,0,151,"MD","",2.97,"N","NORTH POINT BLVD",60,"F","N",5534,"CO","","KIRKLAND ST",39.26021114,-76.46306545,1,0,1,"M",3,3,NA,3,6,1,1,52,"P",0,NA,0,"",NA,"Y",NA,1,NA,"25-NOV-75","ce15bdd8-5bd8-414f-b2bb-4b6e7f45ad54","MD","NO MD LIC","","","A"
"AE3117000Q",1,3,NA,1,88,2,1,1,1,0,6.01,"06-11-2015","18:04:00","","N","N","BACOPD","UNK",3,0,147,"MD","",0.39,"N","HARFORD RD",23,"F","N",3734,"CO","","DUBOIS AVE",39.37655637,-76.54043913,1,0,1,"M",99,5,NA,3,4,1,1,53,"P",0,NA,0,"",NA,"N",NA,0,NA,"11-JUL-47","80f21a62-098b-4f8a-8496-ea187101d67e","TX","B","","","A"
"AE31170010",4,3,0,1,88,2,2,1,4,0,6.01,"10-20-2015","06:04:00","","N","N","BACOPD","UNK",3,3,122,"MD","",1.38,"E","SECURITY BLVD",213,"F","W",2475,"CO","","GWYNN OAK AVE",39.31183853,-76.7305541,1,0,2,"F",99,5,NA,2,6,1,1,52,"P",0,NA,0,"",NA,"Y",NA,0,NA,"12-SEP-59","da3f2812-391d-4652-81eb-7a6012d18f3f","MD","I","","","A"
"AE31170010",4,3,0,1,88,2,2,1,4,0,6.01,"10-20-2015","06:04:00","","N","N","BACOPD","UNK",3,3,122,"MD","",1.38,"E","SECURITY BLVD",213,"F","W",2475,"CO","","GWYNN OAK AVE",39.31183853,-76.7305541,1,0,2,"M",99,4,NA,2,6,1,1,52,"P",0,NA,0,"",NA,"Y",NA,0,NA,"08-JUL-67","1d7dd843-764a-4e75-af29-878b6e0255d0","","","","","B"
"AE3341000S",4,3,NA,1,88,2,2,1,3,0,6.01,"02-08-2015","22:33:00","12/1407","N","N","BACOPD","UNK",3,0,157,"MD","",4.48,"N","MERRITT BLVD",39,"F","N",5428,"CO","","RABON AVE",39.28357622,-76.5064019,1,1,1,"U",88,4,NA,3,6,1,1,52,"P",0,NA,0,"",NA,"",NA,0,NA,"02-AUG-94","32f84267-73b7-47b0-a4c2-409fcfdf4f3d","MD","I","","","A"
"AE3341000V",3,3,NA,1,88,2,1,1,1,0,6.01,"02-24-2015","23:25:00","PC1/1407","N","N","BACOPD","UNK",3,0,144,"MD","",4.4,"E","FREDERICK RD",129,"F","E",2774,"CO","","MAPLE DR",39.27525476,-76.71810865,1,0,1,"F",2,4,NA,3,6,1,1,52,"P",0,NA,0,"",NA,"",NA,0,NA,"22-OCT-70","34dfe588-fb9c-48b9-afff-657cc09cb737","MD","C","","","A"
"AE3341000Z",3,3,NA,1,88,1,NA,0,1,0,3,"03-26-2015","21:30:00","PC2 1407","N","N","BACOPD","UNK",3,0,26,"MD","",6.457,"E","LIBERTY RD",58,"F","E",1700,"CO","","OLD COURT RD",39.36116228,-76.77827597,1,0,1,"M",1,3,NA,3,6,1,1,52,"P",0,NA,0,"",NA,"",NA,0,NA,"09-DEC-91","51d3ad3f-a3f2-447b-9d19-52649c17f417","","N/A","","","A"
"AE33410014",3,3,NA,1,88,2,3,1,88,0,6.01,"05-06-2015","21:52:00","12/1407","N","N","BACOPD","UNK",3,3,150,"MD","",1.09,"E","EASTERN AVE",81,"F","E",5141,"CO","","54TH ST",39.29509963,-76.511482,1,0,2,"F",1,3,NA,3,6,1,1,52,"P",0,NA,0,"",NA,"",NA,0,NA,"17-APR-90","97c2d96a-e8ac-4656-b57a-bdb91d2f589a","","","","","A"
"AE33410014",3,3,NA,1,88,2,3,1,88,0,6.01,"05-06-2015","21:52:00","12/1407","N","N","BACOPD","UNK",3,3,150,"MD","",1.09,"E","EASTERN AVE",81,"F","E",5141,"CO","","54TH ST",39.29509963,-76.511482,1,0,2,"F",2,3,NA,2,6,1,1,52,"P",0,NA,0,"",NA,"",NA,0,NA,"24-NOV-88","b3999ee4-8655-49ab-95d2-91bbe79d21f8","","","","","A"
"AE3341001D",3,3,0,1,88,1,1,1,88,0,3,"07-27-2015","02:16:00","11 1410","N","N","BACOPD","UNK",3,0,150,"MD","",3.38,"E","EASTERN BLVD",276,"F","E",4979,"CO","","WOODWARD DR",39.30958892,-76.47268653,1,0,1,"M",2,4,NA,2,6,1,1,52,"P",0,NA,0,"",NA,"Y",NA,0,NA,"27-NOV-79","90d5ee7b-88bb-46cd-b5f2-ed9544e04d4f","MD","C","","","A"
"AE3341001H",4,3,0,1,88,2,2,1,4,0,6.01,"09-03-2015","21:45:00","11/1407","N","N","BACOPD","UNK",3,0,700,"MD","",0.85,"N","MARTIN BLVD",753,"F","S",4483,"CO","","WINDLASS DR",39.33335971,-76.44791365,1,0,1,"M",99,5,NA,2,6,1,1,52,"P",88,88,88,"P",0.03,"Y",NA,1,NA,"11-MAY-67","1811b4c5-4591-423b-b8b7-91733097ff8f","MD","I","","",""
"AE3341002S",3,3,0,1,88,1,1,0,88,0,7.01,"1/13/2017","2:52:00","4 1407","N","N","BACOPD","UNK",2,3,26,"MD","",8.297,"E","LIBERTY RD",134,"F","W",6382,"CO","","LORD BALTIMORE DR",39.35000338,-76.74791604,1,0,1,"M",1,3,NA,3,6,1,1,56,"P",0,NA,0,"",NA,"N",NA,0,NA,"17-Jun-73","6f009248-9912-407c-83a5-478e20a35be9","MD","C","","","B"
"AE3438001Z",3,3,NA,1,88,1,2,1,3,0,6.01,"01-06-2015","19:02:00","","N","N","BACOPD","UNK",3,0,139,"MD","",1.65,"N","CHARLES ST",35,"F","N",1421,"CO","","MALVERN AVE",39.39338148,-76.62822783,1,1,1,"F",9.88,3,NA,2,6,1,1,52,"P",0,NA,0,"",NA,"",NA,0,NA,"06-MAY-81","34da1422-8d12-4791-8c89-bb5063690098","","","","",""
"AE3438003Y",1,3,0,2,88,2,1,1,3,0,6.01,"08-19-2015","18:06:00","","Y","N","BACOPD","UNK",4,0,542,"MD","",2.08,"N","LOCH RAVEN BLVD",0,"F","N",3488,"CO","","YAKONA RD",39.39584085,-76.56316549,1,0,1,"M",2,3,NA,2,6,1,2,51,"P",0,NA,0,"",NA,"Y",NA,1,NA,"07-AUG-72","eb6b6da3-8966-4cb7-b0ea-d9d536257ffc","","","","",""
"AE3472000J",3,3,NA,1,17,2,2,1,1,0,6.01,"01-01-2015","18:47:00","","N","N","BACOPD","UNK",3,3,26,"MD","",4.847,"E","LIBERTY RD",75,"F","E",2350,"CO","","CHAPMAN RD",39.3722603,-76.80621386,1,0,1,"F",2,3,NA,3,6,1,1,52,"P",0,NA,0,"",NA,"",NA,0,NA,"31-AUG-73","f13e9e40-04b5-4527-80a8-89ddb996b2d9","MD","ID","","","A"
"AE3472000M",4,3,NA,1,17,2,1,1,1,0,6.01,"02-25-2015","20:13:00","","N","N","BACOPD","UNK",3,0,7,"MD","",4.05,"E","PHILADELPHIA RD",309,"F","E",4463,"CO","","LENNINGS LA",39.345184,-76.4756155,1,1,1,"F",1,4,NA,2,6,1,1,56,"P",0,NA,0,"",NA,"",NA,1,NA,"03-NOV-60","49a39e3a-41af-4bb9-b1d9-a06aa4e497a2","MD","C","","","A"
"AE3472001Z",3,3,0,1,17,2,1,1,1,0,6.01,"06-04-2016","20:26:00","","N","N","BACOPD","UNK",3,0,147,"MD","",0.646,"N","HARFORD RD",237,"F","S",3666,"CO","","ONYX RD",39.37905365,-76.53830409,1,0,1,"M",2,4,NA,3,6,1,1,52,"P",0,NA,0,"",NA,"Y",NA,0,NA,"08-JUL-54","9372765c-7170-48d0-89da-cad984f8ff36","MD","C","","","A"
"AE3472002H",3,3,0,1,17,1,2,1,3,0,3,"1/11/2017","18:18:00","","Y","N","BACOPD","UNK",3,0,542,"MD","",1.88,"N","LOCH RAVEN BLVD",12,"F","S",3484,"CO","","MUSSULA RD",39.39314518,-76.56409085,1,0,1,"M",2,4,NA,3,5,3,1,51,"P",0,NA,0,"",NA,"Y",NA,0,NA,"2-Jan-78","a999914c-5f05-4e45-b6e2-abb0e594a231","","","","","A"
"AE3500001M",3,3,NA,2,88,1,2,1,1,0,3,"04-09-2015","23:56:00","1409PC08","Y","N","BACOPD","UNK",3,0,41,"MD","",0.12,"N","PERRING PKWY",0,"F","N",NA,"UU","","SPUR FR HILLSWAY AVE",39.37325555,-76.56781912,1,0,1,"M",0,4,NA,2,5,3,1,51,"P",0,NA,0,"",NA,"",NA,1,NA,"05-MAY-95","83416788-b900-4e31-9417-311a87fd53ec","MD","ID","","","A"
"AE3500001T",3,3,NA,3,11,2,1,1,1,0,6.01,"05-13-2015","20:40:00","1409PC11","Y","N","BACOPD","UNK",4,0,700,"MD","",0.31,"N","MARTIN BLVD",9,"F","N",4475,"CO","","RIVERTON RD",39.33346759,-76.44106865,1,1,1,"M",1,4,NA,2,5,3,3,51,"P",0,NA,0,"",NA,"",NA,1,NA,"05-OCT-03","2e447fe8-5683-4d15-84de-a17176c03a89","","N/A","","","A"
"AE3500001W",4,3,NA,1,88,2,2,1,1,0,6.01,"05-21-2015","00:36:00","1409PC02","N","N","BACOPD","UNK",3,0,122,"MD","",1.26,"E","SECURITY BLVD",109,"F","E",86,"GV","","ROBERT MYERS BLVD",39.31192154,-76.73169136,1,1,1,"M",2,5,NA,2,6,1,1,88,"P",88,NA,88,"",NA,"",NA,1,NA,"12-OCT-79","02526906-b3f2-4be3-8eb5-4343cd5fb563","FL","E","","","A"
"AE35000020",4,3,NA,1,88,2,NA,1,1,0,6.01,"06-17-2015","22:37:00","1409PC12","N","N","BACOPD","UNK",6,0,151,"MD","",4.42,"N","NORTH POINT BLVD",166,"F","N",5513,"CO","","DUKIE AVE",39.27714835,-76.47793293,1,0,1,"M",2,3,NA,3,1,1,7,53,"P",0,NA,0,"",NA,"",NA,1,NA,"11-FEB-91","76a7db85-41e5-4ff4-b01e-141523087fd5","MD","C","","","A"
"AE35000021",3,3,NA,1,88,2,1,1,1,0,6.01,"06-24-2015","21:51:00","1409PC07","N","N","BACOPD","UNK",3,0,45,"MD","",4.83,"N","YORK RD",0,"F","N",924,"CO","","EVANS AVE",39.43609356,-76.62418842,1,0,1,"M",1,3,NA,2,6,1,1,52,"P",0,NA,0,"",NA,"",NA,1,NA,"29-OCT-81","c43d05f3-ebb7-4538-8769-bd24131e623a","MD","ID","","","A"
"AE35000022",3,3,NA,1,88,2,NA,1,1,0,6.01,"06-27-2015","02:04:00","1409PC06","N","N","BACOPD","UNK",3,0,NA,"MD","",0.63,"N","DULANEY VALLEY RD",0,"F","N",NA,"RP","","RAMP 4 FR MD 146 NB TO RAMP 5 (TO IS695)",39.41082424,-76.60031676,1,0,1,"M",2,3,NA,3,6,1,1,53,"P",88,0,0,"",NA,"",NA,1,NA,"27-NOV-90","4f85df94-4da2-4552-a3a8-4075f346abaf","MD","C","","","A"
"AE35000025",4,3,0,1,3,2,2,1,1,0,6.01,"07-22-2015","00:05:00","1409PC11","N","N","BACOPD","UNK",5,0,700,"MD","",1.089,"N","MARTIN BLVD",126,"F","N",8791,"CO","","BEACON RD",39.33536376,-76.45547748,1,2,1,"M",1,3,NA,3,6,88,2,53,"P",0,NA,0,"",NA,"Y",NA,1,NA,"01-JUN-89","61e27a31-9af4-49f9-b1cd-b42ab8025578","MD","","","","A"
"AE3500002B",3,3,0,1,88,2,2,1,1,0,6.01,"08-16-2015","02:46:00","1409PC02","N","N","BACOPD","UNK",5,0,122,"MD","",1.09,"E","SECURITY BLVD",528,"F","E",2501,"CO","","WOODLAWN DR",39.31217057,-76.73797846,1,0,1,"M",1,3,NA,2,6,1,7,53,"P",0,NA,0,"",NA,"Y",NA,1,NA,"02-FEB-94","c1e356d5-4f75-4959-a29b-3947ba2b27c9","MD","","","","A"
"AE3500002C",3,3,0,1,88,2,NA,1,1,0,6.01,"09-05-2015","21:38:00","1409PC08","N","N","BACOPD","UNK",3,0,147,"MD","",1.68,"N","HARFORD RD",155,"F","N",3565,"CO","","2ND AVE",39.39214607,-76.52694225,1,1,1,"F",1,3,NA,3,6,1,1,52,"P",0,NA,0,"",NA,"Y",NA,1,NA,"15-MAR-65","29a5e60b-e6b6-40a9-8024-abe0f8c10619","MD","ID","","","A"
"AE3500002G",3,3,0,2,88,2,1,1,1,0,6.01,"10-09-2015","21:23:00","1410PC11","Y","N","BACOPD","UNK",3,0,700,"MD","",0.31,"N","MARTIN BLVD",0,"F","N",4475,"CO","","RIVERTON RD",39.3334012,-76.44100428,1,0,1,"F",1,3,NA,3,88,3,1,52,"P",0,NA,0,"",NA,"Y",NA,1,NA,"09-JUN-91","e898ed0f-20b3-467d-9b3f-27fe9e01bb86","MD","C","","","A"
"AE3500002R",3,3,0,1,17,1,2,1,1,0,3,"11-29-2015","02:12:00","1409PC12","N","N","BACOPD","UNK",3,0,157,"MD","",3.89,"N","MERRITT BLVD",0,"F","N",0,"UU","","ENT TO SHOPPING CENTER",39.27816157,-76.50466919,1,1,1,"M",99,3,NA,2,6,1,1,52,"P",0,NA,0,"",NA,"Y",NA,1,NA,"02-APR-83","ad36912b-4cbe-4f6b-b055-6464f593cebd","MD","C","","","A"
"AE35000030",3,3,0,1,88,2,2,1,1,0,6.01,"03-01-2016","22:09:00","1","N","N","BACOPD","UNK",3,0,26,"MD","",6.097,"E","LIBERTY RD",603,"F","E",2229,"CO","","BRENBROOK DR",39.36347347,-76.78429618,1,0,1,"M",1,4,NA,2,6,1,1,52,"P",0,NA,0,"",NA,"Y",NA,1,NA,"25-APR-95","720c12a1-09ce-4fd7-b464-7c7751dbe66e","MD","C","","","A"
"AE35000032",4,3,0,1,1,1,1,1,1,0,7.01,"04-01-2016","21:40:00","1409PC09","N","N","BACOPD","UNK",6,0,7,"MD","",11.32,"E","PHILADELPHIA RD",0,"F","E",3927,"CO","","BRADSHAW RD",39.42311092,-76.3813895,1,0,1,"M",2,4,NA,2,6,1,7,88,"P",0,NA,0,"",NA,"Y",NA,1,NA,"02-SEP-90","e4193839-a8b8-477f-8dc4-25781f081dfb","MD","ID","","","A"
"AE3500003F",4,3,0,1,3,2,1,1,1,0,6.01,"07-08-2016","00:03:00","1409PC12","N","N","BACOPD","UNK",4,0,151,"MD","",3.22,"N","NORTH POINT BLVD",528,"F","S",0,"UU","","NORTH POINT BAPTIST CHURCH",39.26629273,-76.46770433,1,1,1,"M",0,4,NA,2,88,0,2,53,"P",0,NA,0,"",NA,"Y",NA,1,NA,"28-JUN-02  00:00:00","c96ce0f5-85ad-4f06-aad9-a84cf9b38ac2","","N/A","","","A"
"AE3500003M",3,3,0,1,88,2,2,1,3,4,6.01,"09-13-2016","21:38:00","1409PC02","N","N","BACOPD","UNK",9,3,122,"MD","",0.61,"E","SECURITY BLVD",129,"F","W",695,"RP","","RAMP 1 FR RAMP 4 (FR IS695) TO MD 122 WB",39.31277238,-76.74700677,1,0,1,"M",99,5,NA,2,6,1,1,52,"P",0,NA,0,"",NA,"Y",NA,1,NA,"19-SEP-92  00:00:00","f99a0d79-319d-481e-b773-f268b68e7202","MD","C","","","A"
"AE3500003R",3,3,0,1,88,2,NA,1,1,0,6.01,"11/16/2016","22:20:00","1409PC03","N","N","BACOPD","UNK",3,0,140,"MD","",4.72,"N","REISTERSTOWN RD",526,"F","S",5938,"CO","","GARRISON VIEW RD",39.41181479,-76.76935226,1,0,1,"M",1,3,NA,3,6,1,1,52,"P",0,NA,0,"",NA,"Y",NA,1,NA,"28-May-68","f0f20363-925d-4810-be38-fe7f6730d9ba","","","","","A"
"AE3500003Y",3,3,0,1,88,2,2,1,1,0,6.01,"1/27/2017","20:57:00","1409PC02","N","N","BACOPD","UNK",4,0,26,"MD","",3.677,"E","LIBERTY RD",290,"F","W",533,"CO","","MARRIOTTSVILLE RD",39.38100145,-76.82263434,1,0,2,"M",1,5,NA,2,6,0,2,53,"P",0,NA,0,"",NA,"Y",NA,1,NA,"13-Mar-02","f88e709c-398f-4644-b443-1055243af6ed","","","","",""
"AE3500003Y",3,3,0,1,88,2,2,1,1,0,6.01,"1/27/2017","20:57:00","1409PC02","N","N","BACOPD","UNK",4,0,26,"MD","",3.677,"E","LIBERTY RD",290,"F","W",533,"CO","","MARRIOTTSVILLE RD",39.38100145,-76.82263434,1,0,2,"F",1,4,NA,2,6,1,88,53,"P",0,NA,0,"",NA,"N",NA,1,NA,"26-Mar-97","36d20551-8614-4239-bfa6-06eadb4d8af0","","","","","A"
"AE35680013",5.02,3,0,1,88,2,2,1,4,0,6.01,"08-17-2015","05:30:00","","N","N","BACOPD","UNK",3,0,150,"MD","",2.66,"E","EASTERN BLVD",28,"F","W",4991,"CO","","WAGNERS LN",39.30385251,-76.48507833,1,1,1,"F",NA,5,NA,3,6,1,1,52,"P",99,NA,99,"",NA,"Y",NA,1,NA,"07-JAN-71","8f584625-d817-47aa-9c1d-a8b192514374","","","","",""
"AE35680025",1,3,0,2,88,2,1,1,1,0,6.01,"4/16/2017","9:53:00","","Y","N","BACOPD","UNK",4,0,166,"MD","",2.59,"N","ROLLING RD",0,"F","N",2850,"CO","","HILTON AVE",39.26724692,-76.7452687,1,0,1,"M",1,4,NA,3,6,0,2,53,"P",0,NA,0,"",NA,"N",NA,21,NA,"20-Apr-82","fabe444e-425e-48f2-8fbf-fdfb00d3b7c2","","","","","A"
"AE36570003",1,3,0,11.04,88,1,NA,1,1,0,3,"05-05-2016","10:25:00","","N","N","BACOPD","UNK",3,0,26,"MD","",4.527,"E","LIBERTY RD",300,"F","E",2297,"CO","","PIKESWOOD DR",39.37370445,-76.80938154,1,0,1,"F",1,3,NA,3,6,0,1,53,"P",0,NA,0,"",NA,"Y",NA,1,NA,"26-NOV-96","0edf45af-6f49-47b0-8693-b452b5f506b2","MD","ID","","",""
"AE3665001Q",1,3,0,1,17,2,2,1,4,0,6.01,"01-22-2016","11:04:00","","N","N","BACOPD","UNK",3,0,26,"MD","",9.317,"E","LIBERTY RD",30,"F","E",0,"UU","","BRUBAR CT",39.34369051,-76.73023224,1,0,1,"F",1,3,NA,2,5,99,1,51,"P",0,NA,0,"",NA,"Y",NA,0,NA,"01-JAN-00","f7217126-caf7-4538-a584-9d72c4227c7f","","","","","A"
"AE36650021",1,3,0,1,17,2,NA,1,1,0,6.01,"03-25-2016","11:56:00","","N","N","BACOPD","UNK",4,0,26,"MD","",7.587,"E","LIBERTY RD",50,"F","E",2064,"CO","","MILLVALE RD",39.35411105,-76.75937176,1,0,1,"M",NA,3,NA,3,6,0,2,52,"P",0,NA,0,"",NA,"Y",NA,0,NA,"29-SEP-02","0eed249a-a390-4000-80f0-a692c7b431f5","","","","",""