"REPORT_NO","LIGHT_CODE","COUNTY_NO","MUNI_CODE","JUNCTION_CODE","COLLISION_TYPE_CODE","SURF_COND_CODE","LANE_CODE","RD_COND_CODE","RD_DIV_CODE","FIX_OBJ_CODE","WEATHER_CODE","ACC_DATE","ACC_TIME","LOC_CODE","SIGNAL_FLAG","C_M_ZONE_FLAG","AGENCY_CODE","AREA_CODE","HARM_EVENT_CODE1","HARM_EVENT_CODE2","RTE_NO","ROUTE_TYPE_CODE","RTE_SUFFIX","LOG_MILE","LOGMILE_DIR_FLAG","MAINROAD_NAME","DISTANCE","FEET_MILES_FLAG","DISTANCE_DIR_FLAG","REFERENCE_NO","REFERENCE_TYPE_CODE","REFERENCE_SUFFIX","REFERENCE_ROAD_NAME","LATITUDE","LONGITUDE","drv","occ","ped","SEX_CODE","CONDITION_CODE","INJ_SEVER_CODE","OCC_SEAT_POS_CODE","PED_VISIBLE_CODE","PED_LOCATION_CODE","PED_OBEY_CODE","PED_TYPE_CODE","MOVEMENT_CODE","PERSON_TYPE","ALCOHOL_TEST_CODE","ALCOHOL_TESTTYPE_CODE","DRUG_TEST_CODE","DRUG_TESTRESULT_CODE","BAC_CODE","FAULT_FLAG","EQUIP_PROB_CODE","SAF_EQUIP_CODE","EJECT_CODE","DATE_OF_BIRTH","PERSON_ID","LICENSE_STATE_CODE","CLASS","CDL_FLAG","VEHICLE_ID","EMS_UNIT_LABEL"
"AE37700049",3,3,0,0,17,2,NA,1,3,0,6.01,"04-05-2016","21:11:00","","N","N","BACOPD","UNK",3,0,151,"MD","",6.23,"N","NORTH POINT BLVD",0,"F","N",151,"RP","","RAMP 6 FR MD151 EB TO RAMP 6(TO MD157)",39.29045188,-76.50611222,1,0,1,"M",2,3,NA,2,6,1,1,52,"P",0,NA,0,"",NA,"Y",NA,0,NA,"30-DEC-80","2fadd48f-6672-4985-9e4f-153519cb529f","MD","","","","A"
"AE3770005H",1,3,0,5.01,17,2,NA,1,88,0,7.01,"09-27-2016","12:53:00","","N","N","BACOPD","UNK",4,0,150,"MD","",1.62,"E","EASTERN AVE",0,"F","E",695,"RP","","RAMP 3 FR MD 150 EB TO RAMP 1 (TO MD695)",39.29743481,-76.5022552,1,0,1,"M",1,3,NA,2,5,1,2,51,"P",0,NA,0,"",NA,"N",NA,1,NA,"13-JUL-90  00:00:00","db39a03d-1489-4608-bb2e-0fe4d06c40a3","MD","I","","","A"
"AE3788003M",1,3,0,1,17,2,2,1,1,0,6.01,"08-27-2015","09:55:00","","N","N","BACOPD","UNK",3,0,26,"MD","",4.647,"E","LIBERTY RD",0,"F","E",0,"UU","","ENT TO BUSINESS",39.37337166,-76.80859566,1,0,1,"M",NA,3,NA,3,6,1,1,52,"P",0,NA,0,"",NA,"N",NA,1,NA,"08-SEP-75","41cf572e-72c1-4b13-b5c1-b05dba3a889c","","","","","A"
"AE3798000L",1,3,0,3,11,2,1,1,88,0,7.01,"12-14-2015","13:52:00","","N","N","BACOPD","UNK",3,0,45,"MD","",2.13,"N","YORK RD",25,"F","S",0,"UU","","TOWSON ROUNDABOUT",39.40182288,-76.60455805,1,0,1,"F",1,3,NA,0,9.05,1,1,51,"P",0,NA,0,"",NA,"N",NA,1,NA,"16-OCT-91","0ce6b006-80e3-442d-bb2f-640ee14ec9cf","","","","","A"
"AE3828001J",3,3,NA,3,88,0,1,1,3,0,6.01,"05-27-2015","20:53:00","1405PC11","N","N","BACOPD","UNK",3,0,150,"MD","",4.66,"E","EASTERN BLVD",117,"F","E",4728,"CO","","STEMMERS RUN RD",39.31974063,-76.45505905,1,0,1,"M",2,4,NA,3,6,88,1,52,"P",0,NA,0,"",NA,"",NA,0,NA,"09-JAN-81","65cae4f6-746a-4c46-af3d-93a3724d77ff","MD","LP","","","A"
"AE38280020",88,3,0,1,88,2,2,1,3,0,6.01,"12-11-2015","21:19:00","1405PC12","N","N","BACOPD","UNK",3,0,151,"MD","",3.89,"N","NORTH POINT BLVD",155,"F","S",5558,"CO","","OLD BATTLE GROVE RD",39.27204883,-76.47186041,1,0,1,"M",99,4,NA,2,6,1,1,99,"P",0,NA,0,"",NA,"Y",NA,0,NA,"18-SEP-85","f1c2ae75-a68a-49ae-b3b5-aa1dc5213ecb","MD","ID","","","A"
"AE3843000F",3,3,NA,0,17,0,NA,1,0,0,6.01,"04-19-2015","23:19:00","","N","N","BACOPD","UNK",3,0,30,"MD","",0,"N","HANOVER PIKE",100,"F","N",140,"MD","","WESTMINSTER PIKE",39.47002574,-76.83005333,1,0,1,"M",1,3,NA,99,88,99,1,56,"P",99,NA,99,"",NA,"",NA,0,NA,"14-DEC-00","28117ecd-3258-4d72-9b76-a9fabfdb4a10","","","","",""
"AE3905002C",3,3,NA,2,17,2,1,1,1,0,6.01,"04-28-2015","20:45:00","","Y","N","BACOPD","UNK",3,0,45,"MD","",2.21,"N","YORK RD",0,"F","N",1165,"CO","","INVESTMENT PL",39.40239356,-76.60299897,1,0,1,"F",1,4,NA,1,5,1,1,51,"P",0,NA,0,"",NA,"",NA,0,NA,"19-APR-86","a69d9a39-6c79-4ff9-b574-433b2e43c96f","","","","","A"
"AE3905002R",1,3,NA,2,17,2,2,1,1,0,7.01,"05-27-2015","14:25:00","","N","N","BACOPD","UNK",3,0,45,"MD","",1.86,"N","YORK RD",0,"F","N",1354,"CO","","TOWSONTOWN BLVD",39.39823174,-76.60298824,1,0,1,"F",1,3,NA,1,5,3,1,51,"P",0,NA,0,"",NA,"",NA,0,NA,"30-APR-97","883aef87-4bb6-4ae7-bf00-5f812b72bb49","","","","",""
"AE39780024",1,3,NA,1,11,2,2,1,1,0,6.01,"06-11-2015","07:40:00","","N","N","BACOPD","UNK",1,0,140,"MD","",8.1,"N","REISTERSTOWN RD",10,"F","N",NA,"UU","","ENT TO BUSINESS",39.44769023,-76.81504503,1,0,1,"F",99,3,NA,99,6,1,1,52,"P",0,NA,0,"",NA,"",NA,0,NA,"08-AUG-98","218dacd9-f280-424f-84ba-a81049747282","","","","",""
"AE3978002M",1,3,0,1,1,2,1,1,3,4,6.01,"09-03-2015","13:22:00","","N","N","BACOPD","UNK",3,9,140,"MD","",8.45,"N","REISTERSTOWN RD",206,"F","N",654,"CO","","CARAWAY RD",39.45138932,-76.81946263,1,0,1,"F",4,3,NA,3,6,1,7,54,"P",0,NA,0,"",NA,"Y",NA,1,NA,"12-NOV-20","ffd8d935-b1da-4490-a6b8-6e2d2b5dbede","MD","C","","","A"
"AE3978002S",3,3,0,2,7,2,NA,1,3,0,6.01,"09-23-2015","21:30:00","","N","N","BACOPD","UNK",3,0,140,"MD","",6.57,"N","REISTERSTOWN RD",0,"F","N",7442,"CO","","GENTLEBROOK RD",39.43098698,-76.79437995,1,0,1,"F",1,3,NA,3,1,0,1,53,"P",0,NA,0,"",NA,"N",NA,0,NA,"28-SEP-95","85a1f572-3611-43bb-899c-ba1c201fead9","","","","","A"
"AE3978003H",1,3,0,3,11,1,NA,1,1,0,7.01,"12-24-2015","12:18:00","","Y","N","BACOPD","UNK",3,0,140,"MD","",3.76,"N","REISTERSTOWN RD",100,"F","S",130,"MD","","GREENSPRING VALLEY RD",39.40337492,-76.75696313,1,0,1,"M",5,3,NA,1,6,0,1,52,"P",0,NA,0,"",NA,"Y",NA,0,NA,"11-DEC-97","d064a555-dcd1-4a1f-930f-94cbd3b41dab","","","","","A"
"AE3978003L",1,3,0,9.04,11,1,2,1,3,0,3,"02-01-2016","16:22:00","","N","N","BACOPD","UNK",3,0,140,"MD","",8.4,"N","REISTERSTOWN RD",0,"F","S",0,"UU","","ENT TO FUTURE CARE NURSING HOME",39.45042107,-76.81852922,1,0,1,"F",1,3,NA,3,6,1,1,88,"P",0,NA,0,"",NA,"Y",NA,0,NA,"22-JUN-79","bd7094ec-803e-49cf-b315-e38ef36e3840","MD","","","","A"
"AE3978004Z",1,3,0,1,88,2,2,1,4,20.01,6.01,"10/14/2016","15:32:00","","N","N","BACOPD","UNK",9,3,140,"MD","",5.47,"N","REISTERSTOWN RD",0,"F","N",0,"UU","","R/R #CSX 831 658 E",39.42008478,-76.78074628,1,1,1,"M",1,4,NA,3,3,0,1,63.88,"P",0,NA,0,"",NA,"N",NA,0,NA,"29-May-99","13ca6570-7284-433b-b5a3-5e2fabb07292","","","","","B"
"AE3978005Y",1,3,0,1,11,2,2,1,4,0,7.01,"1/5/2017","14:34:00","","N","N","BACOPD","UNK",3,0,140,"MD","",6.97,"N","REISTERSTOWN RD",82,"F","S",636,"CO","","KINGSLEY RD",39.43546484,-76.7996344,1,0,1,"M",1,3,NA,3,6,0,1,52,"P",0,NA,0,"",NA,"Y",NA,0,NA,"12-Jun-99","4f1f9d06-c1a6-4e48-b4be-db36d9ba8e1d","MD","C","","","A"
"AE3978006P",1,3,0,2,9,2,1,1,4,0,6.01,"5/1/2017","14:14:00","","Y","N","BACOPD","UNK",3,0,140,"MD","",5.15,"N","REISTERSTOWN RD",0,"F","N",712,"CO","","ROSEWOOD LA",39.41685958,-76.77647218,1,0,1,"F",1,3,NA,2,5,2,1,51,"P",0,NA,0,"",NA,"N",NA,1,NA,"16-Feb-95","fca24ff5-32bf-4cda-9d57-a2c4b081f016","MD","C","","","A"
"AE4045005F",1,3,0,0,7,2,NA,1,1,0,0,"09-01-2015","11:21:00","","N","N","BACOPD","UNK",4,3,147,"MD","",3.32,"N","HARFORD RD",NA,"M","N",3797,"CO","","KNOLL ACRES DR",39.41843055,-76.50600795,1,0,1,"M",1,3,NA,2,1,0,1,56,"P",0,NA,0,"",NA,"N",NA,1,NA,"01-JUN-89","6ddaadc2-226f-4a9b-84a4-2f07b36c17c7","MD","","","",""
"AE40540009",4,3,0,2,3,2,1,1,1,0,6.01,"03-13-2016","00:52:00","","N","N","BACOPD","UNK",1,3,7,"MD","",1.58,"E","PHILADELPHIA RD",0,"F","E",4436,"CO","","SPRING AVE",39.32716257,-76.50524989,1,2,1,"M",1,3,NA,0,88,0,1,88,"P",0,NA,0,"",NA,"Y",NA,0,NA,"03-MAR-74","64a0f00f-081d-40da-aada-9bc0e417208b","MD","","","","A"
"AE4083000M",4,3,NA,1,88,2,2,1,3,0,6.01,"02-11-2015","02:12:00","PC12","N","N","BACOPD","UNK",3,0,151,"MD","",4.87,"N","NORTH POINT BLVD",300,"F","N",5510,"CO","","TRAPPE RD",39.28054091,-76.48534656,1,1,1,"F",2,5,NA,3,6,1,1,52,"P",0,NA,0,"",NA,"",NA,0,NA,"11-JUL-87","adfd89c9-8819-475d-a594-fe9df87b6328","MD","C","","","A"
"AE4083000T",4,3,NA,1,88,1,2,1,5.01,0,3,"04-09-2015","21:44:00","PC09","N","N","BACOPD","UNK",4,0,7,"MD","",2.25,"E","PHILADELPHIA RD",550,"F","E",4453,"CO","","GOLDEN RING RD",39.33449659,-76.49411201,1,0,1,"M",1,3,NA,2,6,0,2,53,"P",0,NA,0,"",NA,"",NA,1,NA,"04-MAR-70","32c02750-9e96-44e7-8a74-c1b8c63871e7","MD","C","","","A"
"AE4083000V",3,3,NA,3,88,2,1,1,1,0,6.01,"04-13-2015","22:57:00","PC08","Y","N","BACOPD","UNK",3,0,147,"MD","",0.96,"N","HARFORD RD",28,"F","N",3482,"CO","","PUTTY HILL AVE",39.38319071,-76.53451681,1,0,3,"F",1,3,NA,3,5,3,1,51,"P",0,NA,0,"",NA,"",NA,0,NA,"03-DEC-90","ed8c8e20-3805-481b-96a9-a3133155ba02","","","","","A"
"AE4083000V",3,3,NA,3,88,2,1,1,1,0,6.01,"04-13-2015","22:57:00","PC08","Y","N","BACOPD","UNK",3,0,147,"MD","",0.96,"N","HARFORD RD",28,"F","N",3482,"CO","","PUTTY HILL AVE",39.38319071,-76.53451681,1,0,3,"F",1,3,NA,3,5,3,1,51,"P",0,NA,0,"",NA,"",NA,0,NA,"30-APR-10","f9c44087-fdb0-440d-9c1b-17ea950be34f","","","","","A"
"AE4083000V",3,3,NA,3,88,2,1,1,1,0,6.01,"04-13-2015","22:57:00","PC08","Y","N","BACOPD","UNK",3,0,147,"MD","",0.96,"N","HARFORD RD",28,"F","N",3482,"CO","","PUTTY HILL AVE",39.38319071,-76.53451681,1,0,3,"F",1,3,NA,3,5,3,1,51,"P",0,NA,0,"",NA,"",NA,0,NA,"24-MAY-11","e4218a54-54f8-41f1-9a29-a0ad108bf342","","","","","B"
"AE4083001K",3,3,0,3,88,2,1,1,4,0,6.01,"01-14-2016","02:26:00","PC2","N","N","BACOPD","UNK",3,0,157,"MD","",2.84,"N","MERRITT BLVD",6,"F","N",5384,"CO","","KIRKLEIGH RD",39.26163787,-76.50842696,1,0,1,"M",2,3,NA,99,6,1,1,51,"P",0,NA,0,"",NA,"Y",NA,0,NA,"17-FEB-91","b9cafa2b-628e-4739-9a5e-e45bd202bfd9","MD","","","","A"
"AE41020038",1,3,0,2,88,2,1,1,2,0,6.01,"01-20-2016","15:31:00","AE","N","N","BACOPD","UNK",3,1,588,"MD","",0.69,"N","KENWOOD AVE",0,"F","N",4394,"CO","","WEYBURN RD",39.33939242,-76.50538802,1,0,1,"M",1,3,NA,3,6,1,1,52,"P",0,NA,0,"",NA,"Y",NA,1,NA,"29-NOV-99","74a4053e-6af1-49ae-988f-b951c983192b","","","","","A"
"AE41020097",1,3,0,2,2,2,1,1,4,9,7.01,"3/20/2017","16:50:00","AE","Y","N","BACOPD","UNK",1,3,7,"MD","",2.8,"E","PHILADELPHIA RD",0,"F","E",7269,"CO","","FONTANA LA",39.33865288,-76.48785442,2,0,1,"F",1,3,NA,2,3,99,1,53,"P",0,NA,0,"",NA,"N",NA,0,NA,"9-Apr-96","289155ca-7955-45cc-956f-0b03656f00ca","","","","",""
"AE4115000Q",4,3,NA,1,88,2,2,1,5.01,0,6.01,"01-29-2015","05:44:00","","N","N","BACOPD","UNK",3,0,26,"MD","",9.587,"E","LIBERTY RD",35,"F","E",1852,"CO","","CAMPFIELD RD",39.34076983,-76.72280788,1,0,1,"M",1,3,NA,2,0,1,2,53,"P",0,NA,0,"",NA,"",NA,1,NA,"10-JAN-64","a49ea1c6-3a40-4f38-992d-8cbcae0578b9","","","","","A"
"AE4115002H",1,3,0,3,88,2,2,1,1,0,6.01,"06-09-2016","18:10:00","","Y","N","BACOPD","UNK",3,0,26,"MD","",9.467,"E","LIBERTY RD",15,"F","W",1902,"CO","","ST LUKES LA",39.34274359,-76.72782764,1,0,1,"M",1,4,NA,3,5,2,1,51,"P",0,NA,0,"",NA,"N",NA,1,NA,"10-JUN-95","391139c6-ccc6-4b8b-89f3-472aa935c6d6","","","","","A"
"AE41150033",3,3,0,3,88,2,1,1,1,0,6.01,"12/3/2016","17:04:00","","N","N","BACOPD","UNK",3,0,140,"MD","",0.39,"N","REISTERSTOWN RD",0,"F","N",1750,"CO","","DREHER AVE",39.36714697,-76.71597496,1,0,1,"M",1,3,NA,2,6,1,1,52,"P",0,NA,0,"",NA,"Y",NA,1,NA,"2-Mar-38","22668ed6-e60b-4708-92ac-126f3a36f141","MD","","","","A"
"AE4115003B",1,3,0,2,88,2,2,1,4,0,6.01,"3/18/2017","16:23:00","","Y","N","BACOPD","UNK",3,0,151,"MD","",6.5,"N","NORTH POINT BLVD",0,"F","N",0,"UU","","ENT TO EASTPOINT MALL",39.29160665,-76.51048495,1,0,1,"M",1,4,NA,3,6,3,88,51,"P",0,NA,0,"",NA,"Y",NA,1,NA,"26-Mar-03","c40a4a8b-e5cc-4094-b01b-873d164bbfd2","","","","","A"
"AE4134000V",1,3,NA,11.04,17,0,1,0,0,0,0,"01-13-2015","10:48:00","","N","N","BACOPD","UNK",3,0,150,"MD","",3.38,"E","EASTERN BLVD",200,"F","E",4979,"CO","","WOODWARD DR",39.30906594,-76.4744997,1,0,1,"M",1,3,NA,3,88,1,1,54,"P",0,NA,0,"",NA,"",NA,1,NA,"16-AUG-61","ee7488c5-1aa5-4f84-9e4f-bd9de40c3be8","","","","","A"
"AE4134002B",1,3,0,9.04,17,2,NA,1,4,0,0,"10-27-2015","09:54:00","","N","N","BACOPD","UNK",4,0,150,"MD","",3.88,"E","EASTERN BLVD",800,"F","E",4775,"CO","","MARLYN AVE S",39.31148989,-76.4675045,1,0,1,"M",1,3,NA,2,3,0,2,54,"P",0,NA,0,"",NA,"Y",NA,1,NA,"25-MAY-90","a466f458-8549-4df0-924a-a48793cde79a","","","","","A"
"AE4134003K",1,3,0,2,17,2,3,1,4,0,6.01,"05-25-2016","18:13:00","","Y","N","BACOPD","UNK",4,0,702,"MD","",2.324,"E","SOUTHEAST BLVD",0,"F","E",4831,"CO","","E HOMBERG AVE",39.31102503,-76.45246267,1,0,1,"F",1,3,NA,3,5,3,2,51,"P",0,NA,0,"",NA,"Y",NA,1,NA,"13-OCT-76","913474af-4fc6-435d-8c0c-0dba0ad2c7c6","","","","","A"
"AE4179003C",1,3,0,2,17,2,1,1,1,0,7.01,"07-26-2016","11:39:00","","Y","N","BACOPD","UNK",3,0,140,"MD","",6.87,"N","REISTERSTOWN RD",0,"F","N",83,"OP","","RICH MAR RD",39.43476775,-76.7988123,1,0,1,"F",1,3,NA,2,5,2,1,51,"P",0,NA,0,"",NA,"N",NA,1,NA,"08-AUG-77  00:00:00","152d0d91-e224-448b-b254-e42e7485c440","","","","",""
"AE4253001Z",3,3,0,1,17,1,1,0,1,0,3,"09-29-2015","20:26:00","","N","N","BACOPD","UNK",3,0,140,"MD","",6.79,"N","REISTERSTOWN RD",NA,"M","S",587,"CO","","GWYNNBROOK AVE",39.43327619,-76.7969656,1,0,1,"M",1,3,NA,2,6,1,1,52,"P",0,NA,0,"",NA,"Y",NA,1,NA,"07-SEP-95","7cb4c4ba-5fa9-4190-8db6-55851c2a5bf0","","","","","A"
"AE4253004C",3,3,0,2,17,1,NA,1,1,10,3,"07-28-2016","20:21:00","","Y","N","BACOPD","UNK",3,9,140,"MD","",5.79,"N","REISTERSTOWN RD",0,"F","N",584,"CO","","STRAW HAT RD",39.42340928,-76.78490773,1,0,2,"F",1,3,NA,0,3,0,1,63.88,"P",0,NA,0,"",NA,"N",NA,1,NA,"13-JAN-94  00:00:00","eeb1271f-8f1a-4cfd-bce7-c23b42f6cb52","","","","","A"
"AE4253004C",3,3,0,2,17,1,NA,1,1,10,3,"07-28-2016","20:21:00","","Y","N","BACOPD","UNK",3,9,140,"MD","",5.79,"N","REISTERSTOWN RD",0,"F","N",584,"CO","","STRAW HAT RD",39.42340928,-76.78490773,1,0,2,"F",1,3,NA,0,3,0,1,63.88,"P",0,NA,0,"",NA,"N",NA,1,NA,"23-JAN-92  00:00:00","3ac0ead4-09a5-4f70-967b-8254e68a7e9d","","","","","A"
"AE4264000R",3,3,0,1,88,2,1,1,4,0,6.01,"03-24-2016","21:59:00","","N","N","BACOPD","UNK",3,0,146,"MD","",0.5,"N","DULANEY VALLEY RD",125,"F","N",0,"UU","","SPUR TO GOUCHER COLLEGE",39.40833949,-76.60085857,1,0,1,"F",3,3,NA,2,6,1,1,52,"P",0,NA,0,"",NA,"Y",NA,0,NA,"03-JUN-62","99ad9f98-35a5-45c6-9f55-31e70ff47c6d","","","","","A"
"AE42680023",1,3,0,1,17,2,1,1,1,0,6.01,"01-07-2016","08:51:00","","N","N","BACOPD","UNK",3,0,166,"MD","",1.06,"N","ROLLING RD",75,"F","N",7569,"CO","","COLLEGIATE DR",39.25197415,-76.72561482,1,0,1,"F",1,3,NA,3,6,1,1,52,"P",0,NA,0,"",NA,"Y",NA,0,NA,"04-NOV-93","17e994dc-e36b-4efc-939f-8853c381d734","MD","ID","","","A"
"AE4268002R",3,3,0,2,17,2,1,1,5.01,0,7.01,"05-05-2016","20:39:00","","N","N","BACOPD","UNK",1,3,648,"MD","E",1.07,"N","OLD ANNAPOLIS RD",0,"F","N",3290,"CO","","PARK DR",39.24046129,-76.64122179,1,0,1,"F",1,3,NA,3,6,1,1,0,"P",0,NA,0,"",NA,"Y",NA,1,NA,"01-JUL-66","cbba7fd9-bebe-45c5-9dc6-68e764726039","MD","C","","","A"
"AE4279003Y",5.02,3,0,88,17,2,NA,5,0,0,7.01,"01-07-2016","07:18:00","","N","N","BACOPD","UNK",3,0,439,"MD","",3.02,"E","OLD YORK RD",400,"F","E",108,"CO","","WEST LIBERTY RD",39.681807,-76.601612,1,0,1,"M",1,4,NA,2,88,0,1,88,"P",0,NA,0,"",NA,"N",NA,0,NA,"18-JAN-61","3622ef5c-a38c-4153-98a9-8cf25e416654","","","","","A"
"AE4279004P",1,3,0,2,17,2,NA,1,3,0,6.01,"03-30-2016","07:37:00","","Y","N","BACOPD","UNK",3,0,45,"MD","",4.74,"N","YORK RD",0,"F","N",920,"CO","","GORSUCH RD",39.434834,-76.623664,1,0,1,"F",NA,3,NA,3,10.88,0,1,56,"P",0,NA,0,"",NA,"Y",NA,1,NA,"11-SEP-93","62e38ecf-0e88-4da4-beda-8f9e20c37e0c","","","","","A"
"AE4288002K",1,3,0,2,17,2,1,1,1,0,6.01,"05-20-2016","10:26:00","","N","N","BACOPD","UNK",3,0,139,"MD","",1.65,"N","CHARLES ST",0,"F","N",0,"UU","","ENT TO G B M C",39.39075205,-76.62572533,1,0,1,"M",NA,3,NA,0,1,0,1,53,"P",0,NA,0,"",NA,"N",NA,0,NA,"12-MAR-63","e01f1d52-332f-4d50-887b-c82820e787da","","","","","A"
"AE4320000S",3,3,NA,1,88,2,2,1,1,0,6.01,"02-17-2015","20:50:00","1406 P11","N","N","BACOPD","UNK",3,0,150,"MD","",7.78,"E","EASTERN BLVD",146,"F","E",4609,"CO","","WOODLAND AVE",39.33745073,-76.40510559,1,0,1,"M",1,4,NA,2,6,1,1,52,"P",0,NA,0,"",NA,"",NA,1,NA,"09-JAN-90","a34cddad-fec2-418a-a207-dfc70971583b","MD","C","","","A"
"AE4320001V",4,3,0,1,88,2,2,1,1,0,6.01,"07-27-2016","22:15:00","PC4 1406","N","N","BACOPD","UNK",3,0,26,"MD","",9.587,"E","LIBERTY RD",50,"F","E",1852,"CO","","CAMPFIELD RD",39.34191074,-76.72559738,1,0,1,"M",99,5,NA,2,6,1,1,52,"P",99,0,0,"",NA,"Y",NA,0,NA,"16-APR-50  00:00:00","56dd77ed-82d1-4b50-89a3-04a3ea840f9c","MD","ID","","","A"
"AE43200029",3,3,0,1,88,2,1,1,1,0,6.01,"2/23/2017","3:17:00","PC7 1406","N","N","BACOPD","UNK",6,0,45,"MD","",8.5,"N","YORK RD",56,"F","S",45,"MD","E","BEAVER RUN LA",39.48623419,-76.64609067,1,0,1,"M",1,3,NA,2,6,1,7,53,"P",0,NA,0,"",NA,"Y",NA,1,NA,"11-Nov-93","39fc6050-8db9-4fb8-94b7-7105a8aba63b","MD","LRN","","","A"
"AE43300009",1,3,NA,2,17,2,NA,1,1,0,6.01,"01-31-2015","09:00:00","","N","N","BACOPD","UNK",3,0,45,"MD","",5.24,"N","YORK RD",0,"F","N",892,"CO","","GERARD AVE",39.44182741,-76.62667751,1,0,1,"M",1,3,NA,2,10.88,1,1,51,"P",0,NA,0,"",NA,"",NA,0,NA,"29-JAN-80","b11b2c6b-eea6-4486-9b5b-17092c02ddb2","","","","","A"
"AE4356001J",1,3,NA,2,11,1,2,1,4,0,3,"04-14-2015","14:45:00","","Y","N","BACOPD","UNK",3,1,150,"MD","",0.01,"E","EASTERN AVE",0,"F","E",5163,"CO","","45TH ST",39.28808118,-76.52934015,2,0,1,"F",NA,3,NA,3,6,1,1,51,"P",0,NA,0,"",NA,"",NA,0,NA,"04-OCT-96","d5c09e45-0ef1-459b-a2ab-f3a158ffc23f","","","","","A"
"AE43790042",1,3,NA,1,7,2,NA,1,4,0,7.01,"07-06-2015","11:16:00","","N","N","BACOPD","UNK",2,0,NA,"MD","",0.17,"N","PERRING PKWY",250,"F","N",NA,"UU","","SPUR FR MCCLEAN BLVD",39.37344772,-76.56647378,1,0,1,"M",1,3,NA,0,88,0,88,88,"P",0,NA,0,"",NA,"",NA,0,NA,"07-FEB-55","6a308d3e-f68c-4c29-92d8-4c8d8f57b0b7","MD","","","",""
"AE43790097",1,3,0,2,88,2,1,1,1,0,7.01,"06-21-2016","15:55:00","","N","N","BACOPD","UNK",4,0,147,"MD","",0.65,"N","HARFORD RD",0,"F","N",3664,"CO","","PARKTOWNE RD",39.37967459,-76.53773546,1,1,1,"M",1,4,NA,3,8,0,2,53,"P",0,NA,0,"",NA,"N",NA,21,NA,"21-NOV-64","a3aa2e67-8c84-4d25-801a-2b600fddf630","","","","","A"
"AE4381001V",5.02,3,0,1,17,2,1,1,1,0,2,"10/18/2016","6:34:00","AE/913","N","N","BACOPD","UNK",3,0,7,"MD","",5.07,"E","PHILADELPHIA RD",15,"F","W",367,"OP","","PHILCO RD",39.35904906,-76.45579398,1,0,1,"M",1,3,NA,3,1,1,1,53,"P",0,NA,0,"",NA,"N",NA,25.88,NA,"4-May-93","a40c9a91-3acd-45ca-aa6d-d8c65c24b29b","MD","C","","",""
"AE44280012",88,3,NA,1,88,2,2,1,4,4,6.01,"04-18-2015","22:43:00","1408PC02","N","N","BACOPD","UNK",3,3,122,"MD","",0.79,"E","SECURITY BLVD",0,"M","E",2405,"CO","","WHITEHEAD CT",39.31200455,-76.73943758,1,0,2,"F",99,4,NA,2,6,1,1,52,"P",0,NA,0,"",NA,"",NA,1,NA,"09-SEP-96","039054f3-312d-401e-ac2e-3ff4697c415c","","","","","A"
"AE44280012",88,3,NA,1,88,2,2,1,4,4,6.01,"04-18-2015","22:43:00","1408PC02","N","N","BACOPD","UNK",3,3,122,"MD","",0.79,"E","SECURITY BLVD",0,"M","E",2405,"CO","","WHITEHEAD CT",39.31200455,-76.73943758,1,0,2,"M",99,3,NA,3,6,1,3,52,"P",0,NA,0,"",NA,"",NA,1,NA,"24-MAY-96","328f435c-9204-4d20-ad7a-f94eadc594fe","","","","","B"
"AE44280016",3,3,NA,1,88,1,2,1,4,0,3,"06-20-2015","21:04:00","1408 PC6","N","N","BACOPD","UNK",3,0,542,"MD","",0.87,"N","LOCH RAVEN BLVD",96,"F","N",NA,"UU","","ENT TO HILLENDALE SHOPPING CENTER",39.38401996,-76.57751799,1,0,1,"M",2,3,NA,99,6,1,1,52,"P",0,NA,0,"",NA,"",NA,1,NA,"26-JUN-77","044ba722-cc89-41cf-83d5-5939d2d4f157","MD","","","","A"
"AE4428001X",3,3,0,1,88,2,1,1,1,0,6.01,"02-02-2016","23:31:00","1408 PC6","N","N","BACOPD","UNK",3,0,45,"MD","",1.94,"N","YORK RD",NA,"F","N",8673,"CO","","CHESAPEAKE AVE E",39.39962042,-76.60263821,1,0,1,"F",2,3,NA,3,6,1,1,52,"P",0,NA,0,"",NA,"Y",NA,1,NA,"05-MAR-96","a74667c8-5eaa-4c42-bdec-b3e199a2f2c6","MD","C","","","A"