"REPORT_NO","LIGHT_CODE","COUNTY_NO","MUNI_CODE","JUNCTION_CODE","COLLISION_TYPE_CODE","SURF_COND_CODE","LANE_CODE","RD_COND_CODE","RD_DIV_CODE","FIX_OBJ_CODE","WEATHER_CODE","ACC_DATE","ACC_TIME","LOC_CODE","SIGNAL_FLAG","C_M_ZONE_FLAG","AGENCY_CODE","AREA_CODE","HARM_EVENT_CODE1","HARM_EVENT_CODE2","RTE_NO","ROUTE_TYPE_CODE","RTE_SUFFIX","LOG_MILE","LOGMILE_DIR_FLAG","MAINROAD_NAME","DISTANCE","FEET_MILES_FLAG","DISTANCE_DIR_FLAG","REFERENCE_NO","REFERENCE_TYPE_CODE","REFERENCE_SUFFIX","REFERENCE_ROAD_NAME","LATITUDE","LONGITUDE","drv","occ","ped","SEX_CODE","CONDITION_CODE","INJ_SEVER_CODE","OCC_SEAT_POS_CODE","PED_VISIBLE_CODE","PED_LOCATION_CODE","PED_OBEY_CODE","PED_TYPE_CODE","MOVEMENT_CODE","PERSON_TYPE","ALCOHOL_TEST_CODE","ALCOHOL_TESTTYPE_CODE","DRUG_TEST_CODE","DRUG_TESTRESULT_CODE","BAC_CODE","FAULT_FLAG","EQUIP_PROB_CODE","SAF_EQUIP_CODE","EJECT_CODE","DATE_OF_BIRTH","PERSON_ID","LICENSE_STATE_CODE","CLASS","CDL_FLAG","VEHICLE_ID","EMS_UNIT_LABEL"
"AE44280020",3,3,0,3,88,2,2,1,3,0,7.01,"04-16-2016","01:06:00","1408PC12","Y","N","BACOPD","UNK",3,0,157,"MD","",4.79,"N","MERRITT BLVD",4,"F","S",8007,"CO","","NORTH POINT RD",39.28799607,-76.50518149,1,1,1,"F",1,4,NA,99,10.88,1,1,51,"P",0,NA,0,"",NA,"Y",NA,1,NA,"12-FEB-03","7dc3c9ed-12ac-4337-b296-c0b43ec8896b","","","","","A"
"AE4428002N",3,3,0,2,88,1,1,1,4,0,3,"1/10/2017","23:14:00","1408 PC6","Y","N","BACOPD","UNK",3,0,542,"MD","",0.73,"N","LOCH RAVEN BLVD",0,"F","N",3333,"CO","","GOUCHER BLVD",39.38208883,-76.57895967,1,1,1,"F",1,5,NA,2,6,1,1,51,"P",0,NA,0,"",NA,"Y",NA,1,NA,"10-Mar-72","f89d5264-536e-41c5-b19a-5556b61e2c54","DE","NON","","","A"
"AE4428002Q",3,3,0,1,88,2,1,1,1,0,6.01,"2/11/2017","1:12:00","1408 PC6","N","N","BACOPD","UNK",3,0,45,"MD","",1.59,"N","YORK RD",66,"F","N",25,"SR","","NEWELL AVE",39.39428938,-76.60415232,1,0,1,"M",2,4,NA,2,6,1,1,99,"P",0,NA,0,"",NA,"Y",NA,1,NA,"17-Sep-95","93b13c04-cfba-44ee-81c7-3e7ee12c65fe","MD","C","","","A"
"AE4428002S",3,3,0,3,88,2,1,1,4,0,6.01,"4/15/2017","21:35:00","1408/PC6","Y","N","BACOPD","UNK",3,0,41,"MD","",0.14,"N","PERRING PKWY",8,"F","S",3413,"CO","","HILLSWAY AVE",39.37324726,-76.56799614,1,0,1,"M",2,3,NA,3,5,99,1,51,"P",0,NA,0,"",NA,"N",NA,1,NA,"1-Aug-78","6eb551ea-2984-4e3a-a4ed-b8952332d631","MD","","","","A"
"AE44480007",3,3,0,1,88,2,1,1,1,0,6.01,"07-17-2015","21:05:00","PC1 1424","N","N","BACOPD","UNK",3,0,648,"MD","E",0.6,"N","OLD ANNAPOLIS RD",50,"F","S",3322,"CO","","OHIO AVE",39.23355787,-76.64157987,1,2,1,"M",2,3,NA,3,6,1,1,52,"P",0,NA,0,"",NA,"Y",NA,1,NA,"14-NOV-80","ec599746-4fc1-4c16-9643-e546b223382c","","","","","A"
"AE4502007C",4,3,0,1,17,1,NA,1,1,0,3,"09-30-2016","06:45:00","","N","N","BACOPD","UNK",3,0,131,"MD","",3.06,"E","SEMINARY AVE",NA,"F","W",45,"MD","","YORK RD",39.4203945,-76.6171377,1,0,1,"F",1,4,NA,2,6,1,1,52,"P",0,NA,0,"",NA,"Y",NA,1,NA,"07-FEB-59  00:00:00","9a1cb3aa-98ff-41e3-9378-56205e44430a","MD","ID","","","A"
"AE45460026",1,3,0,2,17,2,1,1,1,0,6.01,"07-30-2015","16:37:00","","Y","N","BACOPD","UNK",3,0,140,"MD","",7.18,"N","REISTERSTOWN RD",0,"F","N",611,"CO","","HIGH FALCON RD",39.43777151,-76.80261701,1,0,1,"F",1,3,NA,1,5,2,1,51,"P",0,NA,0,"",NA,"N",NA,0,NA,"08-JUL-87","1eab72b2-2aaa-44da-8cf6-1fd85aaa0283","","","","","A"
"AE4546003H",1,3,0,0,88,2,1,1,1,0,6.01,"12-03-2015","14:38:00","","N","N","BACOPD","UNK",3,0,128,"MD","",0.35,"E","BUTLER RD",180,"F","E",462,"CO","","SACRED HEART LA",39.47472987,-76.82179213,1,1,1,"F",10.03,3,NA,3,6,0,1,88,"P",0,NA,0,"",NA,"Y",NA,0,NA,"23-JAN-86","0993315e-b7f0-4602-a3fa-81a8e2a326c2","","","","","A"
"AE4546003R",3,3,0,1,88,1,1,1,1,0,3,"12-30-2015","17:16:00","","N","N","BACOPD","UNK",3,0,140,"MD","",4.199,"N","REISTERSTOWN RD",70,"F","S",0,"UU","","ENT TO WAL-MART",39.40749603,-76.76308125,1,2,1,"M",1,3,NA,2,6,1,1,52,"P",0,NA,0,"",NA,"Y",NA,0,NA,"14-OCT-89","ae30a6c7-25a8-40cc-a0d7-03f6bb165ba9","MD","ID","","","A"
"AE4546006F",1,3,0,9.04,88,2,NA,1,88,0,6.01,"09-20-2016","12:50:00","","N","N","BACOPD","UNK",4,0,140,"MD","",5.15,"N","REISTERSTOWN RD",150,"F","S",0,"UU","","ENT TO BUSINESS",39.41637574,-76.7756179,1,0,1,"M",1,3,NA,3,88,0,2,88,"P",0,NA,0,"",NA,"N",NA,1,NA,"07-NOV-76  00:00:00","2f855243-21df-4542-a7a0-3185b807a5e2","MD","ID","","",""
"AE4546006Q",3,3,0,1,11,2,2,1,1,0,6.01,"10/28/2016","19:37:00","","N","N","BACOPD","UNK",3,0,140,"MD","",5.83,"N","REISTERSTOWN RD",0,"F","N",7764,"CO","","OLD TOLLGATE RD",39.4238475,-76.78538114,1,1,1,"M",1,3,NA,2,4,1,1,52,"P",0,NA,0,"",NA,"Y",NA,0,NA,"30-Dec-99","54da1aac-8b75-4b84-a856-c4a982897cbd","","","","","A"
"AE4561000Y",1,3,NA,9.04,88,2,2,1,1,0,6.01,"02-27-2015","12:43:00","","N","N","BACOPD","UNK",3,0,26,"MD","",7.657,"E","LIBERTY RD",300,"F","E",1800,"CO","","MILFORD MILL RD",39.35381706,-76.7585101,1,0,1,"F",1,3,NA,3,6,1,1,52,"P",0,NA,0,"",NA,"",NA,0,NA,"30-DEC-11","091f202d-be1c-4e7f-b4f7-232bae1a5e37","","","","","A"
"AE45610010",3,3,NA,2,17,1,NA,1,1,0,3,"03-04-2015","18:25:00","","N","N","BACOPD","UNK",3,0,26,"MD","",10.325,"E","LIBERTY RD",0,"F","E",1899,"CO","","TULSA RD",39.33734389,-76.71372458,1,0,1,"M",2,3,NA,2,10.88,1,1,51,"P",0,NA,0,"",NA,"",NA,0,NA,"15-JUN-54","c0b14e61-8c26-4756-a65f-be0cb5923cc7","","","","","A"
"AE4561001F",1,3,NA,1,88,2,1,1,5.01,0,6.01,"05-12-2015","14:46:00","","N","N","BACOPD","UNK",3,0,26,"MD","",9.467,"E","LIBERTY RD",15,"F","E",1902,"CO","","ST LUKES LA",39.34272803,-76.72779143,1,0,1,"M",1,3,NA,3,4,1,1,52,"P",0,NA,0,"",NA,"",NA,1,NA,"19-JUL-00","9b2d8b1d-93de-41bd-9cc4-f1b372940fb1","","","","","A"
"AE45610043",1,3,0,1,17,2,2,1,1,0,6.01,"3/27/2017","18:00:00","","N","N","BACOPD","UNK",3,0,140,"MD","",0.39,"N","REISTERSTOWN RD",25,"F","N",1750,"CO","","DREHER AVE",39.3671309,-76.71599105,1,0,1,"M",9.88,3,NA,3,6,1,1,52,"P",0,NA,0,"",NA,"Y",NA,1,NA,"25-Jul-89","29d6938a-ae87-4ff3-bb4d-b02073b96812","","","","",""
"AE4561004J",3,3,0,9.04,17,2,NA,1,1,0,6.01,"6/9/2017","20:51:00","","N","N","BACOPD","UNK",4,0,140,"MD","",0.33,"N","REISTERSTOWN RD",0,"F","S",0,"UU","","EXIT FR THE SQUARE SHOPPING CENTER",39.36784323,-76.71703292,1,0,1,"M",1,3,NA,3,3,1,2,63.88,"P",0,NA,0,"",NA,"N",NA,1,NA,"25-May-05","3aeebdf9-18ab-4754-947d-e4eafd3b9702","","","","","A"
"AE45700006",1,3,0,1,17,2,1,1,1,0,6.01,"1/19/2017","7:30:00","PC3","N","N","BACOPD","UNK",3,0,140,"MD","",6.87,"N","REISTERSTOWN RD",500,"F","S",83,"OP","","RICH MAR RD",39.4363753,-76.79623604,1,0,1,"M",1,3,NA,2,0,1,1,53,"P",0,NA,0,"",NA,"Y",NA,1,NA,"16-Sep-03","c859ebac-68c2-4477-8707-1ab8f6433423","","","","",""
"AE4573000B",1,3,0,1,17,2,1,1,5.01,0,6.01,"07-22-2015","18:00:00","429","N","N","BACOPD","UNK",3,0,140,"MD","",3.82,"N","REISTERSTOWN RD",500,"F","N",0,"UU","","ENT TO BUSINESS",39.40414279,-76.7580682,1,0,1,"M",1,3,NA,1,6,0,1,52,"P",0,NA,0,"",NA,"U",NA,0,NA,"30-MAY-97","415b785c-9b0d-47e6-95af-25298119a757","MD","","","",""
"AE4696002V",1,3,0,1,17,2,1,1,1,0,6.01,"10/17/2016","10:00:00","","N","N","BACOPD","UNK",3,0,144,"MD","",0.56,"E","FREDERICK RD",30,"F","W",2934,"CO","","RIVER RD",39.26266274,-76.78622603,1,0,1,"M",1,5,NA,3,6,1,1,52,"P",0,NA,0,"",NA,"Y",NA,1,NA,"5-May-75","c0dbd287-6386-4a6c-9aa0-41a3c6efa3af","MD","CM","","","A"
"AE4696002X",1,3,0,1,17,2,2,1,5.01,4,6.01,"11/1/2016","17:00:00","","N","N","BACOPD","UNK",9,3,26,"MD","",7.417,"E","LIBERTY RD",30,"F","W",2069,"CO","","LANGREHR RD",39.35528907,-76.76281571,1,2,1,"M",1,4,NA,3,3,0,1,56,"P",0,NA,0,"",NA,"N",NA,1,NA,"25-Sep-73","76b65794-9d6e-4a2c-8e2e-948836bec6f4","MD","C","","","C"
"AE46960038",3,3,0,2,17,2,1,1,1,0,6.01,"2/22/2017","18:15:00","","Y","N","BACOPD","UNK",3,0,144,"MD","",4.48,"E","FREDERICK RD",0,"F","E",2763,"CO","","PARADISE AVE",39.27558386,-76.71722889,1,0,1,"M",1,3,NA,3,5,1,1,51,"P",0,NA,0,"",NA,"N",NA,1,NA,"28-Oct-47","da8e7eb3-8a58-4561-84ea-1322c0a341a2","","","","","A"
"AE47270039",3,3,0,2,17,2,1,1,1,0,6.01,"08-06-2015","21:15:00","","N","N","BACOPD","UNK",3,0,147,"MD","",1.72,"N","HARFORD RD",0,"F","N",3572,"CO","","3RD AVE",39.3923181,-76.52652463,1,0,1,"M",1,3,NA,3,10.88,1,1,51,"P",0,NA,0,"",NA,"N",NA,0,NA,"29-APR-98","5c663256-b173-4872-8cce-9abb8fe0fe2d","","","","",""
"AE4727005K",1,3,0,88,88,2,NA,1,0,0,6.01,"03-21-2016","15:42:00","","N","N","BACOPD","UNK",3,0,147,"MD","",1.53,"N","HARFORD RD",20,"F","N",3579,"CO","","EAST AVE",39.38981768,-76.52858645,1,0,1,"F",NA,3,NA,3,88,0,1,88,"P",0,NA,0,"",NA,"Y",NA,1,NA,"01-FEB-82","305ab5cc-ef5d-47a2-8ad4-650db545c589","","","","","A"
"AE4787000C",1,3,0,2,17,2,2,1,1,0,6.01,"12-11-2015","16:30:00","","Y","N","BACOPD","UNK",3,0,45,"MD","",0.04,"N","YORK RD",0,"F","N",0,"UU","","ENT TO YORK RD PLAZA SHOPPING CTR",39.372534,-76.60973668,1,0,1,"M",5,3,NA,3,6,2,7,53,"P",0,NA,0,"",NA,"Y",NA,1,NA,"31-DEC-51","36739239-8590-402a-9c79-f985f7373a0d","MD","ID","","","A"
"AE4787000D",3,3,0,9.04,17,2,1,1,1,0,6.01,"12-11-2015","18:16:00","","N","N","BACOPD","UNK",3,0,25,"MD","",0.1,"N","FALLS RD",35,"F","N",0,"UU","","ENT TO BUSINESS",39.37337996,-76.65009856,1,1,1,"F",1,4,NA,3,6,0,1,52,"P",0,NA,0,"",NA,"Y",NA,1,NA,"05-JAN-98","64d11c75-ae16-49e1-b37e-d1dc5fe8b60a","","","","","A"
"AE48050019",1,3,0,2,17,2,2,1,1,0,6.01,"05-26-2016","11:28:00","4/PATROL","Y","N","BACOPD","UNK",3,0,140,"MD","",0.53,"N","REISTERSTOWN RD",0,"F","N",1800,"CO","","MILFORD MILL RD",39.36874363,-76.71757221,1,0,1,"F",1,3,NA,0,4,99,1,51,"P",0,NA,0,"",NA,"N",NA,99,NA,"28-JUN-78","b2a70760-df39-4de7-b546-9a13c9b43485","VA","","","",""
"AE4823001Z",1,3,0,1,11,2,2,0,1,0,6.01,"08-24-2015","16:34:00","PC12","N","N","BACOPD","UNK",3,0,150,"MD","",1.35,"E","EASTERN AVE",50,"F","E",0,"UU","","SPUR FR EASTPOINT MALL",39.29625029,-76.50687397,1,0,1,"M",1,3,NA,2,6,1,1,52,"P",0,NA,0,"",NA,"Y",NA,1,NA,"18-JUN-97","b764ea02-9945-42fe-af5b-622c149c9349","MD","C","","","A"
"AE4823007J",3,3,0,5.01,3,2,3,1,4,5,6.01,"1/13/2017","20:12:00","PC12","N","N","BACOPD","UNK",2,9,151,"MD","",6.23,"N","NORTH POINT BLVD",75,"F","N",151,"RP","","RAMP 6 FR MD151 EB TO RAMP 6(TO MD157)",39.29276438,-76.5143922,1,0,3,"M",1,3,NA,2,1,0,88,56,"P",0,NA,0,"",NA,"N",NA,0,NA,"23-Jun-95","f687cf0e-a4b3-4cc9-99dd-a29272630b23","MD","C","","",""
"AE4823007J",3,3,0,5.01,3,2,3,1,4,5,6.01,"1/13/2017","20:12:00","PC12","N","N","BACOPD","UNK",2,9,151,"MD","",6.23,"N","NORTH POINT BLVD",75,"F","N",151,"RP","","RAMP 6 FR MD151 EB TO RAMP 6(TO MD157)",39.29276438,-76.5143922,1,0,3,"M",1,3,NA,2,1,0,88,56,"P",0,NA,0,"",NA,"N",NA,0,NA,"13-Apr-94","d3baacbd-4957-473b-b60d-8f606191594e","","","","",""
"AE4823007J",3,3,0,5.01,3,2,3,1,4,5,6.01,"1/13/2017","20:12:00","PC12","N","N","BACOPD","UNK",2,9,151,"MD","",6.23,"N","NORTH POINT BLVD",75,"F","N",151,"RP","","RAMP 6 FR MD151 EB TO RAMP 6(TO MD157)",39.29276438,-76.5143922,1,0,3,"M",1,3,NA,2,1,0,88,56,"P",0,NA,0,"",NA,"N",NA,0,NA,"21-Jan-99","41ce4835-9c8f-4db0-b9da-4ea25fd28592","","","","",""
"AE48270009",1,3,NA,1,3,1,2,1,4,0,3,"01-18-2015","08:14:00","627/06","N","N","BACOPD","UNK",1,3,139,"MD","",1.41,"N","CHARLES ST",500,"F","N",1442,"CO","","CHARLESWAY",39.39055409,-76.62822247,1,0,1,"F",1,3,NA,99,1,0,1,56,"P",0,NA,0,"",NA,"",NA,0,NA,"18-JUN-91","430fc3fe-7fdf-4553-a50b-c729b28c383a","","","","","A"
"AE4850000T",1,3,NA,2,88,2,1,1,3,0,7.01,"04-30-2015","18:36:00","","Y","N","BACOPD","UNK",3,0,150,"MD","",1.09,"E","EASTERN AVE",0,"F","E",5141,"CO","","54TH ST",39.29496452,-76.51167378,1,0,1,"F",1,4,NA,3,5,2,1,51,"P",0,NA,0,"",NA,"",NA,1,NA,"11-DEC-32","48e8d08e-338d-4fda-9220-16b159bb491a","","","","","A"
"AE48500020",3,3,0,2,11,2,1,1,4,4,6.01,"10/4/2016","9:46:00","","Y","N","BACOPD","UNK",1,3,41,"MD","",0.14,"N","PERRING PKWY",0,"F","N",6123,"CO","","MCCLEAN BLVD",39.3731581,-76.56790763,3,0,1,"F",1,4,NA,3,12.88,2,1,56,"P",0,NA,0,"",NA,"N",NA,1,NA,"21-Jun-72","2f8ee9f8-7684-499e-ae4d-71988cf55676","","","","","C"
"AE48520013",1,3,0,2,11,2,1,1,1,0,6.01,"10-12-2015","17:43:00","","Y","N","BACOPD","UNK",1,3,140,"MD","",7.18,"N","REISTERSTOWN RD",0,"F","N",611,"CO","","HIGH FALCON RD",39.43775079,-76.80258751,2,0,1,"M",1,3,NA,3,3,0,1,56,"P",0,NA,0,"",NA,"N",NA,1,NA,"19-SEP-67","1e326e8b-920b-4dbd-9620-839d94d0c406","MD","C","","","C"
"AE48520015",4,3,0,0,17,2,1,1,2,0,6.01,"11-04-2015","18:38:00","","N","N","BACOPD","UNK",3,0,695,"MD","",4.62,"N","BALTO BELTWAY",NA,"M","S",695,"RP","","RAMP 4 FR MD 695 NB TO MD 150 EB",39.29325842,-76.50263071,1,0,1,"M",2,4,NA,2,6,1,1,53,"P",0,NA,0,"",NA,"Y",NA,1,NA,"10-NOV-63","ae98f814-5c7c-4ac4-bb19-1933dc59e46a","MD","ID","","","A"
"AE48550004",3,3,NA,1,17,2,NA,1,0,0,6.01,"03-27-2015","23:04:00","","N","N","BACOPD","UNK",3,0,140,"MD","",0.03,"N","REISTERSTOWN RD",0,"F","N",NA,"UU","","ENT TO BUSINESS",39.40601631,-76.76710725,1,0,1,"F",0,3,NA,2,88,88,1,88,"P",0,NA,0,"",NA,"",NA,0,NA,"21-MAR-79","3e04e649-12d0-4510-92cb-7eb8edb90a96","","","","",""
"AE48790041",3,3,0,1,17,2,2,1,4,0,6.01,"6/27/2017","21:09:00","","N","N","BACOPD","UNK",3,0,150,"MD","",3.22,"E","EASTERN BLVD",50,"F","W",4971,"CO","","TAYLOR AVE",39.30806615,-76.47652209,1,2,1,"M",2,3,NA,3,6,0,1,54,"P",0,NA,0,"",NA,"Y",NA,0,NA,"31-Jan-66","79803640-f6a6-40de-8402-5e1174457d4b","MD","ID","","","A"
"AE4880005M",3,3,NA,1,17,1,2,1,4,0,12.04,"03-03-2015","20:50:00","","Y","N","BACOPD","UNK",3,0,7,"MD","",5.71,"E","PHILADELPHIA RD",75,"F","E",6880,"CO","","CAMPBELL BLVD",39.367047,-76.448962,1,0,1,"M",99,4,NA,3,6,1,1,52,"P",0,NA,0,"",NA,"",NA,1,NA,"12-MAY-92","1d34f034-bbb7-40fc-b876-74595f0c8aba","MD","","","","A"
"AE4880009S",1,3,0,2,17,2,1,1,1,0,6.01,"08-19-2015","16:34:00","","Y","N","BACOPD","UNK",4,0,588,"MD","",0.58,"N","KENWOOD AVE",0,"F","N",4357,"CO","","GOLDEN RING RD",39.337715,-76.505043,1,0,1,"M",1,3,NA,2,9.05,1,2,51,"P",0,NA,0,"",NA,"Y",NA,1,NA,"23-JUN-02","6abd6e9e-e650-458c-94f2-e8bfebd77a0c","","","","","A"
"AE488000BJ",1,3,0,3,17,2,NA,1,4,0,6.01,"09-11-2015","15:20:00","","Y","N","BACOPD","UNK",3,0,7,"MD","",2.63,"E","PHILADELPHIA RD",180,"F","W",0,"UU","","ENT TO GOLDEN RING CENTER",39.33668,-76.490704,1,0,1,"M",1,4,NA,3,6,1,1,52,"P",0,NA,0,"",NA,"Y",NA,1,NA,"24-APR-02","cc5cef72-0ae7-4467-a317-15195148a8ae","","","","","A"
"AE488000CK",1,3,0,1,17,2,1,1,1,0,6.01,"10-12-2015","08:39:00","","N","N","BACOPD","UNK",3,0,7,"MD","",3.74,"E","PHILADELPHIA RD",NA,"M","W",4462,"CO","","HOSPITAL DR",39.344682,-76.476165,1,0,1,"M",1,3,NA,2,6,1,1,52,"P",0,NA,0,"",NA,"Y",NA,25.88,NA,"26-JAN-93","bfe4ea26-ad0f-43b1-82b7-595d7fc87a7d","MD","","","","A"
"AE48900016",1,3,0,2,88,2,1,1,1,0,6.01,"08-12-2015","14:54:00","PC6.1457","Y","N","BACOPD","UNK",3,0,45,"MD","",1.13,"N","YORK RD",0,"F","N",0,"UU","","SISTER PIERRE DR",39.38786007,-76.60594538,1,2,1,"M",1,4,NA,2,9.05,3,1,51,"P",0,NA,0,"",NA,"Y",NA,1,NA,"23-JUL-43","ff26dee6-1503-4788-9a78-e8d8859a3f1d","MD","C","","","A"
"AE4890003Z",3,3,0,9.04,88,2,2,1,1,0,6.01,"03-08-2016","18:00:00","PC6.1458","Y","N","BACOPD","UNK",3,0,45,"MD","",0.04,"N","YORK RD",0,"F","N",0,"UU","","ENT TO YORK RD PLAZA SHOPPING CTR",39.37254928,-76.60990298,1,0,1,"F",1,4,NA,3,11.05,2,1,51,"P",0,NA,0,"",NA,"N",NA,1,NA,"30-OCT-59","aad2dd89-c20b-43f4-a2ae-a90f0b94508e","","","","","A"
"AE4890005Z",3,3,0,3,88,2,1,1,1,0,6.01,"10/19/2016","20:06:00","PC6.1458","Y","N","BACOPD","UNK",3,0,45,"MD","",1.94,"N","YORK RD",3,"F","N",1179,"CO","","CHESAPEAKE AVE W",39.39943768,-76.60268247,1,0,1,"F",NA,3,NA,1,5,99,1,51,"P",0,NA,0,"",NA,"N",NA,1,NA,"4-Oct-68","41e3a75d-0bfa-4128-81f8-64ec2a8057db","MD","C","","","A"
"AE4890006Q",6.02,3,0,2,17,2,1,1,1,0,6.01,"2/23/2017","17:50:00","PC6.1458","Y","N","BACOPD","UNK",3,0,45,"MD","",0.34,"N","YORK RD",0,"F","N",1314,"CO","","DUNKIRK RD",39.3767658,-76.60894543,1,0,1,"F",9.88,4,NA,3,10.88,1,1,51,"P",0,NA,0,"",NA,"Y",NA,1,NA,"3-Mar-44","6d5be77a-8eee-46df-9b4a-adea9aad5631","DC","D","","","A"
"AE4892004T",3,3,0,3,88,2,2,1,5.01,0,7.01,"1/29/2017","19:00:00","","N","N","BACOPD","UNK",3,0,26,"MD","",7.237,"E","LIBERTY RD",76,"F","W",2000,"CO","","ROLLING RD",39.35595393,-76.7653426,1,0,1,"M",1,4,NA,2,6,88,1,52,"P",0,NA,0,"",NA,"Y",NA,1,NA,"2-Jun-49","0d8c27d7-f648-406f-8901-0268daf0783a","MD","","","","A"
"AE4947002F",1,3,0,1,17,2,1,1,1,0,6.01,"06-01-2016","18:11:00","07","N","N","BACOPD","UNK",3,0,45,"MD","",16,"N","YORK RD",30,"F","S",142,"CO","","EVERETT RD",39.49341273,-76.65554153,1,0,1,"M",2,3,NA,99,6,1,1,52,"P",0,NA,0,"",NA,"Y",NA,1,NA,"16-FEB-85","8b9964d3-d39a-48ae-8d9a-1ee06a755c6e","MD","","","",""
"AE50970008",1,3,NA,2,88,2,1,1,0,0,6.01,"04-11-2015","13:53:00","","Y","N","BACOPD","UNK",3,0,588,"MD","",0.78,"N","KENWOOD AVE",0,"F","N",4359,"CO","","HAZELWOOD AVE",39.34057069,-76.50518417,1,0,1,"F",1,3,NA,0,5,2,1,51,"P",0,NA,0,"",NA,"",NA,0,NA,"12-JAN-56","fc68adb0-79af-49a5-9eaf-2fd70670d515","MD","","","","A"
"AE5097000D",1,3,0,2,88,0,NA,1,88,0,7.01,"07-27-2015","11:43:00","03","Y","N","BACOPD","UNK",3,0,7,"MD","",2.8,"E","PHILADELPHIA RD",0,"F","E",7269,"CO","","FONTANA LA",39.33877009,-76.48802876,1,0,1,"F",4,3,NA,2,6,1,1,51,"P",0,NA,0,"",NA,"Y",NA,0,NA,"26-OCT-68","26e8d524-8511-401a-8772-964f5dd50a05","MD","","","","A"
"AE51040008",3,3,NA,2,88,2,NA,1,4,0,6.01,"03-21-2015","20:15:00","PC11","Y","N","BACOPD","UNK",3,0,700,"MD","",1.62,"N","MARTIN BLVD",0,"F","N",4537,"CO","","TRANSVERSE AVE",39.3398405,-76.46291256,1,0,1,"M",1,3,NA,2,6,1,1,54,"P",0,NA,0,"",NA,"",NA,0,NA,"30-AUG-66","bdd6b12b-b919-4b82-9192-f6838d18526c","MD","","","","A"
"AE5129000V",1,3,NA,2,17,2,2,1,1,0,6.01,"04-18-2015","12:48:00","","Y","N","BACOPD","UNK",3,0,140,"MD","",8.2,"N","REISTERSTOWN RD",0,"F","N",NA,"UU","","ENT TO REISTERSTOWN SHOPPING CENTER",39.44845347,-76.81592077,1,0,1,"F",1,3,NA,3,5,3,1,51,"P",0,NA,0,"",NA,"",NA,1,NA,"19-JUL-79","ae7df425-b5e5-4089-99b8-53136fb1d99b","","","","","A"
"AE5129001Q",3,3,0,1,17,2,2,1,4,0,6.01,"03-04-2016","18:21:00","","N","N","BACOPD","UNK",3,0,122,"MD","",0.27,"E","SECURITY BLVD",100,"F","E",2398,"CO","","BELMONT AVE",39.31287615,-76.75056338,1,0,1,"F",1,3,NA,2,4,1,1,52,"P",0,NA,0,"",NA,"Y",NA,1,NA,"08-NOV-83","5b5b1be6-6f2c-4847-b310-76e91a8a8270","","","","","A"
"AE51290022",1,3,0,2,88,2,1,1,3,0,6.01,"07-09-2016","17:48:00","","Y","N","BACOPD","UNK",3,0,150,"MD","",1.09,"E","EASTERN AVE",0,"F","E",5141,"CO","","54TH ST",39.29498132,-76.51175827,1,0,1,"M",1,4,NA,3,5,3,1,51,"P",0,NA,0,"",NA,"Y",NA,1,NA,"05-NOV-90  00:00:00","9878bbba-0272-4f10-a258-cdd97cf7e78b","MD","","","","B"
"AE51290029",4,3,0,2,17,2,1,1,1,0,6.01,"10/8/2016","19:22:00","","N","N","BACOPD","UNK",3,3,144,"MD","",2.09,"E","FREDERICK RD",0,"F","E",2969,"CO","","DEVERE LA",39.26719812,-76.75963998,1,0,1,"F",1,4,NA,2,4,1,1,51,"P",0,NA,0,"",NA,"Y",NA,1,NA,"12-Mar-02","5fbc7f9b-02d0-41d7-9bff-1f0f499378c8","","","","",""
"AE5129002C",3,3,0,1,88,2,NA,1,3,0,6.01,"10/28/2016","6:58:00","","N","N","BACOPD","UNK",3,3,7,"MD","",2.25,"E","PHILADELPHIA RD",290,"F","E",4453,"CO","","GOLDEN RING RD",39.33386592,-76.49512053,2,5,1,"M",99,5,NA,3,6,1,1,56,"P",0,NA,0,"",NA,"Y",NA,1,NA,"6-Jan-90","5649c234-6a1b-40e9-accb-19c8d9aa57dc","MD","ID","","",""
"AE5129002G",3,3,0,2,17,2,1,1,1,0,6.01,"11/10/2016","19:12:00","","Y","N","BACOPD","UNK",3,0,26,"MD","",5.217,"E","LIBERTY RD",0,"F","E",2301,"CO","","OFFUTT RD",39.36911168,-76.79927096,1,0,1,"M",1,4,NA,3,5,3,1,51,"P",0,NA,0,"",NA,"Y",NA,0,NA,"13-Dec-00","0d54072b-99c7-4539-a9e0-9b00ffc41fac","","","","","A"