"REPORT_NO","LIGHT_CODE","COUNTY_NO","MUNI_CODE","JUNCTION_CODE","COLLISION_TYPE_CODE","SURF_COND_CODE","LANE_CODE","RD_COND_CODE","RD_DIV_CODE","FIX_OBJ_CODE","WEATHER_CODE","ACC_DATE","ACC_TIME","LOC_CODE","SIGNAL_FLAG","C_M_ZONE_FLAG","AGENCY_CODE","AREA_CODE","HARM_EVENT_CODE1","HARM_EVENT_CODE2","RTE_NO","ROUTE_TYPE_CODE","RTE_SUFFIX","LOG_MILE","LOGMILE_DIR_FLAG","MAINROAD_NAME","DISTANCE","FEET_MILES_FLAG","DISTANCE_DIR_FLAG","REFERENCE_NO","REFERENCE_TYPE_CODE","REFERENCE_SUFFIX","REFERENCE_ROAD_NAME","LATITUDE","LONGITUDE","drv","occ","ped","SEX_CODE","CONDITION_CODE","INJ_SEVER_CODE","OCC_SEAT_POS_CODE","PED_VISIBLE_CODE","PED_LOCATION_CODE","PED_OBEY_CODE","PED_TYPE_CODE","MOVEMENT_CODE","PERSON_TYPE","ALCOHOL_TEST_CODE","ALCOHOL_TESTTYPE_CODE","DRUG_TEST_CODE","DRUG_TESTRESULT_CODE","BAC_CODE","FAULT_FLAG","EQUIP_PROB_CODE","SAF_EQUIP_CODE","EJECT_CODE","DATE_OF_BIRTH","PERSON_ID","LICENSE_STATE_CODE","CLASS","CDL_FLAG","VEHICLE_ID","EMS_UNIT_LABEL"
"AE5129002X",1,3,0,2,17,2,2,1,1,0,6.01,"3/3/2017","7:50:00","","Y","N","BACOPD","UNK",3,0,45,"MD","",0.85,"N","YORK RD",0,"F","N",1200,"CO","","STEVENSON LA",39.38384893,-76.60703838,1,0,1,"F",1,4,NA,4,5,2,1,51,"P",0,NA,0,"",NA,"N",NA,1,NA,"7-Oct-50","b84f56dc-2813-4514-ac52-f0661ba7fd3f","","","","","A"
"AE5138000Q",3,3,NA,1,88,1,2,1,1,0,8.04,"02-18-2015","20:03:00","","N","Y","BACOPD","UNK",3,3,26,"MD","",4.197,"E","LIBERTY RD",93,"F","E",2330,"CO","","LIVE OAK RD",39.37669321,-76.81536019,2,0,1,"M",1,4,NA,2,6,1,1,52,"P",0,NA,0,"",NA,"",NA,1,NA,"05-JUN-75","9c4740f8-f496-4c43-a799-e0f89f686a4b","MD","C","","","A"
"AE51380027",3,3,0,1,17,2,1,1,1,0,6.01,"11/11/2016","20:26:00","","N","N","BACOPD","UNK",3,0,147,"MD","",0.04,"N","HARFORD RD",10,"F","N",3708,"CO","","LINGANORE AVE",39.37252778,-76.54390991,1,2,1,"F",1,4,NA,3,16.05,1,1,51,"P",0,NA,0,"",NA,"U",NA,1,NA,"22-Mar-71","d2c482d4-897e-4010-ad4b-759faf9a2f73","","","","","A"
"AE5138002G",1,3,0,2,17,2,2,1,4,0,6.01,"2/17/2017","15:44:00","","Y","N","BACOPD","UNK",3,0,146,"MD","",0.29,"N","DULANEY VALLEY RD",0,"F","N",1164,"CO","","FAIRMOUNT AVE",39.40594481,-76.60145134,1,1,1,"M",1,4,NA,2,5,3,1,51,"P",0,NA,0,"",NA,"Y",NA,1,NA,"12-Sep-84","a8554ba5-5ec3-46b3-aa8a-ea9c7c2f8504","MD","ID","","","A"
"AE5138002L",1,3,0,1,88,2,1,1,1,0,7.01,"3/25/2017","15:09:00","","N","N","BACOPD","UNK",11,3,372,"MD","",2.43,"E","WILKENS AVE",117,"F","W",3000,"CO","","LEEDS AVE",39.26786262,-76.68936476,1,0,2,"F",1,3,NA,3,6,1,1,52,"P",0,NA,0,"",NA,"Y",NA,1,NA,"3-May-90","48368252-2ba9-44c2-82ac-b060b0da7d27","MD","ID","","",""
"AE5138002L",1,3,0,1,88,2,1,1,1,0,7.01,"3/25/2017","15:09:00","","N","N","BACOPD","UNK",11,3,372,"MD","",2.43,"E","WILKENS AVE",117,"F","W",3000,"CO","","LEEDS AVE",39.26786262,-76.68936476,1,0,2,"M",1,3,NA,2,6,1,1,52,"P",0,NA,0,"",NA,"Y",NA,1,NA,"3-Jan-13","d1407b92-a05c-4771-b10e-1b32a4ef7a1c","","","","",""
"AE5141001Y",3,3,0,1,88,2,2,1,4,0,6.01,"3/17/2017","21:11:00","1407PC6","N","N","BACOPD","UNK",3,0,542,"MD","",2.18,"N","LOCH RAVEN BLVD",500,"F","N",8762,"CO","","JOPPA RD E",39.39859057,-76.56404391,1,1,1,"M",NA,4,NA,99,6,1,1,54,"P",0,NA,0,"",NA,"Y",NA,1,NA,"25-Jul-54","69d44113-c7ce-45ff-95ae-86ec85a930bf","MD","ID","","","A"
"AE5147001T",1,3,0,2,88,2,1,1,1,0,7.01,"10-14-2015","13:30:00","","Y","N","BACOPD","UNK",3,3,144,"MD","",3.67,"E","FREDERICK RD",0,"F","E",2621,"CO","","INGLESIDE AVE",39.27198238,-76.73143387,1,0,1,"F",1,3,NA,3,5,2,1,51,"P",0,NA,0,"",NA,"N",NA,1,NA,"07-JAN-74","081d162f-60b6-4e44-879d-82e5eea1d90d","MD","ID","","","A"
"AE51470036",1,3,0,0,88,2,1,1,3,0,7.01,"08-05-2016","10:52:00","","N","N","BACOPD","UNK",3,0,144,"MD","",3.32,"E","FREDERICK RD",NA,"F","E",0,"UU","","ENT TO CATONSVILLE POST OFFICE",39.27077493,-76.73719525,1,0,1,"M",1,3,NA,3,1,1,1,52,"P",0,NA,0,"",NA,"Y",NA,1,NA,"29-NOV-57  00:00:00","b25f1988-6a97-4592-bfa3-25362c6b3ca8","MD","CM","","","A"
"AE5148002M",1,3,0,2,11,2,1,1,1,0,6.01,"4/2/2017","12:59:00","","N","N","BACOPD","UNK",4,0,128,"MD","",4.7,"E","BUTLER RD",0,"F","E",189,"CO","","MANTUA MILL RD",39.51432555,-76.76821768,1,0,1,"M",1,3,NA,2,6,1,2,53,"P",0,NA,0,"",NA,"N",NA,21,NA,"28-Oct-83","0ea8b423-a989-4fad-8497-57bac120cbb4","MD","","","","A"
"AE51720005",3,3,0,3,17,1,1,1,1,0,6.01,"06-23-2016","22:36:00","","Y","N","BACOPD","UNK",3,0,45,"MD","",1.94,"N","YORK RD",10,"F","N",1179,"CO","","CHESAPEAKE AVE W",39.39944839,-76.60269588,1,0,1,"F",2,3,NA,1,6,3,1,52,"P",0,NA,0,"",NA,"Y",NA,1,NA,"24-AUG-75","9f6cbc72-6795-457f-aeaa-24816a9c6f35","NY","","","",""
"AE51770015",1,3,0,1,11,2,NA,1,3,0,6.01,"11-27-2015","08:57:00","1409 PC2","N","N","BACOPD","UNK",3,0,26,"MD","",6.457,"E","LIBERTY RD",30,"F","W",1700,"CO","","OLD COURT RD",39.36141113,-76.77887678,1,0,1,"F",1,3,NA,1,6,0,1,52,"P",0,NA,0,"",NA,"Y",NA,1,NA,"30-MAY-74","ef302d7d-b97c-426c-8751-c9241cd73b96","MD","ID","","","A"
"AE51770016",1,3,0,3,11,0,1,1,4,0,6.01,"12-03-2015","14:20:00","","Y","N","BACOPD","UNK",3,0,43,"MD","",0.64,"E","WHITE MARSH BLVD",58,"F","E",6158,"CO","","WALTHER BLVD",39.38095169,-76.51222229,1,0,1,"F",1,5,NA,3,6,3,1,52,"P",0,NA,0,"",NA,"Y",NA,1,NA,"26-SEP-53","ea7875b5-30af-4d28-b7e1-a9e4b1180c2c","","","","","A"
"AE51770025",3,3,0,2,88,2,2,1,1,0,0,"10/28/2016","20:09:00","","Y","N","BACOPD","UNK",3,0,140,"MD","",1.73,"N","REISTERSTOWN RD",0,"F","N",0,"UU","","ENT TO BUSINESS",39.38274187,-76.73171818,1,0,1,"F",99,4,NA,2,6,1,1,51,"P",0,NA,0,"",NA,"Y",NA,1,NA,"29-Jul-68","26052cf8-43ad-45fd-8f00-55b21e2e99f6","MD","","","","A"
"AE5178000D",3,3,0,2,17,2,1,1,0,0,6.01,"11-07-2015","01:39:00","","N","N","BACOPD","UNK",3,3,648,"MD","E",1.37,"N","OLD ANNAPOLIS RD",0,"F","N",3281,"CO","","DAISY AVE",39.24503342,-76.64078593,1,0,1,"F",2,4,NA,3,10.88,1,1,56,"P",0,NA,0,"",NA,"Y",NA,1,NA,"24-APR-94","f7cd772a-9424-43e2-9072-c838050141a8","MD","","","","A"
"AE52040002",1,3,0,9.04,88,2,2,1,3,88,6.01,"08-29-2016","17:56:00","","N","N","BACOPD","UNK",3,0,45,"MD","",0,"N","YORK RD",0,"F","S",0,"UU","","BALTO CITY LINE",39.37411809,-76.60966158,1,0,1,"M",99,3,NA,2,6,1,1,54,"P",0,NA,0,"",NA,"Y",NA,0,NA,"17-MAR-56  00:00:00","7eefbaa3-2fb3-4bde-9b4e-47449d5c1c45","","","","","A"
"AE52160006",1,3,NA,2,17,4,1,88,4,0,6.01,"02-27-2015","13:28:00","","Y","N","BACOPD","UNK",3,0,151,"MD","",6.5,"N","NORTH POINT BLVD",0,"F","N",NA,"UU","","ENT TO EASTPOINT MALL",39.291681,-76.51072,1,0,1,"F",1,3,NA,2,9.05,2,1,51,"P",0,NA,0,"",NA,"",NA,0,NA,"28-SEP-57","f71faafc-0f61-4942-acba-91e2fb3a3de3","","","","","A"
"AE5253001G",3,3,0,1,88,2,NA,1,1,6,6.01,"10-23-2015","22:36:00","","N","N","BACOPD","UNK",9,3,140,"MD","",3.76,"N","REISTERSTOWN RD",50,"F","N",130,"MD","","GREENSPRING VALLEY RD",39.40358735,-76.75746202,1,3,1,"M",NA,3,NA,2,3,0,1,88,"P",0,NA,0,"",NA,"N",NA,0,NA,"06-MAR-97","642760a0-1266-4f3a-afdd-049f9429add7","","","","","A"
"AE52990014",1,3,0,2,88,1,NA,1,4,0,3,"03-13-2016","16:56:00","","Y","N","BACOPD","UNK",3,0,41,"MD","",0.14,"N","PERRING PKWY",0,"F","N",6123,"CO","","MCCLEAN BLVD",39.38859827,-76.54101849,1,0,1,"M",1,3,NA,2,9.05,99,1,51,"P",0,NA,0,"",NA,"N",NA,1,NA,"12-AUG-01","8006e6bd-c413-42f7-95ab-3e1be4266931","","","","","A"
"AE5339000H",3,3,0,2,17,2,1,1,5.01,0,6.01,"03-15-2016","21:37:00","03 326","Y","N","BACOPD","UNK",3,0,140,"MD","",6.87,"N","REISTERSTOWN RD",0,"F","N",83,"OP","","RICH MAR RD",39.43470561,-76.79878414,1,0,1,"F",1,3,NA,2,5,2,1,51,"P",0,NA,0,"",NA,"N",NA,0,NA,"12-NOV-92","9c5c42fc-d851-4e33-aad4-4ca005c62ce0","","","","","A"
"AE5340000X",3,3,NA,2,11,2,1,1,1,0,6.01,"01-30-2015","20:05:00","","Y","N","BACOPD","UNK",3,0,150,"MD","",3.22,"E","EASTERN BLVD",0,"F","E",4971,"CO","","TAYLOR AVE",39.32155002,-76.50878906,1,0,1,"M",NA,3,NA,3,6,1,1,52,"P",0,NA,0,"",NA,"",NA,0,NA,"28-MAY-82","1cac600f-d22c-47d0-b5fb-661d4a08b92b","","","","",""
"AE5340001B",3,3,0,0,11,2,1,1,1,0,6.01,"09-05-2015","20:18:00","","N","N","BACOPD","UNK",3,0,145,"MD","",5.74,"E","SWEET AIR RD",20,"F","W",7145,"CO","","HAMPSHIRE KNOB DR",39.51650442,-76.55757844,1,0,1,"M",1,4,NA,3,6,1,1,52,"P",0,NA,0,"",NA,"Y",NA,0,NA,"12-JUN-99","ec274ce4-4083-4ae1-9303-d5226cedb91a","","","","","A"
"AE5340001P",3,3,0,2,11,1,1,1,1,0,7.01,"12-17-2015","06:47:00","","Y","N","BACOPD","UNK",3,0,45,"MD","",7.04,"N","YORK RD",0,"F","N",797,"CO","","INDUSTRY LA",39.46645498,-76.63740769,1,0,1,"M",1,5,NA,2,99,3,1,52,"P",0,NA,0,"",NA,"Y",NA,0,NA,"11-NOV-48","9c4279b3-a6b8-429b-8583-9f2ae2cca22b","MD","C","","",""
"AE5340002H",3,3,0,2,17,1,1,0,4,0,3,"11/19/2016","19:32:00","","Y","N","BACOPD","UNK",3,3,150,"MD","",4.66,"E","EASTERN BLVD",0,"F","E",4728,"CO","","STEMMERS RUN RD",39.32001454,-76.45491958,1,3,2,"F",NA,4,NA,2,5,3,1,51,"P",0,NA,0,"",NA,"Y",NA,1,NA,"14-Oct-59","bac69f3f-c43b-4dc7-92ea-8994fba98bfe","","","","","B"
"AE5340002H",3,3,0,2,17,1,1,0,4,0,3,"11/19/2016","19:32:00","","Y","N","BACOPD","UNK",3,3,150,"MD","",4.66,"E","EASTERN BLVD",0,"F","E",4728,"CO","","STEMMERS RUN RD",39.32001454,-76.45491958,1,3,2,"M",1,4,NA,2,5,3,1,51,"P",0,NA,0,"",NA,"Y",NA,1,NA,"14-Oct-59","275b47e5-d483-4fe5-ab20-6865593a1f21","","","","","A"
"AE53650007",3,3,NA,1,88,4,3,1,4,0,88,"01-19-2015","00:47:00","","N","N","BACOPD","UNK",2,2,122,"MD","",2.59,"E","SECURITY BLVD",100,"F","E",2621,"CO","","INGLESIDE AVE",39.30310533,-76.71244383,1,0,1,"M",1,3,NA,4,1,1,7,88,"P",0,NA,0,"",NA,"",NA,25.88,NA,"08-JUN-67","53fb0de5-6066-45c8-ba7d-8d6db12844d2","MD","","","",""
"AE5369000Q",7.88,3,0,2,7,2,NA,1,1,0,6.01,"08-26-2015","23:00:00","","N","N","BACOPD","UNK",4,0,150,"MD","",10.17,"E","EASTERN AVE",0,"F","E",6515,"OP","","BRINKSMAN RD",39.35782755,-76.37231827,1,0,1,"M",99,3,NA,6,1,1,2,53,"P",0,NA,0,"",NA,"N",NA,1,NA,"23-MAY-83","6ab7fac0-d014-4f96-a90d-870c000c9e3d","MD","","","",""
"AE53920010",1,3,NA,1,17,2,NA,1,1,0,6.01,"05-26-2015","13:56:00","","N","N","BACOPD","UNK",3,0,45,"MD","",4.4,"N","YORK RD",598,"F","N",866,"CO","","RIDGELY RD",39.42856096,-76.62064791,1,0,1,"M",1,3,NA,3,6,0,1,52,"P",0,NA,0,"",NA,"",NA,1,NA,"11-JAN-88","39a96968-6eab-472f-b55c-6d1128cfc2c1","","","","","A"
"AE5407000T",1,3,0,2,17,2,2,1,1,4,6.01,"06-18-2016","15:54:00","","Y","N","BACOPD","UNK",1,0,26,"MD","",6.747,"E","LIBERTY RD",0,"F","E",2100,"CO","","COURTLEIGH DR",39.35945553,-76.77371487,1,0,1,"F",1,3,NA,2,3,0,1,56,"P",0,NA,0,"",NA,"N",NA,1,NA,"21-OCT-64","5bdd2046-b836-4930-ab34-45918d098f39","MD","ID","","",""
"AE5428000D",1,3,NA,2,88,2,1,1,1,0,6.01,"01-17-2015","10:36:00","","Y","N","BACOPD","UNK",3,0,144,"MD","",4.35,"E","FREDERICK RD",0,"F","E",2603,"CO","","PROSPECT AVE S",39.27488102,-76.71926737,1,0,1,"M",1,3,NA,2,9.05,2,1,51,"P",0,NA,0,"",NA,"",NA,0,NA,"22-AUG-38","faf1ddf2-6c59-494d-aff1-51ca22f9466e","MD","","","","A"
"AE5439002C",3,3,0,3,17,2,1,1,88,0,6.01,"10/3/2016","20:15:00","727","N","N","BACOPD","UNK",3,0,45,"MD","",5.81,"N","YORK RD",0,"F","N",0,"UU","","ENT TO BUSINESS",39.44962368,-76.6301322,1,0,1,"M",1,3,NA,3,11.05,0,1,52,"P",0,NA,0,"",NA,"N",NA,1,NA,"6-Jun-80","d8e07b9e-58f5-4b2b-9f9c-2423801a9044","MD","C","","","A"
"AE5446001L",1,3,0,1,17,2,1,1,1,0,88,"3/25/2017","7:20:00","729","N","N","BACOPD","UNK",3,3,146,"MD","",4.94,"N","DULANEY VALLEY RD",0,"F","N",0,"UU","","SPUR TO MD 146-A",39.46815083,-76.55482247,1,0,2,"F",1,4,NA,2,1,1,1,54,"P",0,NA,0,"",NA,"N",NA,0,NA,"12-Nov-61","718b4c58-acc5-4fe3-90be-5508e82d9915","","","","","A"
"AE5463000T",7.88,3,0,1,17,1,1,1,1,0,2,"11/30/2016","3:53:00","","N","N","BACOPD","UNK",3,0,45,"MD","",24.97,"N","YORK RD",20,"F","N",57,"CO","","TURNER CROSSING RD",39.70996817,-76.65072083,1,0,1,"M",1,3,NA,2,6,1,1,52,"P",0,NA,0,"",NA,"Y",NA,1,NA,"3-May-77","3f13cda8-84b7-4a4b-9781-fec0698439d6","MD","","","","A"
"AE5466003Q",4,3,0,0,17,2,1,1,4,0,0,"11-30-2015","18:14:00","","N","N","BACOPD","UNK",3,0,122,"MD","",1.38,"E","SECURITY BLVD",100,"F","W",2475,"CO","","GWYNN OAK AVE",39.31197134,-76.73059702,1,0,1,"M",1,3,NA,3,2,1,1,52,"P",0,NA,0,"",NA,"Y",NA,1,NA,"16-JAN-36","82bdb34c-a03e-4b2a-bccf-4543400c8988","","","","","A"
"AE5466003X",3,3,0,2,17,1,1,1,1,0,3,"12-02-2015","18:02:00","","Y","N","BACOPD","UNK",3,0,26,"MD","",4.527,"E","LIBERTY RD",0,"F","E",2297,"CO","","PIKESWOOD DR",39.37420103,-76.81044102,1,0,1,"M",1,3,NA,3,5,3,1,51,"P",0,NA,0,"",NA,"N",NA,1,NA,"16-JUL-63","309608a3-e5c8-47c4-bc5d-88b73d8e889d","MD","C","","","A"
"AE5466004Q",3,3,0,0,17,1,2,1,1,0,3,"03-14-2016","20:47:00","","N","N","BACOPD","UNK",3,0,26,"MD","",6.451,"E","LIBERTY RD",10,"F","E",0,"UU","","ENT TO BUSINESS",39.36317357,-76.7834208,1,0,1,"M",1,3,NA,2,6,0,1,56,"P",0,NA,0,"",NA,"Y",NA,1,NA,"28-MAR-70","4100addc-878f-40bb-bf40-33bdb3548c1e","","","","","A"
"AE5483002V",1,3,0,2,17,2,1,1,1,0,6.01,"06-16-2016","15:36:00","","Y","N","BACOPD","UNK",3,0,144,"MD","",4.35,"E","FREDERICK RD",0,"F","E",2604,"CO","","PROSPECT AVE N",39.27487272,-76.71926737,1,0,1,"M",1,3,NA,3,5,1,1,51,"P",0,NA,0,"",NA,"N",NA,1,NA,"27-MAY-51","cd6aeedb-95aa-40c4-877d-230e57b7de67","MD","","","","A"
"AE54830040",1,3,0,1,17,2,1,1,1,0,6.01,"6/12/2017","16:30:00","","N","N","BACOPD","UNK",4,0,144,"MD","",3.67,"E","FREDERICK RD",100,"F","W",2621,"CO","","INGLESIDE AVE",39.27198031,-76.73191667,1,0,1,"M",1,4,NA,3,6,1,2,52,"P",0,NA,0,"",NA,"Y",NA,1,NA,"11-Aug-02","56ff0d18-1b34-4f5b-a74a-1b84cb99e1bc","","","","","A"
"AE55000013",0,3,0,0,17,2,1,1,1,0,6.01,"01-16-2016","11:55:00","","N","N","BACOPD","UNK",3,0,144,"MD","",3.47,"E","FREDERICK RD",10,"F","E",2700,"CO","","WINTERS LA",39.27128677,-76.73507765,1,0,1,"F",1,3,NA,1,5,99,1,0,"P",0,NA,0,"",NA,"N",NA,1,NA,"24-OCT-85","0ca1b4eb-48d5-4e10-8b6a-347f57fd3f12","MD","C","","","A"
"AE55250015",1,3,NA,2,11,2,2,1,4,0,6.01,"06-08-2015","12:23:00","PC11","Y","N","BACOPD","UNK",4,0,700,"MD","",1.21,"N","MARTIN BLVD",0,"F","N",4500,"CO","","COMPASS RD",39.3358741,-76.45705462,1,1,1,"M",1,3,NA,3,88,0,2,53,"P",0,NA,0,"",NA,"",NA,1,NA,"05-AUG-97","936ecb4c-5edc-428e-bf13-4a4d8ec6b096","MD","","","","A"
"AE55310025",3,3,0,0,0,2,NA,1,1,0,6.01,"4/9/2017","21:00:00","PC02 215","Y","N","BACOPD","UNK",3,0,26,"MD","",6.457,"E","LIBERTY RD",0.1,"F","E",1700,"CO","","OLD COURT RD",39.36170353,-76.77961841,1,0,1,"M",1,3,NA,2,6,1,1,52,"P",0,NA,0,"",NA,"Y",NA,0,NA,"26-Feb-90","63272f7c-22cd-4ec3-8fab-cc99bdbd619c","MD","","","","A"
"AE55710027",1,3,0,3,88,2,1,1,4,0,6.01,"3/26/2017","17:05:00","PC6/PAT","N","N","BACOPD","UNK",4,0,45,"MD","",2.82,"N","YORK RD",5,"F","S",1164,"CO","","FAIRMOUNT AVE",39.41016938,-76.6091466,1,1,1,"M",1,3,NA,1,88,1,2,53,"P",0,NA,0,"",NA,"N",NA,21,NA,"21-Jan-56","f239a778-85ee-4e7d-b06a-e3f7707187e0","MD","","","",""
"AE5574000Z",5.02,3,0,2,88,6.03,2,1,1,0,2,"12-22-2015","07:00:00","212","Y","N","BACOPD","UNK",3,0,26,"MD","",9.047,"E","LIBERTY RD",0,"F","E",1901,"CO","","ESSEX RD",39.34530845,-76.73472762,1,0,1,"F",0,3,NA,3,5,2,1,51,"P",0,NA,0,"",NA,"N",NA,1,NA,"26-FEB-77","19983cba-9ba1-43a3-962a-a0b2fc9ce499","MD","C","","",""
"AE5586000H",1,3,0,2,88,2,1,1,1,0,0,"07-29-2015","13:53:00","","Y","N","BACOPD","UNK",3,0,122,"MD","",0.79,"E","SECURITY BLVD",0,"F","E",2404,"CO","","WHITEHEAD RD",39.31224528,-76.74056411,1,0,1,"M",1,3,NA,1,16.05,2,1,51,"P",0,NA,0,"",NA,"N",NA,1,NA,"07-MAR-87","2a3ef1fa-e71b-45ae-87e4-6705ea2b8cca","","","","",""
"AE5605000K",1,3,0,2,17,2,NA,1,3,0,6.01,"09-20-2015","18:42:00","","Y","N","BACOPD","UNK",3,0,26,"MD","",7.657,"E","LIBERTY RD",0,"F","E",1800,"CO","","MILFORD MILL RD",39.35382483,-76.75836325,1,1,1,"F",1,3,NA,3,5,1,1,51,"P",0,NA,0,"",NA,"N",NA,0,NA,"21-JUL-93","0770d2f8-467a-4036-a4fc-5f5061be3806","MD","ID","","","A"
"AE5618000M",3,3,0,2,0,2,1,1,1,0,6.01,"04-16-2016","21:20:00","PC02 214","N","N","BACOPD","UNK",3,0,26,"MD","",5.967,"E","LIBERTY RD",0,"F","E",0,"UU","","RESOURCE DR",39.3642874,-76.78660691,1,0,1,"M",2,3,NA,3,6,0,1,52,"P",0,NA,0,"",NA,"Y",NA,0,NA,"24-FEB-67","048f0242-d378-4f0c-9bb0-1113adc51f26","MD","ID","","","A"
"AE56450056",1,3,0,1,88,2,2,1,1,0,7.01,"02-04-2016","12:37:00","","N","N","BACOPD","UNK",3,0,166,"MD","",1.74,"N","ROLLING RD",75,"F","S",2784,"CO","","BLOOMSBURY AVE",39.259396,-76.73312098,1,0,1,"M",1,3,NA,4,2,1,1,88,"P",0,NA,0,"",NA,"Y",NA,25.88,NA,"30-NOV-75","ac5d3f91-cab1-4d35-9bc0-15c8e5d91f3f","","","","","A"
"AE56530010",3,3,0,5.01,8,2,3,1,4,0,6.01,"06-20-2016","21:30:00","","N","N","BACOPD","UNK",4,0,542,"MD","",0.73,"N","LOCH RAVEN BLVD",10,"F","S",3333,"CO","","GOUCHER BLVD",39.38116419,-76.57947063,1,0,1,"M",1,3,NA,4,6,0,2,88,"P",0,NA,0,"",NA,"N",NA,1,NA,"09-JUL-04","29f3c0f6-d278-43df-be6c-55ffce38b2a5","","","","","A"
"AE5662000P",3,3,0,3,88,2,1,1,3,88,6.01,"03-07-2016","18:35:00","1229","N","N","BACOPD","UNK",3,0,150,"MD","",1.31,"E","EASTERN AVE",15,"F","W",0,"UU","","ENT TO EASTPOINT SHOPPING CENTER",39.29598805,-76.50822043,1,0,1,"F",1,3,NA,3,6,1,1,52,"P",0,NA,0,"",NA,"Y",NA,0,NA,"27-OCT-05","63c10f5e-8717-433e-86d5-80a982e0c359","","N/A","","","A"
"AE5664000N",1,3,0,1,88,1,1,1,1,0,3,"09-10-2015","14:50:00","","N","N","BACOPD","UNK",3,0,144,"MD","",3.82,"E","FREDERICK RD",5,"F","E",2780,"CO","","BISHOPS LA",39.30428421,-76.78585052,1,0,1,"F",1,3,NA,88,5,1,1,51,"P",0,NA,0,"",NA,"N",NA,0,NA,"09-AUG-99","69a61fe1-8b2c-49ba-a290-6a6e66411c58","","","","",""
"AE5681000Q",1,3,0,2,17,1,3,1,4,0,3,"12/6/2016","14:00:00","1241","Y","N","BACOPD","UNK",3,0,157,"MD","",3.49,"N","MERRITT BLVD",0,"F","N",5212,"CO","","HOLABIRD AVE",39.27013018,-76.50348902,1,0,1,"M",1,3,NA,3,5,3,1,51,"P",0,NA,0,"",NA,"Y",NA,1,NA,"24-Jul-02","758a5943-633e-486a-bbae-93b4e8debba3","","","","","A"
"AE5691001G",1,3,0,2,88,2,1,0,4,0,6.01,"05-28-2016","16:50:00","","Y","N","BACOPD","UNK",3,0,702,"MD","",3.104,"E","SOUTHEAST BLVD",0,"F","E",4789,"CO","","MIDDLEBOROUGH RD",39.30243286,-76.44358993,1,0,1,"M",1,3,NA,3,5,99,1,51,"P",0,NA,0,"",NA,"N",NA,1,NA,"03-APR-02","e2d0d484-c5b2-4e02-a3e1-a6a3b9865d83","","","","","A"
"AE56980029",3,3,0,1,88,2,1,1,1,0,6.01,"4/30/2017","1:41:00","6","N","N","BACOPD","UNK",3,0,45,"MD","",1.59,"N","YORK RD",300,"F","S",25,"SR","","NEWELL AVE",39.39276792,-76.60452247,1,0,1,"M",2,3,NA,3,6,1,1,52,"P",0,NA,0,"",NA,"Y",NA,1,NA,"28-May-93","b144f249-6739-477c-be99-a289d7e76ca7","NJ","","","","A"
"AE5702000T",3,3,0,0,17,1,2,1,4,0,0,"01-25-2016","21:25:00","","N","N","BACOPD","UNK",3,0,700,"MD","",1.62,"N","MARTIN BLVD",0,"F","N",4537,"CO","","TRANSVERSE AVE",39.33954074,-76.46288976,1,0,1,"F",1,3,NA,2,6,0,1,53,"P",0,NA,0,"",NA,"N",NA,1,NA,"12-JUN-82","371cad70-c434-4ed6-8b3f-85be6a1d41e0","MD","","","","A"
"AE5714000T",1,3,NA,2,17,2,1,1,1,0,6.01,"07-03-2015","10:55:00","","Y","N","BACOPD","UNK",3,0,NA,"MD","",4.35,"E","FREDERICK RD",0,"F","E",NA,"CO","","PROSPECT AVE S",39.27487272,-76.71925664,1,0,2,"M",1,3,NA,1,5,99,1,51,"P",0,NA,0,"",NA,"",NA,0,NA,"25-OCT-66","c51ac0c0-308d-44a0-bdf3-fd3484601357","MD","C","","",""
"AE5714000T",1,3,NA,2,17,2,1,1,1,0,6.01,"07-03-2015","10:55:00","","Y","N","BACOPD","UNK",3,0,NA,"MD","",4.35,"E","FREDERICK RD",0,"F","E",NA,"CO","","PROSPECT AVE S",39.27487272,-76.71925664,1,0,2,"M",1,3,NA,1,9.05,99,1,51,"P",0,NA,0,"",NA,"",NA,0,NA,"11-DEC-60","b522567f-ef0c-460d-8e5f-49e2c523320e","MD","c","","",""
"AE5724001C",3,3,0,2,88,2,2,1,4,0,6.01,"10-15-2015","20:31:00","","Y","N","BACOPD","UNK",3,0,43,"MD","",2.96,"E","WHITE MARSH BLVD",0,"F","E",6198,"CO","","PERRY HALL BLVD",39.37957507,-76.47173166,1,0,1,"M",1,3,NA,2,5,2,1,51,"P",0,NA,0,"",NA,"N",NA,1,NA,"07-AUG-97","a1782f74-8139-4cdb-90d7-467197d7558c","MD","c","","","A"