"REPORT_NO","LIGHT_CODE","COUNTY_NO","MUNI_CODE","JUNCTION_CODE","COLLISION_TYPE_CODE","SURF_COND_CODE","LANE_CODE","RD_COND_CODE","RD_DIV_CODE","FIX_OBJ_CODE","WEATHER_CODE","ACC_DATE","ACC_TIME","LOC_CODE","SIGNAL_FLAG","C_M_ZONE_FLAG","AGENCY_CODE","AREA_CODE","HARM_EVENT_CODE1","HARM_EVENT_CODE2","RTE_NO","ROUTE_TYPE_CODE","RTE_SUFFIX","LOG_MILE","LOGMILE_DIR_FLAG","MAINROAD_NAME","DISTANCE","FEET_MILES_FLAG","DISTANCE_DIR_FLAG","REFERENCE_NO","REFERENCE_TYPE_CODE","REFERENCE_SUFFIX","REFERENCE_ROAD_NAME","LATITUDE","LONGITUDE","drv","occ","ped","SEX_CODE","CONDITION_CODE","INJ_SEVER_CODE","OCC_SEAT_POS_CODE","PED_VISIBLE_CODE","PED_LOCATION_CODE","PED_OBEY_CODE","PED_TYPE_CODE","MOVEMENT_CODE","PERSON_TYPE","ALCOHOL_TEST_CODE","ALCOHOL_TESTTYPE_CODE","DRUG_TEST_CODE","DRUG_TESTRESULT_CODE","BAC_CODE","FAULT_FLAG","EQUIP_PROB_CODE","SAF_EQUIP_CODE","EJECT_CODE","DATE_OF_BIRTH","PERSON_ID","LICENSE_STATE_CODE","CLASS","CDL_FLAG","VEHICLE_ID","EMS_UNIT_LABEL"
"AE5725000C",1,3,NA,1,3,0,NA,1,0,0,6.01,"03-18-2015","07:20:00","","N","N","BACOPD","UNK",3,3,122,"MD","",1.09,"E","SECURITY BLVD",10,"F","E",2501,"CO","","WOODLAWN DR",39.31223179,-76.73492342,1,0,1,"M",1,3,NA,2,5,1,1,62.88,"P",0,NA,0,"",NA,"",NA,1,NA,"17-APR-99","15a75b21-997b-41de-91b7-216a312aa0a9","","","","",""
"AE5726000T",1,3,0,0,88,0,1,1,3,0,7.01,"10-17-2015","13:19:00","","N","N","BACOPD","UNK",4,3,144,"MD","",3.53,"E","FREDERICK RD",0,"M","E",2785,"CO","","MELLOR AVE",39.27052056,-76.73356891,1,0,1,"M",99,4,NA,0,88,1,2,88,"P",0,NA,0,"",NA,"Y",NA,1,NA,"19-SEP-02","2b9f69c8-0c29-4809-bbe3-e77dc4235782","","","","","A"
"AE57360006",3,3,NA,2,17,1,2,1,1,0,3,"01-03-2015","17:36:00","","Y","N","BACOPD","UNK",3,0,45,"MD","",0.04,"N","YORK RD",0,"F","N",NA,"UU","","ENT TO ANNESLIE SHOPPING CENTER",39.37263559,-76.60973668,1,1,1,"F",1,3,NA,2,9.05,2,1,51,"P",0,NA,0,"",NA,"",NA,0,NA,"13-MAR-76","0f50b053-77bf-42af-bf07-10d2ff0af123","","","","","A"
"AE5736001G",1,3,0,3,88,2,2,1,4,0,0,"04-17-2016","15:00:00","","Y","N","BACOPD","UNK",4,0,542,"MD","",1.75,"N","LOCH RAVEN BLVD",0,"F","N",3482,"CO","","PUTTY HILL AVE",39.39160712,-76.56553388,1,0,1,"M",0,3,NA,88,6,88,2,51,"P",0,NA,0,"",NA,"N",NA,88,NA,"27-FEB-91","22a50dfd-c384-40af-9f32-ff804f4715f1","","","","",""
"AE5750001T",3,3,0,1,3,1,NA,1,4,0,6.01,"4/22/2017","22:50:00","","N","N","BACOPD","UNK",1,3,140,"MD","",2.06,"N","REISTERSTOWN RD",0,"F","S",0,"UU","","ENT TO BUSINESS",39.38565355,-76.73541427,1,0,2,"M",1,3,NA,3,6,1,1,58,"P",0,NA,0,"",NA,"N",NA,1,NA,"1-Mar-47","c540d6aa-9856-4441-866e-d3879dd125ef","MD","C","","","A"
"AE5750001T",3,3,0,1,3,1,NA,1,4,0,6.01,"4/22/2017","22:50:00","","N","N","BACOPD","UNK",1,3,140,"MD","",2.06,"N","REISTERSTOWN RD",0,"F","S",0,"UU","","ENT TO BUSINESS",39.38565355,-76.73541427,1,0,2,"M",1,3,NA,3,6,1,1,58,"P",0,NA,0,"",NA,"N",NA,1,NA,"3-Nov-58","791b3572-8300-408c-b98f-ed42494d2f39","MD","C","","","A"
"AE5751000M",3,3,NA,3,17,2,2,1,3,0,6.01,"06-09-2015","22:00:00","","Y","N","BACOPD","UNK",3,0,26,"MD","",7.237,"E","LIBERTY RD",0,"F","E",2000,"CO","","ROLLING RD",39.35625138,-76.76555157,1,0,1,"M",NA,3,NA,0,9.05,99,1,51,"P",0,NA,0,"",NA,"",NA,0,NA,"16-OCT-87","231254b3-05d9-4e88-95d6-28d17e03732a","","","","",""
"AE57660016",1,3,0,2,88,2,1,1,1,0,6.01,"05-10-2016","19:07:00","","Y","N","BACOPD","UNK",3,0,26,"MD","",7.237,"E","LIBERTY RD",0,"F","E",2000,"CO","","ROLLING RD",39.35681123,-76.76635178,1,0,1,"M",1,3,NA,3,6,3,1,54,"P",0,NA,0,"",NA,"Y",NA,0,NA,"19-NOV-53","b9700778-b6bb-4b99-a8f7-43e80b7ae710","MD","ID","","","A"
"AE5821000X",6.02,3,0,3,3,1,1,1,1,0,6.01,"12-17-2015","18:00:00","","Y","N","BACOPD","UNK",1,3,147,"MD","",0.29,"N","HARFORD RD",10,"F","S",3726,"CO","","LINWOOD AVE",39.37532895,-76.54145837,2,0,1,"M",1,3,NA,0,5,1,1,51,"P",0,NA,0,"",NA,"N",NA,1,NA,"23-MAR-90","342a16dc-cc1f-4402-8ee6-5f2206330dee","MD","","","","A"
"AE58210017",4,3,0,1,17,2,1,1,1,0,6.01,"03-05-2016","20:11:00","","N","N","BACOPD","UNK",3,0,147,"MD","",1.96,"N","HARFORD RD",45,"F","N",8762,"CO","","JOPPA RD E",39.39522628,-76.52295381,1,1,1,"F",1,3,NA,2,6,1,1,52,"P",0,NA,0,"",NA,"Y",NA,1,NA,"30-SEP-94","22af1e77-efdf-4f7a-bff5-813cf54930c4","MD","","","","A"
"AE5821001D",1,3,0,1,17,2,NA,1,0,0,6.01,"04-27-2016","18:38:00","","N","N","BACOPD","UNK",3,0,147,"MD","",1.18,"N","HARFORD RD",40,"F","S",3607,"CO","","EDGEWOOD AVE",39.38588988,-76.5324381,1,0,1,"M",1,3,NA,3,3,1,2,63.88,"P",0,NA,0,"",NA,"Y",NA,21,NA,"24-DEC-00","180775e5-a678-41f5-b0d3-f3cccf80233e","","","","","A"
"AE5828001P",1,3,0,3,88,2,2,1,1,0,6.01,"11/12/2016","15:40:00","","Y","N","BACOPD","UNK",3,0,7,"MD","",4.72,"E","PHILADELPHIA RD",1,"F","W",4465,"CO","","MIDDLE RIVER RD",39.35571734,-76.46045968,1,0,1,"M",1,3,NA,3,6,3,1,51,"P",0,NA,1,"",NA,"Y",NA,1,NA,"18-Oct-96","9f7f5fb7-8ddc-40b3-8d06-c7d728c07ef0","","","","",""
"AE5834000L",1,3,0,2,17,2,NA,1,4,0,6.01,"07-19-2016","12:45:00","","Y","N","BACOPD","UNK",3,0,151,"MD","",2.19,"N","NORTH POINT BLVD",0,"F","N",0,"UU","","CROSSOVER",39.29166108,-76.51068404,1,0,1,"F",NA,3,NA,0,5,2,1,51,"P",0,NA,0,"",NA,"N",NA,1,NA,"13-MAY-96  00:00:00","96550b8f-0321-4d19-977b-8440c0d5dde5","MD","C","","",""
"AE58440012",1,3,0,3,17,2,2,1,4,0,7.01,"09-03-2016","12:04:00","PC11","Y","N","BACOPD","UNK",3,0,150,"MD","",3.88,"E","EASTERN BLVD",15,"F","E",4589,"CO","","MARLYN AVE N",39.312486,-76.46533594,1,0,1,"F",1,3,NA,2,9.05,2,1,51,"P",0,NA,0,"",NA,"N",NA,0,NA,"25-NOV-65  00:00:00","405d854e-5323-4e7c-8584-5ab62890b33d","MD","C","","","A"
"AE58650004",1,3,0,1,0,0,1,1,1,0,6.01,"12-19-2015","11:34:00","03/329","Y","Y","BACOPD","UNK",3,0,88,"MD","",1.13,"E","BLACKROCK RD",NA,"M","W",160,"CO","","GRACE RD",39.59541274,-76.81139588,1,0,1,"F",NA,3,NA,4,1,0,1,56,"P",0,NA,0,"",NA,"U",NA,0,NA,"10-SEP-64","faee1869-4c18-489d-8067-751e409e7aa1","MD","C","","",""
"AE58690004",3,3,0,1,88,1,1,1,3,0,6.01,"12-24-2015","18:05:00","","N","N","BACOPD","UNK",3,0,26,"MD","",7.237,"E","LIBERTY RD",25,"F","E",2000,"CO","","ROLLING RD",39.35658321,-76.76620603,1,0,1,"M",NA,3,NA,2,12.88,1,1,52,"P",0,NA,0,"",NA,"Y",NA,1,NA,"09-FEB-61","79b7811e-c3a5-47f1-a0c3-acc33b0ce4c1","MD","","","",""
"AE5869002F",1,3,0,1,4,2,1,1,0,0,6.01,"6/30/2017","11:43:00","","N","N","BACOPD","UNK",2,0,140,"MD","",1.36,"N","REISTERSTOWN RD",50,"F","S",1700,"CO","","OLD COURT RD",39.3766476,-76.72632694,1,0,2,"F",1,3,NA,3,3,1,1,56,"P",0,NA,0,"",NA,"N",NA,0,NA,"6-Jan-24","bbe38563-9e6c-41d1-91d2-6b189b7ecff7","","","","","A"
"AE5907001M",1,3,0,2,88,2,1,1,88,0,6.01,"6/27/2017","15:51:00","","Y","N","BACOPD","UNK",3,1,157,"MD","",4.13,"N","MERRITT BLVD",0,"F","N",0,"UU","","ENT TO SHOPPING CENTER",39.29559857,-76.5199692,1,0,1,"M",1,3,NA,1,4,2,1,51,"P",0,NA,0,"",NA,"U",NA,0,NA,"22-Dec-98","2f79d8ba-b3df-4a2f-9e48-f10eabb466e9","","","","",""
"AE5914000F",6.02,3,0,3,3,2,2,1,3,88,6.01,"08-29-2016","20:02:00","","Y","N","BACOPD","UNK",3,1,140,"MD","",3.15,"N","REISTERSTOWN RD",10,"F","N",1674,"CO","","CRADDOCK LA",39.39746069,-76.74905062,2,1,1,"F",1,3,NA,0,6,99,1,51,"P",0,NA,0,"",NA,"U",NA,1,NA,"21-MAY-04  00:00:00","6980a352-7693-4834-8bea-296a68cf958f","","","","","A"
"AE5944000V",1,3,0,1,88,2,2,1,4,0,6.01,"5/24/2017","17:20:00","","N","N","BACOPD","UNK",1,0,150,"MD","",5.91,"E","EASTERN BLVD",5,"F","E",700,"MD","","MARTIN BLVD",39.33239086,-76.43683076,1,0,1,"U",1,3,NA,3,6,0,1,52,"P",0,NA,0,"",NA,"Y",NA,1,NA,"3-Sep-93","9d2c73fe-0a4e-41ab-b136-318101e9ad04","","","","","A"
"AJ0122001N",1,12,7,2,9,2,2,1,2,0,6.01,"2/13/2017","17:35:00","","Y","N","BELAIR","UNK",3,0,924,"MD","",5.64,"N","S MAIN ST",0,"F","N",140,"MU","","COURTLAND ST",39.53566795,-76.34847745,1,0,1,"F",99,3,NA,1,5,99,1,53,"P",0,NA,0,"",NA,"N",NA,0,NA,"12-Nov-93","c5283046-b146-4d2f-86e0-e3c58c097784","PA","C","","",""
"AJ0124000L",1,12,7,2,88,2,2,1,2,0,6.01,"12-04-2015","15:08:00","","Y","N","BELAIR","UNK",3,0,924,"MD","",1.65,"S","BOND ST (SB COUPLET)",0,"F","S",630,"MU","","PENNSYLVANIA AVE",39.53597875,-76.35053873,1,0,1,"F",1,3,NA,3,5,2,1,51,"P",0,NA,0,"",NA,"N",NA,1,NA,"02-DEC-85","6a7c806f-5bd1-4898-852e-f2ec7f5df626","MD","C","","","A"
"AJ01400002",1,12,7,2,9,2,1,1,2,0,6.01,"10-05-2015","13:27:00","","Y","N","BELAIR","UNK",1,4,924,"MD","",5.56,"N","S MAIN ST",0,"F","N",922,"MD","E","CHURCHVILLE RD",39.53475414,-76.34757757,1,0,1,"F",1,3,NA,2,9.05,2,2,51,"P",0,NA,0,"",NA,"Y",NA,1,NA,"03-JUL-95","9f15f4fe-301d-452a-b12f-a995b1f43fe0","","","","","A"
"AJ0151000Y",1,12,7,2,88,2,1,1,1,0,6.01,"6/20/2017","9:55:00","","Y","N","BELAIR","UNK",4,0,924,"MD","",6.62,"N","ROCK SPRING AVE",0,"F","N",595,"MU","","MOORES MILL RD",39.54535295,-76.36111736,1,0,1,"M",1,3,NA,2,88,1,2,54,"P",0,NA,0,"",NA,"Y",NA,1,NA,"9-Mar-05","219f662d-7b90-4926-8fc6-aff7f8aa5e85","","","","","A"
"AM0281000X",3,16,11,1,88,2,2,1,3,0,6.01,"04-10-2016","05:35:00","","N","N","BLADENSBURG","UNK",3,0,450,"MD","",0.63,"E","ANNAPOLIS RD",50,"F","W",521,"MU","","52ND ST #1",38.93956301,-76.93056107,1,0,1,"M",1,3,NA,2,6,88,1,88,"P",0,NA,0,"",NA,"Y",NA,0,NA,"24-NOV-87","fa93eb38-3d8c-45da-93f6-896b3767dde1","","","","","A"
"AM0323000T",1,16,11,3,17,2,NA,1,3,0,7.01,"01-07-2016","11:21:00","","N","N","BLADENSBURG","UNK",3,3,450,"MD","",0.42,"E","ANNAPOLIS RD",50,"F","E",769,"MD","B","EDMONSTON RD",38.93943575,-76.93369791,1,0,2,"F",1,3,NA,2,6,0,1,52,"P",0,NA,0,"",NA,"Y",NA,0,NA,"18-DEC-97","4ee69182-54f0-4da3-9434-390892691205","","","","","A"
"AM0323000T",1,16,11,3,17,2,NA,1,3,0,7.01,"01-07-2016","11:21:00","","N","N","BLADENSBURG","UNK",3,3,450,"MD","",0.42,"E","ANNAPOLIS RD",50,"F","E",769,"MD","B","EDMONSTON RD",38.93943575,-76.93369791,1,0,2,"F",1,3,NA,2,6,0,1,52,"P",0,NA,0,"",NA,"Y",NA,0,NA,"13-JUN-97","b2490d2e-f052-486f-921a-78f8e7128efe","","","","","A"
"AM0328000Y",6.02,16,11,2,88,2,1,1,1,0,6.01,"03-15-2016","19:40:00","","N","N","BLADENSBURG","UNK",3,0,450,"MD","",0.14,"E","ANNAPOLIS RD",0,"F","E",460,"MU","","46TH ST",38.93912699,-76.93947405,1,0,1,"M",2,3,NA,2,6,1,1,99,"P",0,NA,0,"",NA,"Y",NA,0,NA,"20-JUN-56","85d08bce-ae1e-4b82-b46e-22222dab49fb","MD","C","","","A"
"AM03290009",1,16,NA,1,17,2,NA,1,3,0,6.01,"03-23-2015","07:47:00","","N","N","BLADENSBURG","UNK",3,0,450,"MD","",0.7,"E","ANNAPOLIS RD",10,"F","E",533,"MU","","53RD ST #1",38.93953381,-76.92925215,1,0,1,"F",1,3,NA,1,0,3,1,52,"P",0,NA,0,"",NA,"",NA,1,NA,"18-DEC-91","3c34c9db-3cbc-4d63-9fdc-2782b0cff6f5","","","","",""
"AM03290010",3,16,11,1,17,1,1,1,1,0,3,"05-03-2016","20:39:00","","N","N","BLADENSBURG","UNK",3,0,769,"MD","B",0.23,"N","EDMONSTON RD",30,"F","S",0,"UU","","ENT TO BUSINESS",38.94251082,-76.93313599,1,0,1,"M",99,4,NA,2,6,1,1,52,"P",0,NA,0,"",NA,"Y",NA,1,NA,"15-FEB-62","0aa0053e-736e-4454-85f2-83bf3ecc7353","","","","","A"
"AM0330000M",1,16,11,2,88,2,1,1,1,0,6.01,"09-23-2015","17:22:00","","N","N","BLADENSBURG","UNK",3,0,450,"MD","",0.55,"E","ANNAPOLIS RD",0,"F","E",512,"MU","","51ST ST #2",38.9395505,-76.93193704,1,0,1,"M",1,3,NA,1,6,0,2,51,"P",0,NA,0,"",NA,"N",NA,1,NA,"04-MAR-02","bac81244-0d7f-4efb-ac24-f61712498027","","","","","A"
"AM0332001C",1,16,11,3,88,2,1,1,1,0,6.01,"06-14-2016","18:45:00","","Y","N","BLADENSBURG","UNK",4,1,769,"MD","B",0,"N","EDMONSTON RD",10,"F","N",450,"MD","","ANNAPOLIS RD",38.93942115,-76.93430007,1,0,1,"M",NA,3,NA,3,6,3,2,51,"P",0,NA,0,"",NA,"Y",NA,1,NA,"17-MAR-94","4b3ee758-b20c-4b57-9420-16fd2e4c0591","MD","","","","A"
"AM0334000N",1,16,0,9.04,11,2,NA,1,0,0,6.01,"08-29-2015","15:13:00","","N","N","BLADENSBURG","UNK",3,0,450,"MD","",1.1,"E","ANNAPOLIS RD",0,"F","W",506,"CO","","56TH AVE",38.93895591,-76.92343712,1,0,1,"F",1,4,NA,1,3,0,1,88,"P",0,NA,0,"",NA,"N",NA,1,NA,"21-SEP-35","dab9ccdb-fa25-45d4-9acd-7cfd28212c15","","","","","A"
"AS01070003",4,9,19,11.04,17,2,NA,1,1,0,6.01,"07-27-2015","22:51:00","10-50 I","N","N","CAMBRIDGE","UNK",4,0,343,"MD","",10.71,"E","WASHINGTON ST",270,"F","W",500,"MU","","FRONT ST",38.56184961,-76.07336998,1,0,1,"M",NA,3,NA,1,1,1,2,88,"P",0,NA,0,"",NA,"N",NA,0,NA,"11-MAY-50","76cc931b-1962-4868-b030-d9ae7657db7d","MD","C","","",""
"AS02930003",4,9,NA,1,17,2,1,1,1,0,0,"03-28-2015","20:34:00","1050F","N","N","CAMBRIDGE","UNK",3,0,16,"MD","",15.338,"N","CHURCH CREEK RD",50,"F","N",NA,"UU","","ENT TO BUSINESS",38.54657953,-76.07151389,1,0,1,"F",99,5,NA,3,6,0,1,52,"P",0,NA,0,"",NA,"",NA,0,NA,"02-MAY-87","33ed1722-4dfc-4b07-ac80-364d42e2ab44","MD","","","","B"
"AS0333000K",1,9,19,2,11,2,1,1,1,0,6.01,"09-17-2016","13:01:00","1050I","Y","N","CAMBRIDGE","UNK",4,1,343,"MD","",10.24,"E","WASHINGTON ST",0,"F","E",1070,"MU","","PINE ST",38.56329045,-76.08185649,1,0,1,"M",1,3,NA,2,6,3,2,51,"P",0,NA,0,"",NA,"Y",NA,1,NA,"11-MAY-08  00:00:00","7b6c23b5-0982-4279-a675-5b21f08c31d9","","","","","A"
"AS0338000B",1,9,19,2,88,1,1,1,1,0,7.01,"4/6/2017","16:54:00","10-50I","N","N","CAMBRIDGE","UNK",3,0,343,"MD","",10.49,"E","WASHINGTON ST",0,"F","E",920,"MU","","MEADOW AVE",38.56264658,-76.07651353,1,0,1,"M",1,4,NA,3,10.88,1,1,52,"P",0,NA,0,"",NA,"Y",NA,1,NA,"14-Sep-05","d4faf185-aa19-483a-80ce-84b134130654","","","","","A"
"AS0341000F",1,9,19,2,17,2,1,1,3,0,6.01,"6/6/2017","19:04:00","","N","N","CAMBRIDGE","UNK",3,0,343,"MD","",10.09,"E","WASHINGTON ST",0,"F","E",1060,"MU","","PHILLIPS ST",38.56423631,-76.0834001,1,0,1,"F",0,4,NA,3,5,1,1,51,"P",0,NA,0,"",NA,"N",NA,1,NA,"28-Sep-09","cb9da666-e780-45fd-b7f7-9192454d57c4","","","","","A"
"AT93250001",3,16,20,2,0,2,NA,1,3,0,6.01,"12-27-2015","18:06:00","","Y","N","CAPITOLHEIGHTS","UNK",3,0,332,"MD","",0.16,"E","CENTRAL AVE",0,"F","E",4610,"CO","","CHAMBER AVE",38.88498875,-76.91548839,1,0,1,"M",1,3,NA,2,5,99,1,51,"P",0,NA,0,"",NA,"U",NA,1,NA,"21-DEC-55","7a1ab865-298d-46d1-889a-02484914faee","","","","","A"
"AV10610003",1,17,NA,2,17,2,NA,1,2,0,6.01,"06-23-2015","13:38:00","","Y","N","CENTREVILLE","UNK",3,0,213,"MD","",15.289,"S","LIBERTY ST (SB COUPLET)",0,"F","S",60,"MU","","BROADWAY",39.04546932,-76.06584907,1,0,1,"M",99,4,NA,3,5,2,1,51,"P",0,NA,0,"",NA,"",NA,1,NA,"15-APR-83","3a28aaf9-6237-47df-847b-7576b03c071e","DC","","","","A"
"AX07040007",1,14,27,2,11,2,NA,1,3,0,6.01,"06-08-2016","17:16:00","","Y","N","CHESTERTOWN","UNK",4,0,213,"MD","",0.74,"N","WASHINGTON AVE",0,"F","N",40,"MU","","CAMPUS AVE",39.21558251,-76.06646866,1,0,1,"M",1,3,NA,3,9.05,99,2,63.88,"P",0,NA,0,"",NA,"U",NA,1,NA,"12-MAR-02","88695600-45d3-4bae-9122-86d6f8e9e908","MD","","","","A"
"AX07120001",1,14,NA,3,17,2,NA,1,1,0,0,"03-25-2015","15:34:00","","N","N","CHESTERTOWN","UNK",3,0,213,"MD","",0.74,"N","WASHINGTON AVE",0,"F","N",40,"MU","","CAMPUS AVE",39.219591,-76.06756,1,0,1,"F",1,3,NA,0,5,2,1,51,"P",0,NA,0,"",NA,"",NA,0,NA,"29-JUL-93","3f78b44b-a613-4a78-b161-c238ce132aab","","","","","A"
"AX12130004",1,14,27,2,88,2,NA,1,88,0,6.01,"08-13-2015","08:50:00","","Y","N","CHESTERTOWN","UNK",3,3,213,"MD","",0.37,"N","MAPLE AVE",0,"F","N",289,"MD","","CROSS ST",39.21064425,-76.06487945,1,0,2,"M",99,4,NA,3,5,99,1,51,"P",99,NA,99,"",NA,"U",NA,0,NA,"17-MAR-33","3cb164a8-707d-4791-b293-4ea15b47b40b","","","","","A"
"AX12130004",1,14,27,2,88,2,NA,1,88,0,6.01,"08-13-2015","08:50:00","","Y","N","CHESTERTOWN","UNK",3,3,213,"MD","",0.37,"N","MAPLE AVE",0,"F","N",289,"MD","","CROSS ST",39.21064425,-76.06487945,1,0,2,"F",1,4,NA,3,5,99,1,51,"P",99,NA,99,"",NA,"U",NA,0,NA,"17-OCT-37","3ad83404-e28d-414f-9d03-489f5afdb576","","","","","B"
"AZ16870016",3,16,0,1,17,2,3,1,4,0,6.01,"09-11-2015","22:50:00","","N","N","CHEVERLY","UNK",4,0,202,"MD","",13.6,"N","LANDOVER RD",100,"F","S",258,"CO","","57TH AVE",38.93614566,-76.9195962,1,0,1,"F",1,3,NA,7,6,1,2,53,"P",0,NA,0,"",NA,"N",NA,21,NA,"04-APR-91","f110cf56-1189-41cd-af1f-12593f92e794","DE","d","","","A"
"AZ1691000G",3,16,28,2,0,1,2,1,4,0,3,"10-09-2015","18:50:00","","Y","N","CHEVERLY","UNK",3,0,202,"MD","",12.59,"N","LANDOVER RD",0,"F","N",205,"MU","","KILMER ST",38.93215645,-76.90204382,1,0,1,"F",1,3,NA,3,5,2,1,51,"P",0,NA,0,"",NA,"N",NA,0,NA,"28-MAR-49","a1da8cd1-feeb-455f-a5c6-4a1e62251578","MD","c","","","A"
"BC01430006",1,19,NA,2,17,2,2,1,0,0,6.01,"06-23-2015","18:54:00","","N","N","CRISFIELD","UNK",4,0,413,"MD","",13.14,"S","MARYLAND AVE (SB COUPLET)",0,"F","S",NA,"UU","","ENT TO BUSINESS",37.99099657,-75.84413767,1,0,1,"F",NA,4,NA,0,1,0,2,0,"P",0,NA,0,"",NA,"",NA,1,NA,"16-APR-81","b1f6eea2-5368-49bd-b706-8bd68bc2eaca","","","","",""
"BJ0167003M",1,20,49,1,88,2,NA,1,1,0,6.01,"6/9/2017","14:47:00","","N","N","EASTON","UNK",5,0,322,"MD","",4.72,"N","EASTON PKWY",0.25,"M","N",0,"UU","","SPUR FR WASHINGTON ST",38.79735147,-76.06249094,1,0,1,"M",1,4,NA,3,88,1,2,52,"P",0,NA,0,"",NA,"Y",NA,1,NA,"18-Mar-89","60e554f3-8c87-43da-9f71-5b42d5bb63b4","","","","","A"
"BK01970004",3,7,NA,1,17,2,1,1,1,4,7.01,"05-11-2015","14:39:00","","N","N","ELKTON","UNK",4,0,279,"MD","",1.2,"N","NEWARK AVE",50,"F","N",NA,"UU","","ENT TO BUSINESS",39.61885265,-75.8380276,1,1,1,"M",1,3,NA,3,6,1,2,52,"P",0,NA,0,"",NA,"",NA,1,NA,"25-APR-00","6aa9a154-834b-45eb-b0b2-478744a68e1b","","","","","A"
"BK02470010",3,7,52,2,88,2,1,1,1,0,7.01,"10-31-2015","18:28:00","","Y","N","ELKTON","UNK",3,0,279,"MD","",1.51,"N","NEWARK AVE",0,"F","N",325,"MU","","JAMES ST",39.62032577,-75.83280265,1,0,2,"F",1,3,NA,2,5,2,1,51,"P",0,NA,0,"",NA,"N",NA,1,NA,"07-SEP-10","ce046a08-91a5-4904-866a-9fea6e832db1","","","","","A"
"BK02470010",3,7,52,2,88,2,1,1,1,0,7.01,"10-31-2015","18:28:00","","Y","N","ELKTON","UNK",3,0,279,"MD","",1.51,"N","NEWARK AVE",0,"F","N",325,"MU","","JAMES ST",39.62032577,-75.83280265,1,0,2,"F",1,3,NA,2,5,2,1,51,"P",0,NA,0,"",NA,"N",NA,1,NA,"26-SEP-08","d94ca08b-9252-40f3-bdaa-ac4a945ac883","","","","","A"
"BK02470017",1,7,52,1,88,1,1,1,1,0,7.01,"03-15-2016","14:31:00","","N","N","ELKTON","UNK",3,0,213,"MD","",18.654,"N","S BRIDGE ST",25,"F","S",0,"UU","","ENT TO MARINA PLAZA",39.60485537,-75.83132744,1,0,1,"M",1,3,NA,3,6,1,2,52,"P",0,NA,0,"",NA,"Y",NA,1,NA,"05-SEP-96","4db91e4d-6a4d-49be-af38-ed06fd0fc8a7","MD","ID","","","A"
"BK0268001M",4,7,52,1,88,2,1,1,1,0,6.01,"12/5/2016","21:43:00","","N","N","ELKTON","UNK",3,0,545,"MD","",0.24,"N","ELKTON BLVD",100,"F","S",0,"UU","","ENT TO TERUMO MED CORP",39.61111668,-75.83987296,1,0,1,"F",1,3,NA,2,1,1,1,54,"P",0,NA,0,"",NA,"Y",NA,1,NA,"1-Oct-56","c02907a7-3f27-430a-8e45-95d234ba5bac","","","","","A"
"BK02800009",1,7,52,3,0,2,1,1,1,0,6.01,"08-17-2016","14:55:00","","N","N","ELKTON","UNK",3,0,213,"MD","",18.32,"N","S BRIDGE ST",0,"U","N",40,"US","","PULASKI HWY",39.60066225,-75.82793713,1,0,1,"F",1,3,NA,3,6,1,1,52,"P",0,NA,0,"",NA,"Y",NA,0,NA,"05-JAN-06  00:00:00","2261ae4a-a6d7-48cd-ae6b-39f74cd8b9a1","","","","","A"
"BP94080002",3,16,NA,2,0,2,1,1,4,0,6.01,"01-01-2015","18:43:00","","Y","N","FORESTHEIGHTS","UNK",3,0,210,"MD","",13.97,"N","INDIAN HEAD HWY",0,"F","N",1203,"CO","","LIVINGSTON RD",38.8156299,-76.99855506,1,0,1,"F",1,3,NA,3,5,0,1,51,"P",0,NA,0,"",NA,"",NA,0,NA,"07-FEB-92","a2d01fcf-6096-4778-830e-b87c2285efb1","DC","ID","","","A"
"BS0309000R",1,10,57,0,88,2,1,1,1,0,7.01,"4/21/2017","10:54:00","","N","N","FREDERICKPD","UNK",3,0,144,"MD","FA",4.15,"W","E PATRICK ST",30,"F","W",710,"MU","","HAMILTON AVE",39.41142106,-77.39597797,1,0,1,"M",1,3,NA,3,6,1,1,52,"P",0,NA,0,"",NA,"Y",NA,0,NA,"26-Sep-83","79819132-8a42-46c2-8503-67a80f521696","","","","","A"
"BS0366000L",1,10,0,11.04,1,2,1,1,1,0,6.01,"07-29-2015","17:44:00","","N","N","FREDERICKPD","UNK",4,0,144,"MD","FA",4.47,"W","E PATRICK ST",25,"F","E",0,"UU","","BEGIN BRIDGE",39.41316176,-77.39944339,1,2,1,"M",1,3,NA,1,6,1,2,54,"P",0,NA,0,"",NA,"Y",NA,1,NA,"15-DEC-98","e650973b-1ca5-42e0-9910-25c282440218","","","","","A"