"REPORT_NO","LIGHT_CODE","COUNTY_NO","MUNI_CODE","JUNCTION_CODE","COLLISION_TYPE_CODE","SURF_COND_CODE","LANE_CODE","RD_COND_CODE","RD_DIV_CODE","FIX_OBJ_CODE","WEATHER_CODE","ACC_DATE","ACC_TIME","LOC_CODE","SIGNAL_FLAG","C_M_ZONE_FLAG","AGENCY_CODE","AREA_CODE","HARM_EVENT_CODE1","HARM_EVENT_CODE2","RTE_NO","ROUTE_TYPE_CODE","RTE_SUFFIX","LOG_MILE","LOGMILE_DIR_FLAG","MAINROAD_NAME","DISTANCE","FEET_MILES_FLAG","DISTANCE_DIR_FLAG","REFERENCE_NO","REFERENCE_TYPE_CODE","REFERENCE_SUFFIX","REFERENCE_ROAD_NAME","LATITUDE","LONGITUDE","drv","occ","ped","SEX_CODE","CONDITION_CODE","INJ_SEVER_CODE","OCC_SEAT_POS_CODE","PED_VISIBLE_CODE","PED_LOCATION_CODE","PED_OBEY_CODE","PED_TYPE_CODE","MOVEMENT_CODE","PERSON_TYPE","ALCOHOL_TEST_CODE","ALCOHOL_TESTTYPE_CODE","DRUG_TEST_CODE","DRUG_TESTRESULT_CODE","BAC_CODE","FAULT_FLAG","EQUIP_PROB_CODE","SAF_EQUIP_CODE","EJECT_CODE","DATE_OF_BIRTH","PERSON_ID","LICENSE_STATE_CODE","CLASS","CDL_FLAG","VEHICLE_ID","EMS_UNIT_LABEL"
"BS04920009",1,10,NA,2,17,2,2,1,2,0,6.01,"07-03-2015","14:13:00","","Y","N","FREDERICKPD","UNK",3,0,NA,"MD","FA",5.57,"W","W PATRICK ST",0,"F","W",NA,"MU","FA","S JEFFERSON ST",39.41258982,-77.42082596,1,0,1,"F",1,3,NA,3,5,2,1,51,"P",0,NA,0,"",NA,"",NA,0,NA,"10-NOV-86","d5398308-6297-4f0a-a33d-68d7d5de7b49","MD","C","","","A"
"BW01000003",6.02,16,71,1,17,2,1,1,4,0,6.01,"06-08-2016","19:36:00","","Y","N","GREENBELT","UNK",3,0,193,"MD","",7.25,"E","GREENBELT RD",25,"F","W",205,"MU","","HANOVER PKWY",38.99416723,-76.87440902,1,1,1,"F",99,4,NA,3,6,3,1,52,"P",0,NA,0,"",NA,"Y",NA,1,NA,"29-JAN-69","615015ad-54b5-420d-90cb-0cf44333db43","MD","C","","","A"
"BW0116003K",4,16,71,1,3,2,4,1,4,0,6.01,"3/17/2017","7:05:00","","N","N","GREENBELT","UNK",3,0,193,"MD","",6.41,"E","GREENBELT RD",30,"F","W",95,"IS","","CAPITAL BELTWAY",38.99595999,-76.89018041,1,0,1,"F",99,5,NA,2,6,1,1,53,"P",88,2,88,"U",NA,"Y",NA,1,NA,"24-Apr-82","51cae62f-c554-4f37-8c67-524c5b835354","MD","ID","","",""
"BW01300019",4,16,71,3,17,2,3,1,4,0,6.01,"10/27/2016","5:31:00","","Y","N","GREENBELT","UNK",3,0,193,"MD","",7.25,"E","GREENBELT RD",10,"F","W",205,"MU","","HANOVER PKWY",38.99419954,-76.8743822,1,0,1,"M",1,3,NA,2,9.05,2,1,51,"P",0,NA,0,"",NA,"N",NA,1,NA,"26-Aug-88","4aeb7f04-a16a-4ea6-a893-e5cecad68fee","MD","C","","","A"
"BW0151000P",1,16,71,3,17,2,1,1,4,0,6.01,"12-03-2015","08:30:00","","Y","N","GREENBELT","UNK",3,0,193,"MD","",6.88,"E","GREENBELT RD",0,"F","W",295,"MD","","BALTIMORE WASHINGTON PKWY",38.99424957,-76.87632143,1,0,1,"M",1,3,NA,3,5,2,1,51,"P",0,NA,0,"",NA,"N",NA,1,NA,"28-JAN-99","0a59372c-0b41-4b0b-89ac-7b52b8f3bf50","","","","",""
"BW01570005",1,16,NA,2,0,2,3,1,4,0,0,"06-16-2015","08:32:00","","Y","N","GREENBELT","UNK",3,0,193,"MD","",7.25,"E","GREENBELT RD",0,"F","E",205,"MU","","HANOVER PKWY",38.99400567,-76.87449217,1,0,1,"M",1,3,NA,3,9.05,3,1,51,"P",0,NA,0,"",NA,"",NA,0,NA,"08-APR-01","d553e4ba-89de-4bc4-98bd-5f08908baaaa","","","","","A"
"BW0163000C",3,16,71,2,88,2,3,1,4,0,6.01,"12-16-2015","17:17:00","","Y","N","GREENBELT","UNK",3,0,193,"MD","",7.83,"E","GREENBELT RD",0,"F","E",334,"MU","","MANDAN RD",38.99159786,-76.86443388,1,0,1,"F",88,4,NA,3,5,3,1,51,"P",0,NA,0,"",NA,"Y",NA,0,NA,"03-OCT-98","9586847e-9552-4fa5-8386-1b8ce97cd143","","","","","A"
"CA77550003",4,12,76,1,88,2,1,1,1,0,6.01,"12-03-2015","19:11:00","","N","N","HAVREDEGRACE","UNK",3,1,7,"MD","A",0.77,"N","REVOLUTION ST",0,"M","S",700,"MU","","WEBB LA",39.54115003,-76.10341072,1,0,1,"F",2,3,NA,3,6,1,1,52,"P",0,NA,0,"",NA,"Y",NA,0,NA,"21-NOV-61","ad619fb8-b430-44d7-a018-10526fa34e98","MD","","","",""
"CB5172000Q",5.02,13,0,2,17,2,1,1,3,0,6.01,"2/6/2017","6:29:00","B1","Y","N","HOCPD","UNK",3,0,108,"MD","",11.79,"E","OLD ANNAPOLIS RD",0,"F","E",2192,"CO","","CENTRE PARK DR",39.22600134,-76.81687027,1,0,1,"M",5,3,NA,3,9.05,3,1,51,"P",0,NA,0,"",NA,"Y",NA,1,NA,"26-Nov-97","0d4c9ce4-00dc-4441-8243-05b7f0f4a525","MD","ID","","","A"
"CB51900021",1,13,0,2,2,2,1,1,1,0,6.01,"04-17-2016","09:37:00","F4","Y","N","HOCPD","UNK",4,0,144,"MD","A",10.79,"E","FREDERICK RD",0,"F","E",32,"MD","","SYKESVILLE RD",39.30270683,-76.95326328,1,0,1,"M",1,3,NA,0,6,0,2,53,"P",0,NA,0,"",NA,"N",NA,21,NA,"26-JUN-56","41f4cf94-a2b9-48dd-9451-5b381b2759b0","","","","","A"
"CB53730016",4,13,0,1,88,2,1,1,1,0,6.01,"12/7/2016","19:29:00","D2","N","N","HOCPD","UNK",3,0,108,"MD","",7.78,"E","CLARKSVILLE PIKE",NA,"M","W",517,"CO","","ELIOTS OAK RD",39.23546921,-76.88234031,1,0,1,"M",5,4,NA,3,6,1,1,53,"P",0,NA,0,"",NA,"Y",NA,1,NA,"4-Nov-53","5e91a4ae-e513-40e7-b60d-a495f03d8855","","","","","A"
"CB5612000W",5.02,13,0,1,88,2,1,1,1,88,6.01,"10-20-2015","17:37:00","F3","N","N","HOCPD","UNK",3,0,97,"MD","",0,"N","ROXBURY MILLS RD",NA,"F","N",0,"UU","","MONTGOMERY CO/L",39.23846907,-77.05570221,1,0,1,"M",1,3,NA,3,1,0,1,53,"P",0,NA,0,"",NA,"N",NA,1,NA,"10-DEC-63","6fb77ddd-e5f0-43e3-8961-7bb3aac9636f","","","","","A"
"CB56450023",1,13,0,2,88,2,1,1,1,0,0,"04-28-2016","17:57:00","B1","Y","N","HOCPD","UNK",3,0,108,"MD","",11.49,"E","OLD ANNAPOLIS RD",0,"F","E",0,"UU","","ENT TO OAKLAND CTR",39.22750833,-76.82361667,1,0,1,"F",1,3,NA,3,10.88,1,1,51,"P",0,NA,0,"",NA,"N",NA,1,NA,"10-DEC-67","053551c7-db66-4f44-aa72-c937aea5b700","","","","","A"
"CB5662000X",5.02,13,0,1,17,2,1,1,1,0,0,"05-25-2016","01:59:00","A2","N","N","HOCPD","UNK",3,0,985,"MD","",0.32,"E","OLD FREDERICK RD",50,"F","E",312,"CO","","ORCHARD AVE",39.30021616,-76.81745768,1,0,1,"M",1,3,NA,2,1,1,1,56,"P",0,NA,0,"",NA,"N",NA,1,NA,"26-JUL-80","f34e6171-73bf-4fcc-89c5-562ca23024a8","MD","C","","",""
"CB5731000Q",4,13,0,1,17,2,1,1,3,0,6.01,"04-19-2016","04:47:00","","N","N","HOCPD","UNK",3,0,175,"MD","",1.25,"N","WATERLOO RD",647,"F","N",1419,"CO","","POCOMOKE AVE",39.16988889,-76.78389251,1,0,1,"F",1,5,NA,2,6,1,1,53,"P",0,NA,0,"",NA,"Y",NA,1,NA,"10-JUL-88","0de40b62-468b-4241-9618-f88a73afc438","MD","","","","A"
"CB5774000N",1,13,0,2,88,2,1,1,1,0,6.01,"06-09-2016","18:49:00","D2","N","N","HOCPD","UNK",4,0,108,"MD","",7.78,"E","CLARKSVILLE PIKE",0,"F","E",517,"CO","","ELIOTS OAK RD",39.2355066,-76.88100994,1,0,1,"M",1,3,NA,1,8,0,2,88,"P",0,NA,0,"",NA,"U",NA,21,NA,"24-JUL-89","65986763-212c-40f1-b0c1-8353b19f69f6","VA","","","","A"
"CB58180017",1,13,0,2,88,0,NA,1,4,0,7.01,"05-07-2016","09:06:00","","Y","N","HOCPD","UNK",3,0,108,"MD","",9.8,"E","CLARKSVILLE PIKE",0,"F","E",1575,"CO","","COLUMBIA RD",39.23973837,-76.84432,1,0,2,"M",1,3,NA,3,6,3,1,51,"P",1,NA,1,"",NA,"Y",NA,1,NA,"13-FEB-88","e4398ff8-d226-483b-ab0a-116500155335","","","","",""
"CB58250009",1,13,0,2,17,2,2,1,88,0,6.01,"09-23-2015","16:40:00","","N","N","HOCPD","UNK",4,0,216,"MD","",4.455,"N","SCAGGSVILLE RD",0,"F","N",0,"UU","","ROUNDABOUT",39.1470195,-76.90685034,1,0,1,"M",1,3,NA,1,1,1,2,53,"P",0,NA,0,"",NA,"Y",NA,21,NA,"10-AUG-49","fbd4e728-2c35-4d67-a0dc-73085b9fd490","MD","","","",""
"CB5910000X",3,13,0,3,17,2,1,1,1,0,6.01,"08-10-2016","21:00:00","E3","N","N","HOCPD","UNK",3,0,983,"MD","",1.024,"N","OLD SCAGGSVILLE RD",20,"F","S",2775,"CO","","OLD SCAGGSVILLE RD (AHEAD)",39.11786877,-76.86337173,1,0,1,"F",1,3,NA,1,9.05,1,1,51,"P",0,NA,0,"",NA,"N",NA,1,NA,"24-SEP-47  00:00:00","c56d3e4e-bcf0-4291-8be9-6466b127c9bd","MD","","","",""
"CB59320009",4,13,0,1,3,2,3,1,4,0,6.01,"09-22-2016","05:45:00","C4","N","N","HOCPD","UNK",1,3,175,"MD","",2.71,"N","ROUSE PKWY",NA,"M","N",108,"MD","","WATERLOO RD",39.17987164,-76.79178089,4,0,1,"M",1,4,NA,1,6,0,1,57,"P",0,NA,0,"",NA,"U",NA,1,NA,"23-OCT-87  00:00:00","9409a5ce-92a9-430f-91c5-8f920cf5189e","MD","","","","A"
"CBPD00710014",1,16,NA,2,88,1,NA,1,3,0,3,"03-14-2015","12:22:00","D31","Y","N","BOWIE","UNK",3,0,197,"MD","",4.03,"N","LAUREL BOWIE RD",0,"F","N",415,"CO","","OLD CHAPEL RD",38.98453241,-76.75723672,1,0,2,"F",1,5,NA,3,99,99,1,99,"P",0,NA,0,"",NA,"",NA,0,NA,"07-JUL-12","7d93d361-1cb8-4c69-870b-5db735a28aea","","","","","B"
"CBPD0071001G",4,16,13,3,88,2,2,1,4,99,6.01,"09-10-2015","21:30:00","D31/0821","N","N","BOWIE","UNK",3,0,197,"MD","",3.28,"N","LAUREL BOWIE RD",NA,"M","S",450,"MD","","ANNAPOLIS RD",38.97486604,-76.7558527,1,0,1,"M",99,5,NA,2,99,99,1,99,"P",0,NA,0,"",NA,"U",NA,99,NA,"20-MAY-60","a497356f-d68b-4193-a6b5-c2a9ea478264","","","","","A"
"CBPD00730010",1,16,NA,1,88,2,1,1,3,0,6.01,"05-28-2015","17:15:00","0833","Y","N","BOWIE","UNK",3,0,197,"MD","",1.97,"N","COLLINGTON RD",15,"F","N",5082,"CO","","TONGUE AVE",38.95707281,-76.74628258,1,0,1,"M",9.88,3,NA,2,0,3,1,88,"P",0,NA,0,"",NA,"",NA,1,NA,"21-DEC-65","42a7539c-2717-4f9e-b49e-f151d6363338","MD","","","","A"
"CBPD00820017",1,16,13,2,17,2,3,1,4,0,6.01,"6/27/2017","19:00:00","","Y","N","BOWIE","UNK",1,3,450,"MD","",11.832,"E","ANNAPOLIS RD",0,"F","E",1910,"MU","","MOYLAN DR",38.97568969,-76.74799114,1,0,1,"F",1,3,NA,2,9.05,2,1,51,"P",0,NA,0,"",NA,"N",NA,1,NA,"27-Feb-77","86febbad-49a4-4c08-95e0-93bb08bed0b6","","","","","A"
"CC01630005",3,16,NA,1,0,2,1,1,4,0,6.01,"04-01-2015","00:00:00","04931","N","N","HYATTSVILLE","UNK",3,0,500,"MD","",0.9,"E","QUEENS CHAPEL RD",0,"F","E",2300,"CO","","JAMESTOWN RD",38.95317278,-76.9662474,1,0,1,"M",1,3,NA,3,5,1,1,88,"P",0,NA,0,"",NA,"",NA,1,NA,"27-AUG-76","75d1e842-97e9-44ac-903b-4c120b680fc1","US","XX","","",""
"CC0195001C",1,16,82,3,88,2,3,1,4,0,6.01,"3/22/2017","19:21:00","","Y","N","HYATTSVILLE","UNK",3,0,410,"MD","",2.04,"E","EAST WEST HWY",10,"F","W",109,"MU","","EDITORS PARK DR",38.9668,-76.95951819,1,0,1,"M",1,3,NA,3,5,2,1,51,"P",0,NA,0,"",NA,"N",NA,0,NA,"3-Apr-02","d2e1c728-8961-4aa3-b40d-9179200ab0b6","","","","","A"
"CC0209001K",1,16,82,3,88,2,3,1,4,0,6.01,"11/15/2016","12:09:00","","Y","N","HYATTSVILLE","UNK",3,0,410,"MD","",2.15,"E","EAST WEST HWY",20,"F","W",0,"UU","","ENT TO SHOPPING CENTER",38.96689176,-76.95765138,1,0,1,"F",1,3,NA,2,5,99,1,51,"P",0,NA,0,"",NA,"N",NA,0,NA,"1-Jan-84","32ba2065-8ac7-463f-8948-b9d2517fd7c0","","","","","A"
"CC0219000M",3,16,NA,2,88,2,1,1,4,0,6.01,"06-15-2015","21:52:00","09466","Y","N","HYATTSVILLE","UNK",4,0,500,"MD","",0.93,"E","QUEENS CHAPEL RD",0,"F","E",1599,"CO","","AGER RD",38.95407764,-76.96526349,1,1,1,"M",1,4,NA,2,88,88,2,51,"P",0,NA,0,"",NA,"",NA,1,NA,"26-NOV-66","75c3ea0f-2c0f-4796-8da6-464f3b9ac18c","","","","","A"
"CC02190015",3,16,82,3,88,2,2,1,4,0,6.01,"03-23-2016","21:00:00","05279","N","N","HYATTSVILLE","UNK",4,0,500,"MD","",2.08,"E","QUEENS CHAPEL RD",0,"F","E",380,"MU","","QUINTANA ST",38.9650701,-76.94993466,1,0,1,"M",1,3,NA,3,16.05,0,2,51,"P",0,NA,0,"",NA,"N",NA,1,NA,"17-JAN-87","266bf9ac-0c17-46cc-ab91-a7b14d585407","MD","","","","A"
"CC0220000N",1,16,82,1,8,2,2,1,3,0,6.01,"08-19-2015","11:27:00","13354","N","Y","HYATTSVILLE","UNK",4,0,500,"MD","",1.21,"E","QUEENS CHAPEL RD",30,"F","W",8280,"MU","","ALLEY #28",38.95638034,-76.96136355,1,0,1,"M",1,3,NA,1,8,0,2,53,"P",0,NA,0,"",NA,"N",NA,1,NA,"26-APR-87","99e6d673-958a-4406-8cf8-9f1772901f7b","","","","","A"
"CC0221000S",1,16,0,2,0,1,1,1,1,0,3,"04-28-2016","11:58:00","08058","Y","N","HYATTSVILLE","UNK",3,0,410,"MD","",2.439,"E","EAST WEST HWY",0,"F","E",5527,"OP","","AMERICA BLVD",38.96666653,-76.95242643,1,0,1,"F",1,3,NA,1,5,1,1,51,"P",0,NA,0,"",NA,"N",NA,1,NA,"14-MAR-94","7c6c45b6-4d3f-4ecb-95b7-37e5dd69e358","DC","","","",""
"CC0230000Y",0,16,NA,1,88,2,1,1,3,0,0,"06-28-2015","12:45:00","10314","N","N","HYATTSVILLE","UNK",1,4,NA,"MD","",1.71,"N","HAMILTON ST",5,"F","N",NA,"MU","","35TH PL #1",38.95470338,-76.9598186,1,0,1,"M",88,3,NA,0,88,0,2,88,"P",0,NA,0,"",NA,"",NA,99,NA,"01-MAY-70","2840721d-6039-4352-bbb6-fdf22dc588c5","","","","","A"
"CC0236000D",1,16,82,8.04,17,2,1,0,4,0,6.01,"08-07-2015","12:39:00","","N","Y","HYATTSVILLE","UNK",3,0,500,"MD","",1.68,"E","QUEENS CHAPEL RD",90,"F","W",320,"MU","","NICHOLSON ST",38.96131923,-76.95489407,1,0,1,"F",1,3,NA,3,3,1,2,63.88,"P",0,NA,0,"",NA,"U",NA,1,NA,"13-DEC-63","3ce6e7c1-8d47-440f-87b8-529f54a85418","DC","","","",""
"CC0241000R",1,16,82,0,17,2,1,1,4,0,6.01,"12-04-2015","15:55:00","","Y","N","HYATTSVILLE","UNK",3,0,500,"MD","",0.9,"E","QUEENS CHAPEL RD",15,"F","E",2300,"CO","","JAMESTOWN RD",38.95344354,-76.96586967,1,0,1,"M",NA,3,NA,0,5,2,1,51,"P",0,NA,0,"",NA,"N",NA,1,NA,"26-JUN-78","22de3da0-76bd-4b61-bd30-e122bb11cf7f","","","","","A"
"CC0241000S",3,16,82,0,8,2,1,1,4,0,6.01,"02-04-2016","19:30:00","","N","N","HYATTSVILLE","UNK",3,1,500,"MD","",0.9,"E","QUEENS CHAPEL RD",20,"F","E",2300,"CO","","JAMESTOWN RD",38.95341017,-76.96573019,2,2,1,"M",NA,3,NA,99,5,0,2,51,"P",0,NA,0,"",NA,"N",NA,1,NA,"27-JAN-85","89c1171c-b296-4a20-93a8-e036da35dd5d","","","","","A"
"CC0242000Q",3,16,82,2,88,2,NA,1,4,0,6.01,"09-26-2015","21:39:00","15838","N","N","HYATTSVILLE","UNK",4,0,410,"MD","",1.95,"E","EAST WEST HWY",0,"F","E",0,"UU","","EXIT FR SHOPPING CENTER",38.9670002,-76.95760846,1,0,1,"M",1,3,NA,3,6,0,2,88,"P",0,NA,0,"",NA,"Y",NA,1,NA,"12-JUL-00","449cd563-36ed-401d-a857-3ab0993f631a","","","","","A"
"CC02430017",1,16,82,2,17,2,3,1,4,0,6.01,"02-22-2016","15:14:00","03301","Y","N","HYATTSVILLE","UNK",3,0,410,"MD","",2.15,"E","EAST WEST HWY",0,"F","E",0,"UU","","ENT TO METRO",38.96674995,-76.95794106,1,0,1,"M",9.88,3,NA,2,2,3,1,56,"P",0,NA,0,"",NA,"Y",NA,1,NA,"01-JAN-65","3d7a53c1-dc09-4176-a4aa-6e7d0c88a438","","","","","A"
"CD0614000K",1,8,88,1,17,2,1,1,3,0,6.01,"09-14-2016","07:20:00","088","N","N","LAPLATA","UNK",3,0,6,"MD","",25.8,"E","CHARLES ST",300,"F","W",10,"MU","","ANNE ARUNDEL AVE",38.52997174,-76.97298825,1,0,1,"M",1,3,NA,2,5,1,1,52,"P",0,NA,0,"",NA,"N",NA,1,NA,"16-DEC-65  00:00:00","7dbe1f00-fe9c-4ede-b2b7-c4ad49aa5172","","","","",""
"CD0623001B",1,8,88,1,17,2,NA,2,1,0,6.01,"08-01-2016","11:07:00","088","Y","Y","LAPLATA","UNK",3,0,225,"MD","",10.21,"E","HAWTHORNE RD",200,"F","E",230,"MU","","PINE ST",38.5396975,-76.99042529,1,0,1,"M",1,3,NA,3,1,0,1,56,"P",0,NA,0,"",NA,"N",NA,1,NA,"06-NOV-39  00:00:00","175bb4a7-40a5-4f3a-a11a-c29f40622aa0","","","","","A"
"CE15410002",4,16,89,1,17,2,1,1,4,0,7.01,"11-08-2015","19:42:00","3","N","N","LAUREL","UNK",3,0,198,"MD","",3.93,"E","FORT MEADE RD",200,"F","E",197,"MD","","LAUREL BOWIE RD",39.0951053,-76.84127569,1,0,1,"M",2,4,NA,2,6,1,1,52,"P",0,NA,0,"",NA,"Y",NA,1,NA,"20-JUN-61","53633f3c-0283-42cb-9f27-bd1a9a8365a7","MD","","","","A"
"CE3915000C",3,16,89,0,88,0,3,5,2,0,6.01,"12-11-2015","19:39:00","","N","N","LAUREL","UNK",4,0,198,"MD","",4.31,"E","FORT MEADE RD",100,"F","E",0,"UU","","ANNE ARUNDEL CO/L",39.09671232,-76.83604002,1,0,1,"M",2,3,NA,2,6,99,2,53,"P",2,88,0,"",NA,"Y",NA,1,NA,"10-JUL-89","8cd671d6-6430-4881-b916-d478a4f6952b","MD","","","","A"
"CE4261000X",4,16,89,1,17,1,1,1,4,0,2,"10/3/2016","5:39:00","B5","Y","N","LAUREL","UNK",3,0,198,"MD","",4.12,"E","FORT MEADE RD",5,"F","E",0,"UU","","ENT TO BUSINESS",39.09536654,-76.83863372,1,0,1,"M",99,5,NA,2,6,3,1,52,"P",0,NA,0,"",NA,"Y",NA,1,NA,"15-Nov-70","6c7bc193-4b25-446d-bf7e-ae5fc127b471","","","","","A"
"CE4449000C",1,16,89,1,17,2,3,1,2,0,6.01,"09-18-2015","12:01:00","3","N","N","LAUREL","UNK",3,0,198,"MD","",3.4,"E","GORMAN AVE (EB COUPLET)",20,"M","E",400,"MU","","THOMAS DR",39.09859408,-76.85060978,1,0,1,"M",3,3,NA,0,4,1,1,0,"P",0,NA,0,"",NA,"Y",NA,1,NA,"24-DEC-91","86a3f8a4-bd25-4660-9350-f6dee4e81027","MD","c","","","A"
"CE4506000Z",3,16,89,0,17,2,2,1,2,0,6.01,"09-16-2015","00:54:00","2","N","N","LAUREL","UNK",3,0,198,"MD","",1.374,"W","TALBOTT AVE (WB COUPLET)",150,"F","W",9080,"MU","","EIGHTH ST",39.10244902,-76.85799927,1,0,1,"M",3,4,NA,88,6,1,1,88,"P",0,NA,0,"",NA,"Y",NA,0,NA,"03-JUL-85","728bf0e2-941a-40ae-a019-b1419d8e719a","MD","","","","A"
"CE45160007",6.02,16,NA,2,88,1,1,1,88,0,3,"04-08-2015","06:31:00","3","Y","N","LAUREL","UNK",3,0,197,"MD","",14.5,"N","LAUREL BOWIE RD",0,"F","N",852,"OP","","MORRIS DR",39.09351489,-76.84350729,1,0,1,"M",1,3,NA,2,5,99,1,51,"P",0,NA,0,"",NA,"",NA,1,NA,"28-JAN-63","db5de1e5-b3b9-4799-b4d1-881527853fe5","MD","","","","A"
"CNC31440001",1,16,NA,0,17,2,NA,0,0,0,6.01,"01-09-2015","13:21:00","","N","N","NCPD","UNK",3,0,450,"MD","",4.44,"E","ANNAPOLIS RD",100,"F","E",4194,"CO","","85TH AVE",38.95844521,-76.87035084,1,0,1,"F",1,3,NA,3,88,1,1,0,"P",0,NA,0,"",NA,"",NA,0,NA,"06-SEP-43","06b9a839-6de2-49b8-a7ba-316f18a0f72a","","","","","A"
"CNC3149000L",1,16,21,0,88,1,1,1,1,0,3,"12-17-2015","08:21:00","0229","N","N","NCPD","UNK",3,0,450,"MD","",4.44,"E","ANNAPOLIS RD",150,"F","W",4194,"CO","","85TH AVE",38.95846294,-76.87039107,1,0,1,"M",1,3,NA,3,88,1,1,88,"P",0,NA,0,"",NA,"N",NA,1,NA,"17-JUL-54","52fa6234-059d-4b99-9cad-f7434fa5b9c1","MD","","","","A"
"CNC3149000R",1,16,0,2,0,1,1,1,4,0,3,"03-28-2016","08:39:00","016","Y","N","NCPD","UNK",3,3,450,"MD","",4.22,"E","ANNAPOLIS RD",0,"F","E",302,"CO","","RIVERDALE RD",38.95594546,-76.87269777,1,0,1,"M",1,3,NA,2,5,3,1,51,"P",0,NA,0,"",NA,"N",NA,1,NA,"31-DEC-97","2083f9c1-2b57-4f91-84a6-739eaf1f9445","","","","","A"
"CNC3153001T",1,16,0,2,88,2,3,1,4,0,6.01,"5/19/2017","9:16:00","236","Y","N","NCPD","UNK",3,0,450,"MD","",3.83,"E","ANNAPOLIS RD",0,"F","E",3247,"CO","","HARKINS RD",38.95283656,-76.87861741,1,0,1,"F",1,3,NA,1,9.05,2,1,51,"P",0,NA,0,"",NA,"N",NA,1,NA,"30-Jun-59","f6ba8f44-c232-4cd7-9de1-e1ac3b29a6cb","","","","","A"
"CNC3154000D",1,16,0,1,11,2,1,1,4,0,6.01,"07-20-2016","16:25:00","0229","N","N","NCPD","UNK",3,0,450,"MD","",4.357,"E","ANNAPOLIS RD",NA,"M","E",0,"UU","","DIRECTIONAL CROSSOVER",38.95702067,-76.87051177,1,0,1,"F",1,3,NA,2,4,1,1,52,"P",0,NA,0,"",NA,"Y",NA,1,NA,"08-SEP-91  00:00:00","2992bba9-1b08-4b3b-bde9-159500fb13f9","","","","","A"
"CP01040008",3,16,NA,1,0,2,2,1,4,0,6.01,"01-17-2015","17:38:00","","N","N","MTRAINIER","UNK",3,0,500,"MD","",0.74,"E","QUEENS CHAPEL RD",200,"F","E",501,"MD","","CHILLUM RD",38.95120749,-76.96683526,1,0,1,"F",1,3,NA,2,6,3,1,54,"P",0,NA,0,"",NA,"",NA,1,NA,"27-MAR-64","20978db2-cb98-42ea-9b8b-064f8a9c056a","MD","","","","J"
"CP01350009",1,16,NA,1,17,1,1,1,4,5,7.01,"01-06-2015","13:14:00","","N","N","MTRAINIER","UNK",9,3,500,"MD","",0.46,"E","QUEENS CHAPEL RD",50,"F","E",9302,"MU","","30TH ST #2",38.94906315,-76.96764529,1,0,1,"M",1,3,NA,2,3,0,1,63.88,"P",0,NA,0,"",NA,"",NA,0,NA,"10-JAN-74","3e4ad3df-c924-4118-86fc-a45b1d594e28","","","","","A"
"CT82240008",1,23,115,1,17,2,NA,1,4,0,6.01,"07-11-2016","15:54:00","282","N","N","OCEANCITY","UNK",3,0,528,"MD","",1.83,"S","COASTAL HWY",150,"F","N",365,"MU","","120TH ST",38.42594452,-75.05590968,1,1,3,"F",1,3,NA,3,6,1,1,52,"P",0,NA,0,"",NA,"Y",NA,0,NA,"28-JUN-06  00:00:00","909d1076-9379-47e5-9d67-ebd2128c2281","","","","",""
"CT8241000X",1,23,115,9.04,11,2,4,1,4,0,6.01,"07-07-2016","12:25:00","212","N","N","OCEANCITY","UNK",4,0,528,"MD","",3.84,"S","COASTAL HWY",30,"F","N",9405,"MU","","77TH ST",38.39711964,-75.06258354,1,1,1,"F",1,3,NA,2,6,0,2,54,"P",0,NA,0,"",NA,"Y",NA,1,NA,"11-SEP-97  00:00:00","20306ba3-9a3a-4f96-a01b-c9f6b303514b","","","","","A"
"CT82540006",3,23,115,2,8,2,4,1,4,0,6.01,"08-08-2015","23:32:00","0794","Y","N","OCEANCITY","UNK",4,0,528,"MD","",5.47,"S","COASTAL HWY",0,"F","S",9266,"MU","","49TH ST",38.37446687,-75.06968737,1,0,1,"F",NA,3,NA,1,1,88,2,0,"P",0,NA,0,"",NA,"N",NA,1,NA,"04-DEC-87","ad5cc13e-2f3a-4ae7-b4b3-4e71a30f564b","MD","na","","","A"
"CT8267000V",3,23,115,0,17,2,2,1,4,0,6.01,"07-30-2015","02:03:00","075","Y","N","OCEANCITY","UNK",3,0,528,"MD","",7.17,"S","PHILADELPHIA AVE",10,"F","N",9125,"MU","","21ST ST",38.35073109,-75.07762671,1,0,1,"M",2,4,NA,1,5,3,1,54,"P",0,NA,0,"",NA,"Y",NA,1,NA,"28-MAY-94","7de259ca-e0d8-4e76-945c-74c7fcb24d78","MD","C","","","A"