"REPORT_NO","LIGHT_CODE","COUNTY_NO","MUNI_CODE","JUNCTION_CODE","COLLISION_TYPE_CODE","SURF_COND_CODE","LANE_CODE","RD_COND_CODE","RD_DIV_CODE","FIX_OBJ_CODE","WEATHER_CODE","ACC_DATE","ACC_TIME","LOC_CODE","SIGNAL_FLAG","C_M_ZONE_FLAG","AGENCY_CODE","AREA_CODE","HARM_EVENT_CODE1","HARM_EVENT_CODE2","RTE_NO","ROUTE_TYPE_CODE","RTE_SUFFIX","LOG_MILE","LOGMILE_DIR_FLAG","MAINROAD_NAME","DISTANCE","FEET_MILES_FLAG","DISTANCE_DIR_FLAG","REFERENCE_NO","REFERENCE_TYPE_CODE","REFERENCE_SUFFIX","REFERENCE_ROAD_NAME","LATITUDE","LONGITUDE","drv","occ","ped","SEX_CODE","CONDITION_CODE","INJ_SEVER_CODE","OCC_SEAT_POS_CODE","PED_VISIBLE_CODE","PED_LOCATION_CODE","PED_OBEY_CODE","PED_TYPE_CODE","MOVEMENT_CODE","PERSON_TYPE","ALCOHOL_TEST_CODE","ALCOHOL_TESTTYPE_CODE","DRUG_TEST_CODE","DRUG_TESTRESULT_CODE","BAC_CODE","FAULT_FLAG","EQUIP_PROB_CODE","SAF_EQUIP_CODE","EJECT_CODE","DATE_OF_BIRTH","PERSON_ID","LICENSE_STATE_CODE","CLASS","CDL_FLAG","VEHICLE_ID","EMS_UNIT_LABEL"
"CT8267000Y",3,23,115,0,2,1,1,1,1,0,11.88,"09-25-2015","21:16:00","252","Y","N","OCEANCITY","UNK",4,0,378,"MD","A",0.04,"E","1ST ST",0,"F","E",990,"MU","","WILMINGTON LA #2",38.33283894,-75.08618563,1,0,1,"M",2,3,NA,3,10.88,1,2,51,"P",3,2,0,"",NA,"Y",NA,1,NA,"21-SEP-60","d4bfda57-3e87-44fe-9bec-3bff4a894e29","MD","c","","","A"
"CT82670012",3,23,115,2,17,1,3,1,4,0,7.01,"05-13-2016","22:21:00","162","Y","N","OCEANCITY","UNK",3,0,528,"MD","",1.33,"S","COASTAL HWY",0,"F","S",9550,"MU","","127TH ST",38.43241811,-75.05466163,1,0,1,"F",2,4,NA,1,5,3,1,51,"P",0,NA,0,"",NA,"Y",NA,1,NA,"04-MAR-97","83068822-37e4-41b8-9361-ad273bf23fd3","NJ","D","","","A"
"CT8267001K",3,23,115,0,17,2,2,1,4,0,6.01,"08-09-2016","22:57:00","412","Y","N","OCEANCITY","UNK",3,3,528,"MD","",3.39,"S","COASTAL HWY",2,"F","S",9445,"MU","","85TH ST",38.40342886,-75.06052494,1,0,2,"M",1,3,NA,1,5,2,1,51,"P",0,NA,0,"",NA,"N",NA,1,NA,"25-MAY-66  00:00:00","ececea34-ad30-44d6-b115-cb0b44698d1a","VA","","","",""
"CT8267001K",3,23,115,0,17,2,2,1,4,0,6.01,"08-09-2016","22:57:00","412","Y","N","OCEANCITY","UNK",3,3,528,"MD","",3.39,"S","COASTAL HWY",2,"F","S",9445,"MU","","85TH ST",38.40342886,-75.06052494,1,0,2,"M",NA,4,NA,3,5,2,1,51,"P",0,NA,0,"",NA,"N",NA,1,NA,"16-JUL-59  00:00:00","9f640dae-c630-45c3-909e-3e684fb940a4","MD","","","",""
"CT8272000S",1,23,115,2,17,2,1,1,4,0,6.01,"09-17-2015","15:20:00","149","Y","N","OCEANCITY","UNK",3,0,528,"MD","",1.96,"S","COASTAL HWY",0,"F","S",9505,"MU","","118TH ST",38.42338603,-75.05619049,1,0,1,"F",1,4,NA,2,5,2,1,51,"P",0,NA,0,"",NA,"N",NA,1,NA,"05-APR-60","c8d07a74-755e-4d8c-bb72-129934a68dcf","NY","C","","","A"
"CT8272001P",1,23,115,1,9,2,2,1,2,0,6.01,"5/19/2017","13:20:00","286","N","N","OCEANCITY","UNK",4,0,378,"MD","",1.35,"N","BALTIMORE AVE",50,"F","N",9086,"MU","","14TH ST",38.34426476,-75.0793004,1,1,1,"M",2,3,NA,1,0,0,2,0,"P",1,NA,0,"",NA,"N",NA,1,NA,"5-May-72","c947c863-5b12-47aa-823d-e010549f78f1","MD","B","","","A"
"CT8274002C",1,23,115,2,17,2,4,1,4,0,6.01,"08-22-2015","10:29:00","208","Y","N","OCEANCITY","UNK",4,0,528,"MD","",2.09,"S","COASTAL HWY",0,"F","S",410,"MU","","JAMESTOWN RD",38.42157569,-75.05657539,1,0,1,"M",1,4,NA,1,88,0,2,53,"P",0,NA,0,"",NA,"N",NA,1,NA,"08-SEP-67","8b569c13-01bf-4207-add3-8040b2b34611","MD","C","","","A"
"CT8274004C",3,23,115,2,17,2,2,1,4,0,6.01,"5/21/2017","2:24:00","122","Y","N","OCEANCITY","UNK",3,0,528,"MD","",5.7,"S","COASTAL HWY",0,"F","S",9245,"MU","","45TH ST",38.371228,-75.0703425,1,0,1,"M",2,5,NA,3,6,3,1,51,"P",0,NA,0,"",NA,"Y",NA,1,NA,"18-Sep-93","735d969b-ecee-4af0-8613-1045a6ba17be","VA","D","","","A"
"CT8274004H",1,23,115,2,17,2,4,1,4,0,6.01,"6/1/2017","17:05:00","216","Y","N","OCEANCITY","UNK",1,0,528,"MD","",4.24,"S","COASTAL HWY",0,"F","S",9370,"MU","","70TH ST",38.39145948,-75.06445706,1,0,1,"M",1,3,NA,3,8,0,2,54,"P",0,NA,0,"",NA,"Y",NA,1,NA,"27-Aug-96","681d9781-47c2-4653-9ab3-96b65c8cc073","MD","ID","","","A"
"CT8274004M",3,23,115,2,17,2,1,1,4,0,6.01,"6/14/2017","21:20:00","574","Y","N","OCEANCITY","UNK",3,0,528,"MD","",5.05,"S","COASTAL HWY",0,"F","S",9300,"MU","","56TH ST",38.38031865,-75.06801501,1,0,1,"F",1,3,NA,1,5,2,1,51,"P",0,NA,0,"",NA,"N",NA,1,NA,"2-Feb-68","53c05215-74eb-4fc7-9ba2-409e2511a960","","","","",""
"CT8278000J",3,23,NA,1,17,2,3,1,4,0,6.01,"06-20-2015","02:14:00","0134","N","N","OCEANCITY","UNK",3,0,528,"MD","",5.51,"S","COASTAL HWY",100,"F","S",9260,"MU","","48TH ST",38.37404631,-75.06953716,1,1,1,"F",2,3,NA,3,4,1,1,52,"P",0,NA,0,"",NA,"",NA,0,NA,"29-MAY-94","8845f09a-a2ec-455a-a0d7-52554f3523de","PA","","","","A"
"CT8278000T",1,23,115,3,17,2,2,1,4,0,6.01,"09-18-2015","18:52:00","0301","Y","N","OCEANCITY","UNK",3,0,528,"MD","",6.72,"S","PHILADELPHIA AVE",13,"F","N",9160,"MU","","28TH ST",38.35715478,-75.07480502,1,1,1,"F",2,4,NA,99,4,3,1,52,"P",0,NA,0,"",NA,"Y",NA,1,NA,"13-OCT-85","37aaa5f5-1819-43ac-8df7-175af22e3cd4","NY","d","","","B"
"CT8278000W",3,23,115,0,17,2,3,1,4,0,0,"01-01-2016","01:27:00","0037","Y","N","OCEANCITY","UNK",3,0,528,"MD","",1.61,"S","COASTAL HWY",0,"F","S",9530,"MU","","123RD ST",38.42839547,-75.0555253,1,1,1,"F",2,3,NA,3,5,3,1,51,"P",0,NA,0,"",NA,"Y",NA,1,NA,"06-MAY-64","460b12f2-6413-41cd-a960-5c8fac0c8b67","PA","D","","","A"
"CT82780014",3,23,115,1,17,2,2,1,2,0,0,"06-05-2016","00:37:00","0568","N","N","OCEANCITY","UNK",3,0,378,"MD","",1.02,"N","BALTIMORE AVE",90,"F","N",378,"MD","B","9TH ST",38.34027614,-75.08150518,1,3,1,"M",99,4,NA,3,6,1,1,52,"P",0,NA,0,"",NA,"Y",NA,0,NA,"11-NOV-47","718ecba1-3454-489c-afb0-c61bafc8fc31","DE","","","","A"
"CT8278001C",3,23,115,0,9,2,2,1,4,0,6.01,"08-02-2016","00:03:00","0002","Y","N","OCEANCITY","UNK",4,0,528,"MD","",1.12,"S","COASTAL HWY",20,"F","S",9565,"MU","","130TH ST",38.43530652,-75.05445175,1,1,1,"M",1,3,NA,2,9.05,0,2,51,"P",0,NA,0,"",NA,"Y",NA,1,NA,"17-JUL-95  00:00:00","8e72886d-d026-4be3-b70e-3aec56770919","XX","NONE","","","A"
"CT8278001D",3,23,115,0,17,2,2,1,4,0,6.01,"08-14-2016","01:43:00","0065","Y","N","OCEANCITY","UNK",3,0,528,"MD","",1.61,"S","COASTAL HWY",0,"F","S",9530,"MU","","123RD ST",38.42840177,-75.05547166,1,0,1,"M",99,4,NA,2,5,3,1,51,"P",0,NA,0,"",NA,"Y",NA,0,NA,"05-JUL-96  00:00:00","6f8c5830-4c9a-47c4-bd44-cf841a94f0ea","CT","UU","","","A"
"CT8278001G",3,23,115,1,17,2,4,1,4,0,0,"08-27-2016","00:23:00","0004","N","N","OCEANCITY","UNK",1,1,528,"MD","",3.84,"S","COASTAL HWY",50,"F","S",9405,"MU","","77TH ST",38.39695252,-75.06268144,1,4,1,"F",1,3,NA,3,6,1,2,52,"P",0,NA,0,"",NA,"Y",NA,1,NA,"26-MAR-95  00:00:00","a9b68e48-d50a-45d0-8cc5-e82dd241178a","XX",NA,"","","A"
"CTC6720007",1,23,115,1,7,2,NA,1,4,0,6.01,"07-30-2015","13:19:00","287","N","N","OCEANCITY","UNK",4,0,528,"MD","",0,"S","COASTAL HWY",30,"F","S",0,"UU","","DELAWARE ST/L",38.45095047,-75.05222082,1,0,1,"M",1,3,NA,3,6,0,2,53,"P",0,NA,0,"",NA,"N",NA,1,NA,"27-DEC-92","a6722c15-4f14-4c75-9909-07cde7bd52ec","HI",NA,"","","A"
"CTE4530005",3,23,115,1,8,2,4,1,2,0,6.01,"07-18-2015","23:14:00","925","N","N","OCEANCITY","UNK",4,0,528,"MD","",1.01,"S","COASTAL HWY",0,"F","S",0,"UU","","ENT TO BUSINESS",38.43682501,-75.05427003,1,0,1,"F",1,3,NA,1,8,0,2,53,"P",0,NA,0,"",NA,"N",NA,1,NA,"13-DEC-92","46e76f15-fc9e-41c9-bfb6-3ebddaaeed95","","","","",""
"CTE7510005",3,23,115,1,9,2,NA,1,4,0,6.01,"07-25-2015","23:18:00","351","N","N","OCEANCITY","UNK",4,0,528,"MD","",5.51,"S","COASTAL HWY",55,"F","S",0,"UU","","CROSSOVER",38.37584207,-75.06939769,1,0,1,"F",0,3,NA,2,8,0,2,53,"P",0,NA,0,"",NA,"N",NA,1,NA,"06-DEC-92","8261f41e-6c44-4af2-b4cf-cca0bba56a40","","","","","A"
"CTF4060001",3,23,115,0,17,2,3,1,4,0,6.01,"08-03-2015","21:00:00","500","Y","N","OCEANCITY","UNK",3,0,528,"MD","",6.39,"S","PHILADELPHIA AVE",15,"F","N",9185,"MU","","33RD ST",38.36162621,-75.07288992,1,3,1,"M",1,3,NA,2,6,3,1,51,"P",0,NA,0,"",NA,"Y",NA,1,NA,"02-OCT-57","47fb6826-6776-42b8-8536-4cd28b3d967d","VA","","","","A"
"CTX306002G",3,23,NA,2,17,2,1,1,4,0,6.01,"05-24-2015","21:52:00","691","Y","N","OCEANCITY","UNK",3,0,528,"MD","",5.7,"S","COASTAL HWY",0,"F","S",9245,"MU","","45TH ST",38.37116124,-75.07037401,1,3,1,"M",2,4,NA,3,9.05,3,1,51,"P",0,NA,0,"",NA,"",NA,1,NA,"02-MAR-87","0f74f145-4dd1-45e5-a38d-8f28931d2773","MD","C","","","A"
"CTX306003J",3,23,115,3,3,2,3,1,2,0,7.01,"08-30-2015","21:19:00","484","Y","N","OCEANCITY","UNK",4,0,378,"MD","",0.54,"N","BALTIMORE AVE",10,"F","N",9020,"MU","","2ND ST",38.33356902,-75.08507252,1,0,1,"F",1,4,NA,6,6,1,2,53,"P",0,NA,0,"",NA,"N",NA,88,NA,"03-NOV-78","800a5f87-887a-4e6b-9ff1-2c0e5422a98c","MD","C","","","A"
"CTX306004W",3,23,0,9.04,3,1,4,1,4,0,3,"07-08-2016","22:49:00","498","N","N","OCEANCITY","UNK",4,3,528,"MD","",5.63,"S","COASTAL HWY",0,"F","S",0,"UU","","ENT TO BUSINESS",38.37279304,-75.07018089,1,1,1,"F",1,3,NA,1,6,0,2,53,"P",0,NA,0,"",NA,"N",NA,1,NA,"20-NOV-96  00:00:00","c1144938-2ae8-402e-864d-d15f6dc6bfcb","XX","NONE","","","A"
"CTX306004Z",1,23,115,9.04,11,2,NA,1,4,0,7.01,"07-21-2016","18:34:00","349","N","N","OCEANCITY","UNK",5,3,528,"MD","",6.28,"S","COASTAL HWY",0,"F","S",9195,"MU","","35TH ST",38.3634445,-75.07264617,1,1,1,"M",1,4,NA,2,3,1,2,54,"P",0,NA,0,"",NA,"Y",NA,1,NA,"19-SEP-97  00:00:00","6908b824-adc4-4214-b238-dd0c9cc0770e","XX","NONE","","","A"
"CTX306005R",1,23,115,3,17,88,NA,1,4,4,5,"09-03-2016","17:14:00","275","Y","N","OCEANCITY","UNK",16,3,528,"MD","",6.59,"S","PHILADELPHIA AVE",39,"F","N",9170,"MU","","30TH ST",38.35893413,-75.07398963,1,2,1,"F",1,4,NA,3,3,1,1,63.88,"P",0,NA,0,"",NA,"N",NA,1,NA,"18-JAN-75  00:00:00","71085268-ad82-4cf4-afcb-45814200fa04","PA","C","","","A"
"CTX3060072",1,23,115,2,17,2,1,1,4,0,7.01,"6/13/2017","17:09:00","416","Y","N","OCEANCITY","UNK",3,0,528,"MD","",1.96,"S","COASTAL HWY",0,"F","S",9505,"MU","","118TH ST",38.4234228,-75.05607516,1,0,1,"F",1,3,NA,3,9.05,2,1,51,"P",0,NA,0,"",NA,"N",NA,1,NA,"5-Mar-97","2b12e4ef-49e2-4226-9287-b6304eaa0e86","PA","C","","","A"
"CTX3080035",1,23,115,2,17,2,2,1,4,0,6.01,"07-24-2015","13:41:00","271","N","N","OCEANCITY","UNK",3,0,528,"MD","",4.94,"S","COASTAL HWY",0,"F","S",9310,"MU","","58TH ST",38.3818325,-75.06754227,1,2,1,"M",2,4,NA,1,6,1,1,51,"P",0,NA,0,"",NA,"Y",NA,1,NA,"11-JUL-62","19217bc2-0f25-463f-9b02-6bac3f2431bf","CT","","","","A"
"CTX3080039",1,23,115,2,7,2,4,1,4,0,7.01,"08-07-2015","19:33:00","363","Y","N","OCEANCITY","UNK",4,0,528,"MD","",3.61,"S","COASTAL HWY",0,"F","S",9425,"MU","","81ST ST",38.40022965,-75.06161392,1,0,1,"M",1,3,NA,2,3,3,2,51,"P",0,NA,0,"",NA,"Y",NA,21,NA,"21-JAN-46","b78b940c-dc75-40e1-bfcc-857062542683","MD","C","","","A"
"CTX308003D",1,23,115,2,11,2,4,1,4,0,6.01,"08-20-2015","18:00:00","238","Y","N","OCEANCITY","UNK",4,0,528,"MD","",6.16,"S","COASTAL HWY",0,"F","S",9205,"MU","","37TH ST",38.36476017,-75.07175765,1,2,1,"F",1,3,NA,1,6,1,2,54,"P",0,NA,0,"",NA,"Y",NA,1,NA,"23-MAY-92","f90c4234-7cad-4f17-9e51-7303e637d7de","","","","","A"
"CTX3080042",1,23,115,1,17,1,NA,1,4,4,7.01,"10-04-2015","11:59:00","211","N","N","OCEANCITY","UNK",9,3,528,"MD","",4.94,"S","COASTAL HWY",50,"F","N",9310,"MU","","58TH ST",38.3819852,-75.06756792,1,0,1,"F",1,3,NA,2,3,1,1,54,"P",0,NA,0,"",NA,"N",NA,0,NA,"11-MAR-97","68687fdc-74c7-4020-9cdb-0c90c89081bc","VA","n/a","","","A"
"CTX308004H",1,23,115,1,3,2,4,1,4,0,7.01,"03-12-2016","14:41:00","117","N","N","OCEANCITY","UNK",4,0,528,"MD","",4.82,"S","COASTAL HWY",100,"F","N",9320,"MU","","60TH ST",38.38366066,-75.06672353,1,0,1,"F",1,3,NA,2,6,0,2,53,"P",0,NA,0,"",NA,"N",NA,1,NA,"13-AUG-60","5f5e1f0f-023c-4f6c-8126-148e538d79c7","MD","C","","","A"
"CTX308004Z",3,23,115,2,17,2,2,1,2,0,6.01,"07-02-2016","21:42:00","858","Y","N","OCEANCITY","UNK",3,0,378,"MD","",0.06,"N","BALTIMORE AVE",0,"F","N",310,"MU","","S DIVISION ST",38.32729895,-75.08833408,1,0,1,"M",1,3,NA,4,6,0,1,88,"P",0,NA,0,"",NA,"N",NA,25.88,NA,"28-JAN-77  00:00:00","596a1bee-03bc-4f9d-aa3f-8e0799627e19","MD","C","","",""
"CTX3080055",3,23,115,3,17,2,1,1,4,0,6.01,"07-23-2016","20:22:00","688","Y","N","OCEANCITY","UNK",3,0,528,"MD","",1.83,"S","COASTAL HWY",5,"F","N",365,"MU","","120TH ST",38.425753,-75.05557882,1,1,1,"F",1,3,NA,3,6,3,1,51,"P",0,NA,0,"",NA,"Y",NA,1,NA,"11-NOV-48  00:00:00","77435847-40c9-4873-b346-d7ae10f047bd","PA","C","","","A"
"CTX308005C",3,23,115,2,17,2,3,1,4,0,6.01,"07-26-2016","21:31:00","369","Y","N","OCEANCITY","UNK",3,0,528,"MD","",0.49,"S","COASTAL HWY",0,"F","S",9610,"MU","","139TH ST",38.4439955,-75.0530835,1,2,1,"F",99,4,NA,3,5,3,1,51,"P",0,NA,0,"",NA,"Y",NA,0,NA,"13-JAN-48  00:00:00","86f77056-7947-4845-bc51-978f561cbdf7","VA","NONE","","","A"
"CTX308005H",3,23,115,1,7,2,2,1,4,0,6.01,"07-31-2016","21:01:00","449","N","N","OCEANCITY","UNK",1,88,528,"MD","",4.59,"S","COASTAL HWY",30,"F","S",9340,"MU","","64TH ST",38.38651895,-75.06583571,1,3,1,"M",2,3,NA,3,6,0,2,53,"P",1,NA,0,"",NA,"Y",NA,1,NA,"10-NOV-63  00:00:00","b5938fd8-b4aa-48e1-be24-e708d394794a","MD","ID","","","A"
"CTX308005K",3,23,115,3,7,2,4,1,4,0,6.01,"08-07-2016","22:53:00","525","Y","N","OCEANCITY","UNK",4,0,528,"MD","",4.88,"S","COASTAL HWY",70,"F","S",9315,"MU","","59TH ST",38.38235843,-75.06716092,1,0,1,"F",1,3,NA,3,8,0,2,53,"P",0,NA,0,"",NA,"N",NA,1,NA,"19-MAR-96  00:00:00","c7cc1ef8-d6da-40ac-8e44-b54df93ad100","","","","","A"
"CTX308005L",1,23,115,2,17,2,1,1,4,0,6.01,"08-12-2016","17:35:00","342","Y","N","OCEANCITY","UNK",3,3,528,"MD","",0.69,"S","COASTAL HWY",0,"F","S",9595,"MU","","136TH ST",38.44144673,-75.0535863,1,0,2,"M",1,3,NA,1,5,2,1,51,"P",0,NA,0,"",NA,"N",NA,0,NA,"10-JAN-70  00:00:00","2c8738af-cf8d-4dd3-8e0c-3c47266b58e4","","C","","","A"
"CTX308005P",3,23,115,3,17,2,3,1,4,0,6.01,"08-13-2016","23:09:00","721","N","N","OCEANCITY","UNK",3,0,528,"MD","",4.07,"S","COASTAL HWY",20,"F","S",9385,"MU","","73RD ST",38.3938535,-75.06375418,1,1,1,"M",2,4,NA,2,6,1,1,52,"P",0,NA,0,"",NA,"Y",NA,0,NA,"29-OCT-81  00:00:00","82866824-8548-41cf-a66e-6ad66ed8c3cc","PA","C","","","A"
"CTX310000F",1,23,NA,2,17,2,1,1,4,0,6.01,"07-05-2015","17:43:00","0688","Y","N","OCEANCITY","UNK",3,0,NA,"MD","",7.3,"S","PHILADELPHIA AVE",0,"F","S",NA,"MU","","DOLPHIN ST",38.34915664,-75.07846892,1,4,1,"F",1,3,NA,2,9.05,3,1,51,"P",0,NA,0,"",NA,"",NA,0,NA,"05-JUL-15","6f46e2f8-79f3-4196-9269-3e5b5ba03de8","","N/A","","",""
"CTX310000G",1,23,115,1,0,2,1,1,2,0,6.01,"10-11-2015","15:00:00","0186","N","N","OCEANCITY","UNK",3,0,378,"MD","",0.26,"N","BALTIMORE AVE",10,"F","N",330,"MU","","DORCHESTER ST",38.32987437,-75.08706272,1,1,1,"M",1,3,NA,1,6,1,1,63.88,"P",0,NA,0,"",NA,"Y",NA,1,NA,"25-JUN-57","87be3343-61a0-47e3-be65-0aa66a3ce5cd","MD","C","","","A"
"CTX311000T",4,23,115,1,1,2,3,1,2,0,6.01,"09-03-2016","20:52:00","344","N","N","OCEANCITY","UNK",1,0,528,"MD","",9.04,"S","S 1ST ST",500,"F","N",70,"MU","","S BALTIMORE AVE",38.33565183,-75.08543633,1,0,1,"M",2,3,NA,3,3,1,2,54,"P",0,NA,0,"",NA,"Y",NA,1,NA,"06-JUN-84  00:00:00","c0d3108b-0019-47f6-b64d-785f6f8a20c8","MD","C","","",""
"CTX312000L",1,23,115,2,11,2,3,1,4,0,6.01,"09-18-2015","17:59:00","277","Y","N","OCEANCITY","UNK",4,0,528,"MD","",1.83,"S","COASTAL HWY",0,"F","S",365,"MU","","120TH ST",38.42527722,-75.05573988,1,0,1,"M",1,3,NA,2,9.05,3,2,51,"P",0,NA,0,"",NA,"Y",NA,1,NA,"21-MAY-57","bb7149c6-fa76-4078-85cc-027fc246fd1c","MD","cm","","","A"
"CTX313000K",1,23,115,2,88,2,1,1,4,0,6.01,"09-08-2015","17:08:00","071","Y","N","OCEANCITY","UNK",3,0,528,"MD","",6.72,"S","PHILADELPHIA AVE",0,"F","S",650,"MU","","ROBIN DR",38.35704015,-75.07504776,1,0,1,"M",2,3,NA,1,6,3,1,51,"P",0,NA,0,"",NA,"Y",NA,1,NA,"12-AUG-66","97f0e66d-7a7d-4aa9-bfba-90d09e0fe6a4","PA","","","","A"
"CTX313000W",1,23,115,2,17,2,2,1,2,0,6.01,"07-12-2016","15:53:00","264","N","N","OCEANCITY","UNK",3,0,378,"MD","",1.09,"N","BALTIMORE AVE",0,"F","N",9065,"MU","","10TH ST",38.34071582,-75.0812611,1,0,1,"F",1,3,NA,99,5,2,1,51,"P",0,NA,0,"",NA,"N",NA,0,NA,"16-FEB-01  00:00:00","ced52f21-3e9e-4682-ba6b-363d99f6f3c3","MD","N/A","","","A"
"CTX3150014",1,23,NA,1,88,2,1,1,4,0,6.01,"06-14-2015","11:38:00","376","Y","N","OCEANCITY","UNK",3,0,528,"MD","",1.61,"S","COASTAL HWY",50,"F","S",9530,"MU","","123RD ST",38.42817694,-75.05535364,1,0,1,"F",1,3,NA,1,6,0,1,52,"P",0,NA,0,"",NA,"",NA,0,NA,"11-JUN-97","834bb9e6-da81-4692-935c-8bb04ffbb6f6","MD","","","","A"
"CTX315001P",1,23,115,2,9,2,1,1,2,9,6.01,"07-11-2015","16:16:00","412","Y","N","OCEANCITY","UNK",1,3,378,"MD","",0.54,"N","BALTIMORE AVE",0,"F","N",9020,"MU","","2ND ST",38.33354377,-75.08515835,2,1,2,"F",1,4,NA,1,3,0,1,56,"P",0,NA,0,"",NA,"N",NA,0,NA,"31-AUG-93","e245cd16-e635-4a52-bcaa-93dbff2c3335","","","","","B"
"CTX315001P",1,23,115,2,9,2,1,1,2,9,6.01,"07-11-2015","16:16:00","412","Y","N","OCEANCITY","UNK",1,3,378,"MD","",0.54,"N","BALTIMORE AVE",0,"F","N",9020,"MU","","2ND ST",38.33354377,-75.08515835,2,1,2,"M",1,4,NA,2,3,0,1,56,"P",0,NA,0,"",NA,"N",NA,0,NA,"31-DEC-93","ce37837e-03e4-43d5-aa2e-c1c669c01b61","","","","","C"
"CTX3170013",3,23,115,2,11,2,2,1,2,0,6.01,"09-04-2016","23:39:00","389","Y","N","OCEANCITY","UNK",4,0,378,"MD","B",0.04,"E","9TH ST",0,"F","E",980,"MU","","WILMINGTON LA",38.34005734,-75.08229241,1,2,1,"M",1,3,NA,3,6,0,2,51,"P",0,NA,0,"",NA,"Y",NA,1,NA,"31-JAN-94  00:00:00","85b97929-aac7-48f6-b685-bcdb61da1a6d","XX","XX","","","A"
"CTX3180007",3,23,NA,2,2,1,1,1,2,0,3,"07-04-2015","22:24:00","","N","N","OCEANCITY","UNK",3,0,NA,"MD","",0.35,"N","BALTIMORE AVE",0,"F","N",NA,"MU","","CAROLINE ST #2",38.33111787,-75.0864324,1,0,1,"M",1,3,NA,2,5,1,1,51,"P",0,NA,0,"",NA,"",NA,0,NA,"12-OCT-78","61f74677-5e6e-40db-ba61-99d64a6ccbb1","VA","ID","","",""
"CTX319000D",1,23,115,0,7,2,4,1,4,0,6.01,"08-10-2015","19:04:00","402","Y","N","OCEANCITY","UNK",3,0,528,"MD","",5.05,"S","COASTAL HWY",0,"F","N",9300,"MU","","56TH ST",38.38027029,-75.0680995,1,0,1,"M",1,3,NA,2,10.88,2,2,51,"P",0,NA,0,"",NA,"Y",NA,1,NA,"09-MAR-91","bda90a29-2715-47a4-8d7c-7a0d9eafb0c4","","","","",""
"CTX320000H",3,23,115,0,7,2,4,1,2,0,6.01,"03-12-2016","20:59:00","199","N","N","OCEANCITY","UNK",1,0,528,"MD","",8.51,"S","PHILADELPHIA AVE",0,"F","S",378,"MD","A","1ST ST",38.3332408,-75.0868535,1,0,1,"M",2,3,NA,2,6,0,2,53,"P",0,NA,0,"",NA,"U",NA,1,NA,"29-SEP-92","c3934f6b-5a4f-44f9-949e-a98faa2b99d8","MD","C","","",""
"CTX3240008",1,23,115,2,8,2,4,1,4,0,0,"08-21-2015","19:35:00","300","N","N","OCEANCITY","UNK",4,4,528,"MD","",6.81,"S","PHILADELPHIA AVE",0,"F","S",110,"MU","","BAYSHORE DR",38.35591804,-75.07563114,1,5,2,"F",1,3,NA,1,8,1,2,51,"P",0,NA,0,"",NA,"N",NA,1,NA,"04-FEB-94","6b6ba915-0f9b-4226-b40d-8d6aa9f208ad","","","","","A"
"CTX3240008",1,23,115,2,8,2,4,1,4,0,0,"08-21-2015","19:35:00","300","N","N","OCEANCITY","UNK",4,4,528,"MD","",6.81,"S","PHILADELPHIA AVE",0,"F","S",110,"MU","","BAYSHORE DR",38.35591804,-75.07563114,1,5,2,"F",1,3,NA,1,8,1,2,51,"P",0,NA,0,"",NA,"N",NA,1,NA,"05-SEP-94","ab8a11e6-8e61-4dd5-a118-27787370ff19","","","","","A"
"CTX328000M",6.02,23,115,0,11,2,2,1,2,0,7.01,"06-05-2016","07:57:00","0400","Y","N","OCEANCITY","UNK",1,3,378,"MD","",0.75,"N","BALTIMORE AVE",0,"F","N",9040,"MU","","5TH ST",38.33632095,-75.08366704,2,3,1,"M",2,3,NA,3,6,1,1,51,"P",0,NA,0,"",NA,"Y",NA,1,NA,"01-MAY-97","cc75238a-39c0-44e5-b067-3cc6640469d0","PA","","","",""