"REPORT_NO","LIGHT_CODE","COUNTY_NO","MUNI_CODE","JUNCTION_CODE","COLLISION_TYPE_CODE","SURF_COND_CODE","LANE_CODE","RD_COND_CODE","RD_DIV_CODE","FIX_OBJ_CODE","WEATHER_CODE","ACC_DATE","ACC_TIME","LOC_CODE","SIGNAL_FLAG","C_M_ZONE_FLAG","AGENCY_CODE","AREA_CODE","HARM_EVENT_CODE1","HARM_EVENT_CODE2","RTE_NO","ROUTE_TYPE_CODE","RTE_SUFFIX","LOG_MILE","LOGMILE_DIR_FLAG","MAINROAD_NAME","DISTANCE","FEET_MILES_FLAG","DISTANCE_DIR_FLAG","REFERENCE_NO","REFERENCE_TYPE_CODE","REFERENCE_SUFFIX","REFERENCE_ROAD_NAME","LATITUDE","LONGITUDE","drv","occ","ped","SEX_CODE","CONDITION_CODE","INJ_SEVER_CODE","OCC_SEAT_POS_CODE","PED_VISIBLE_CODE","PED_LOCATION_CODE","PED_OBEY_CODE","PED_TYPE_CODE","MOVEMENT_CODE","PERSON_TYPE","ALCOHOL_TEST_CODE","ALCOHOL_TESTTYPE_CODE","DRUG_TEST_CODE","DRUG_TESTRESULT_CODE","BAC_CODE","FAULT_FLAG","EQUIP_PROB_CODE","SAF_EQUIP_CODE","EJECT_CODE","DATE_OF_BIRTH","PERSON_ID","LICENSE_STATE_CODE","CLASS","CDL_FLAG","VEHICLE_ID","EMS_UNIT_LABEL"
"CTX3310004",3,23,115,0,11,2,4,1,4,0,6.01,"07-18-2016","22:00:00","0209","N","N","OCEANCITY","UNK",4,0,528,"MD","",3.49,"S","COASTAL HWY",100,"F","N",9435,"MU","","83RD ST",38.44498362,-75.0476034,1,0,1,"F",0,3,NA,99,3,0,2,54,"P",0,NA,0,"",NA,"Y",NA,1,NA,"30-DEC-92  00:00:00","14080817-741b-46a8-ae75-cb0bbe705c0a","","N/A","","",""
"DA1482000F",3,16,NA,0,17,2,2,1,3,0,6.01,"02-28-2015","21:48:00","","N","N","PGCOPD","UNK",3,0,337,"MD","",0.285,"N","ALLENTOWN RD",900,"F","N",6435,"CO","","LEON ST",38.80774431,-76.89916849,1,0,1,"M",2,5,NA,3,6,0,1,88,"P",3,2,3,"U",NA,"",NA,0,NA,"06-OCT-64","033cd930-b993-4be9-9e16-41054cbe9a42","","","","","A"
"DA1482000T",3,16,128,2,17,2,1,1,4,0,6.01,"04-24-2016","21:21:00","","Y","N","PGCOPD","UNK",3,0,201,"MD","",4.38,"N","KENILWORTH AVE",0,"F","N",5409,"CO","","RIVER RD",38.9672004,-76.91813707,1,0,1,"M",99,5,NA,2,6,0,1,51,"P",0,NA,0,"",NA,"Y",NA,0,NA,"08-SEP-61","9b60caa9-e4e8-40ec-9c12-fd06fbc1716a","","","","","A"
"DA1482000X",1,16,0,1,17,2,3,1,4,0,7.01,"09-21-2016","14:26:00","","N","N","PGCOPD","UNK",3,0,214,"MD","",0.96,"E","CENTRAL AVE",100,"F","W",0,"UU","","ENT TO METRO STATION",38.88699097,-76.89629316,1,0,1,"F",99,5,NA,3,5,1,1,52,"P",0,2,0,"",NA,"N",NA,0,NA,"08-APR-91  00:00:00","e454c6a1-9cab-4603-bd14-3e7abc28c312","","","","",""
"DA14820012",4,16,11,1,17,2,2,1,4,0,6.01,"1/31/2017","6:20:00","","N","N","PGCOPD","UNK",3,0,201,"MD","",2.4,"N","KENILWORTH AVE",500,"F","S",150,"MU","","UPSHUR ST",38.94276325,-76.93365097,1,0,1,"M",99,5,NA,2,99,0,1,88,"P",88,88,88,"",0,"U",NA,0,NA,"1-Jan-65","2f20e02b-37d2-47e4-acb7-abd17bd5ed98","","","","",""
"DA21080002",1,16,0,0,88,2,1,1,4,88,6.01,"09-29-2015","07:17:00","","N","N","PGCOPD","UNK",3,0,193,"MD","",8.16,"E","GREENBELT RD",0,"F","E",0,"UU","","BRAE BROOK (ENT TO APTS)",38.99121219,-76.85832247,1,0,1,"M",1,3,NA,3,3,0,1,63.88,"P",99,0,0,"",NA,"U",NA,0,NA,"12-JAN-93","0db25c2c-8ac1-45c0-8c96-6f20e16c9bcf","","","","","A"
"DA2260000B",4,16,NA,2,2,1,NA,1,1,11,6.01,"01-29-2015","20:00:00","","N","N","PGCOPD","UNK",3,9,5,"MD","",15.11,"N","BRANCH AVE",0,"F","N",NA,"UU","","SPUR FR RAMP 2 (FR SUITLAND PKWY)",38.85285153,-76.95627809,1,0,1,"M",1,5,NA,1,3,1,1,53,"P",0,NA,0,"",NA,"",NA,1,NA,"10-DEC-95","a931d159-04aa-4242-b495-f0debb20dfc7","","","","","A"
"DA2260000G",4,16,NA,1,11,2,2,1,4,6,6.01,"03-23-2015","06:40:00","","N","N","PGCOPD","UNK",3,9,704,"MD","",5.65,"E","MARTIN LUTHER KING JR HWY",30,"F","E",NA,"UU","","PARLIMENT PL",38.95089878,-76.83704853,1,0,1,"F",1,4,NA,2,6,1,1,52,"P",0,NA,0,"",NA,"",NA,1,NA,"04-NOV-96","3f06110c-51c6-4ca5-bed0-d0744a07f796","","","","","A"
"DA2260000H",4,16,NA,1,17,2,2,3,4,0,7.01,"05-09-2015","02:43:00","","N","Y","PGCOPD","UNK",3,0,5,"MD","",14.97,"N","BRANCH AVE",300,"F","N",NA,"UU","","ENT TO METRO STATION",38.84988538,-76.95428252,1,0,1,"M",1,4,NA,1,2,1,1,99,"P",0,NA,0,"",NA,"",NA,1,NA,"26-SEP-93","aa3a3c73-380e-40e7-b287-65965c27e5de","","","","","A"
"DA2260000M",3,16,0,1,11,2,1,1,4,0,6.01,"08-12-2015","21:33:00","","N","N","PGCOPD","UNK",3,0,450,"MD","",3.34,"E","ANNAPOLIS RD",200,"F","W",845,"CO","","GALLATIN ST",38.94952206,-76.88677669,1,3,1,"M",2,4,NA,1,6,1,1,52,"P",0,NA,0,"",NA,"Y",NA,1,NA,"27-AUG-89","dde8522a-aec6-4666-8c60-cbdae6023137","","","","","A"
"DA2260000T",1,16,0,2,2,2,1,1,4,0,6.01,"06-24-2016","12:30:00","","Y","N","PGCOPD","UNK",3,0,193,"MD","",17.51,"E","WATKINS PARK DR",0,"F","E",3574,"CO","","CHESTERTON DR",38.89788529,-76.79045722,1,0,1,"M",1,5,NA,1,5,2,1,51,"P",0,NA,0,"",NA,"N",NA,1,NA,"31-JAN-40","2f88a77b-473f-4245-bc12-ac2fa169dbce","","","","","A"
"DA2260000Y",3,16,0,1,11,2,3,1,4,0,6.01,"07-17-2016","02:06:00","","N","N","PGCOPD","UNK",3,0,193,"MD","",0.91,"E","UNIVERSITY BLVD",300,"F","E",212,"MD","","RIGGS RD",38.98368384,-76.97823197,1,0,1,"M",1,5,NA,2,6,1,1,52,"P",0,NA,0,"",NA,"Y",NA,1,NA,"15-JUN-96  00:00:00","d902c5d1-52be-485e-b26b-bb9c89da0ca4","","","","",""
"DA2260000Z",3,16,0,2,11,2,2,1,4,0,6.01,"08-11-2016","01:38:00","","Y","N","PGCOPD","UNK",3,0,202,"MD","",10.61,"N","LANDOVER RD",0,"F","N",1213,"OP","","KENMOOR DR",38.92346788,-76.86872005,1,0,1,"M",1,4,NA,1,9.05,1,1,51,"P",0,NA,0,"",NA,"N",NA,1,NA,"28-NOV-88  00:00:00","920cebfd-b1f3-4e10-ad62-3efc6a76c996","","","","","B"
"DA24470005",6.02,16,0,1,17,2,1,1,4,0,6.01,"07-15-2015","19:01:00","","N","N","PGCOPD","UNK",3,0,450,"MD","",4.22,"E","ANNAPOLIS RD",500,"F","W",302,"CO","","RIVERDALE RD",38.956372,-76.87129498,1,0,1,"F",99,4,NA,2,6,1,1,52,"P",0,NA,0,"",NA,"Y",NA,1,NA,"18-MAR-76","36547692-1dfa-41a9-8a6d-f495480ba867","MD","","","","A"
"DA24470006",1,16,0,2,17,2,1,1,1,0,6.01,"07-17-2015","16:31:00","","N","N","PGCOPD","UNK",3,0,218,"MD","",0.87,"E","SUITLAND RD",0,"F","E",54,"CO","","ARNOLD RD",38.85347817,-76.93732023,1,0,1,"M",99,5,NA,3,6,1,1,52,"P",0,NA,0,"",NA,"Y",NA,0,NA,"10-JAN-63","6b7e1b1a-d4e5-4311-9fd3-546b87d019d9","VA","","","","A"
"DA2447000B",3,16,0,1,17,2,1,1,4,0,6.01,"10/28/2016","21:33:00","","N","N","PGCOPD","UNK",3,0,414,"MD","",4.269,"E","ST BARNABAS RD",300,"F","W",1728,"CO","","LEISURE DR",38.82944481,-76.94211602,1,0,1,"M",99,4,NA,2,6,1,1,52,"P",0,NA,0,"",NA,"Y",NA,0,NA,"1-Sep-83","8b0b85bc-59c7-4156-96c5-c774648ebdf1","MD","ID","","","A"
"DA2566000D",3,16,0,2,3,4,3,4,4,0,8.04,"01-21-2016","05:30:00","","N","N","PGCOPD","UNK",1,3,212,"MD","",1.42,"N","RIGGS RD",0,"F","N",682,"CO","","AMHERST RD",38.97442398,-76.97939873,1,1,1,"M",1,3,NA,2,6,1,1,56,"P",0,NA,0,"",NA,"N",NA,0,NA,"12-JAN-54","7002cab5-f7e1-4a05-8c03-8f9d5c87b870","","","","","A"
"DA2566000K",6.02,16,0,9.04,11,2,NA,1,3,0,7.01,"03-04-2016","17:48:00","","N","N","PGCOPD","UNK",4,0,212,"MD","",0.024,"N","RIGGS RD",0,"F","S",0,"UU","","ENT TO BUSINESS",38.96163625,-76.99670166,1,0,1,"M",1,3,NA,2,8,0,2,54,"P",0,NA,0,"",NA,"Y",NA,1,NA,"29-OCT-96","67ebc0eb-5b6b-4aed-a2a9-c7cac023aa88","","","","","A"
"DA26820004",4,16,NA,0,17,1,2,1,2,0,3,"04-08-2015","00:27:00","","N","Y","PGCOPD","UNK",3,0,5,"MD","",14.75,"N","BRANCH AVE",50,"F","N",637,"MD","","NAYLOR RD",38.84874066,-76.95339203,1,0,1,"F",1,4,NA,2,6,1,1,52,"P",0,NA,0,"",NA,"",NA,0,NA,"16-APR-81","c091e107-de56-455d-9dde-668568591459","","","","","A"
"DA2720000G",1,16,0,3,11,1,3,3,4,0,0,"08-11-2015","08:25:00","","N","N","PGCOPD","UNK",3,0,5,"MD","",14.67,"N","BRANCH AVE",NA,"F","N",605,"CO","","CURTIS DR",38.84742046,-76.95250154,1,1,1,"M",99,4,NA,3,6,1,1,52,"P",0,NA,0,"",NA,"Y",NA,1,NA,"20-MAR-87","3653f6a5-6f7f-42be-bf6a-5e1d10681cf7","","","","","A"
"DA2774000Q",4,16,0,1,88,1,3,1,4,0,3,"08-10-2015","22:47:00","","N","N","PGCOPD","UNK",3,3,210,"MD","",10.54,"N","INDIAN HEAD HWY",NA,"M","S",3645,"CO","","PALMER RD",38.77314024,-76.99597478,2,0,1,"M",99,5,NA,2,6,1,1,99,"P",88,2,88,"U",NA,"Y",NA,1,NA,"07-JAN-85","4a283b59-1bfa-4ed0-9652-1eef06789c78","MD","C, VALID","","",""
"DA2774000S",4,16,0,1,17,2,2,1,4,0,6.01,"09-19-2015","03:56:00","","N","N","PGCOPD","UNK",3,0,450,"MD","",2.2,"E","ANNAPOLIS RD",280,"F","E",332,"CO","","COOPER LA",38.9424378,-76.90290749,1,0,1,"F",1,4,NA,3,6,1,1,52,"P",0,NA,0,"",NA,"Y",NA,0,NA,"03-APR-82","ff536f58-c90f-40b6-9523-15d04fe92c5f","","","","","A"
"DA2774000Z",3,16,0,1,17,2,1,1,4,0,0,"11/5/2016","22:44:00","","N","N","PGCOPD","UNK",3,0,202,"MD","",11.46,"N","LANDOVER RD",240,"F","N",3290,"CO","","DODGE PARK RD",38.92697139,-76.88352317,1,0,1,"M",1,5,NA,2,6,1,1,52,"P",0,NA,0,"",NA,"Y",NA,1,NA,"26-Jan-87","1d256d75-3b30-4a33-8b2b-d88847a934cd","MD","ID","","","A"
"DA2779000H",6.02,16,0,3,9,2,1,1,4,0,6.01,"08-23-2016","19:49:00","","Y","N","PGCOPD","UNK",3,0,197,"MD","",13.54,"N","LAUREL BOWIE RD",1,"F","S",2645,"CO","","BRIARWOOD DR",39.08214367,-76.84786856,1,0,2,"F",1,3,NA,1,16.05,99,1,51,"P",0,NA,0,"",NA,"N",NA,1,NA,"08-JAN-95  00:00:00","e949b0c9-6f91-4106-8962-d6b6a7a78e24","","","","","A"
"DA2779000H",6.02,16,0,3,9,2,1,1,4,0,6.01,"08-23-2016","19:49:00","","Y","N","PGCOPD","UNK",3,0,197,"MD","",13.54,"N","LAUREL BOWIE RD",1,"F","S",2645,"CO","","BRIARWOOD DR",39.08214367,-76.84786856,1,0,2,"M",1,3,NA,1,16.05,99,88,51,"P",0,NA,0,"",NA,"N",NA,1,NA,"11-JAN-15  00:00:00","de1b46f8-bbfe-462d-9c3b-ab28a8d21dc7","","","","","B"
"DA28090006",3,16,NA,1,3,2,1,1,4,0,6.01,"02-21-2015","02:06:00","","N","N","PGCOPD","UNK",1,0,202,"MD","",13.28,"N","LANDOVER RD",30,"F","N",59,"MU","","CHEVERLY AVE",38.93414274,-76.91347003,1,0,1,"M",1,3,NA,2,6,0,88,57,"P",0,NA,0,"",NA,"N",NA,0,NA,"12-JUL-79","8b3f7b6d-9934-48f5-a6eb-b267868bfe1d","MD","C","","","A"
"DA28240004",0,16,0,0,88,1,1,88,3,0,12.04,"01-28-2016","15:12:00","","N","N","PGCOPD","UNK",3,3,223,"MD","",7.75,"N","WOODYARD RD",10,"F","N",918,"CO","","CLAYTON LA",38.7701645,-76.88019924,1,0,1,"M",1,3,NA,0,88,0,1,56,"P",0,NA,0,"",NA,"N",NA,1,NA,"23-DEC-48","4f61dbad-8d93-425d-9bc1-b3bacb25d85c","","","","","A"
"DA2943000T",3,16,0,1,88,2,3,1,4,0,0,"09-30-2015","23:50:00","113","N","N","PGCOPD","UNK",3,0,212,"MD","",1.94,"N","RIGGS RD",20,"F","S",692,"CO","","DREXEL ST",38.9825517,-76.97931021,1,0,1,"F",1,3,NA,0,3,0,1,0,"P",0,NA,0,"",NA,"N",NA,0,NA,"14-MAR-91","6d8af216-b4bc-4100-a4c3-4d1480da5792","","","","","A"
"DA2943000W",3,16,0,2,88,2,1,1,4,0,0,"10-15-2015","18:50:00","","N","N","PGCOPD","UNK",3,0,650,"MD","",2.03,"N","NEW HAMPSHIRE AVE",0,"F","N",670,"CO","","LEBANON ST",38.9915249,-76.98730052,1,0,1,"M",2,3,NA,2,10.88,1,1,52,"P",0,NA,0,"",NA,"Y",NA,0,NA,"17-MAR-70","fa1575ca-4bb1-44c3-9016-4a8e1d14a57f","","","","","A"
"DA2988001B",3,16,11,1,17,2,2,1,1,0,6.01,"10-16-2015","23:48:00","","Y","N","PGCOPD","UNK",3,0,450,"MD","",0.39,"E","ANNAPOLIS RD",33,"F","E",0,"UU","","BLADENSBURG LIBRARY",38.93942949,-76.9345133,1,0,1,"M",2,5,NA,3,6,1,1,52,"P",0,NA,0,"",NA,"Y",NA,1,NA,"21-DEC-73","23cc8ef5-99df-423f-bb8c-bc58801a93bc","MD","ID","","",""
"DA2988001J",4,16,0,0,17,1,1,1,3,0,3,"12-14-2015","18:33:00","","Y","N","PGCOPD","UNK",3,0,4,"MD","",11.92,"N","PENNSYLVANIA AVE",320,"F","N",458,"MD","","SILVER HILL RD",38.85347712,-76.90913558,1,0,1,"M",1,5,NA,2,6,1,1,52,"P",0,NA,0,"",NA,"Y",NA,0,NA,"12-JUL-76","c40cba52-8084-4dec-9858-547c9fc43f1e","MD","ID","","","A"
"DA2988001V",4,16,0,1,17,0,4,1,4,0,6.01,"10/12/2016","22:27:00","","N","N","PGCOPD","UNK",3,0,450,"MD","",3.93,"E","ANNAPOLIS RD",108,"F","E",5738,"CO","","W LANHAM DR",38.88769351,-76.88976869,1,0,1,"M",99,5,NA,2,6,1,1,52,"P",0,NA,0,"",NA,"Y",NA,1,NA,"14-Jan-69","9670b7f9-d4e3-477a-84de-b6c433a47365","","","","",""
"DA29880025",3,16,0,0,17,2,1,1,3,0,6.01,"6/11/2017","2:12:00","","N","N","PGCOPD","UNK",3,0,212,"MD","",1.79,"N","RIGGS RD",281,"F","S",1654,"CO","","DREXEL ST",38.97955343,-76.97844788,1,0,1,"M",99,4,NA,3,6,1,1,52,"P",0,NA,0,"",NA,"Y",NA,0,NA,"2-Mar-86","d6ecd176-8138-4a73-9a1c-18c9c0695820","OH","D","","","A"
"DA30330004",1,16,0,1,17,2,3,1,4,0,6.01,"07-16-2015","18:42:00","","N","N","PGCOPD","UNK",3,0,214,"MD","",0.96,"E","CENTRAL AVE",15,"F","E",0,"UU","","ENT TO METRO STATION",38.88698262,-76.8961215,1,0,1,"F",1,3,NA,0,9.05,1,1,52,"P",0,NA,0,"",NA,"N",NA,0,NA,"20-FEB-78","3ef1e634-b0b6-4e02-9198-c98cc8ebc585","DC","d","","","A"
"DA3035000G",1,16,0,88,17,2,3,1,4,0,6.01,"07-21-2015","14:55:00","","Y","Y","PGCOPD","UNK",3,0,193,"MD","",0.17,"E","UNIVERSITY BLVD",10,"F","W",0,"UU","","ENT TO BUSINESS",38.99083694,-76.98955894,1,0,1,"M",1,3,NA,3,5,88,1,52,"P",0,NA,0,"",NA,"Y",NA,0,NA,"13-JAN-09","60526abd-79f4-42ab-b451-7bcb42a2e4ee","","","","","A"
"DA3093000B",3,16,NA,0,17,7.01,2,1,1,0,3,"04-14-2015","20:29:00","","N","N","PGCOPD","UNK",3,0,414,"MD","",1.039,"E","OXON HILL RD",810,"F","E",1203,"CO","","LIVINGSTON RD",38.803659,-76.988222,1,0,1,"M",2,4,NA,2,6,1,1,52,"P",88,2,88,"U",NA,"",NA,1,NA,"07-AUG-61","da4760f7-9a29-4d11-8eb3-8e386244bd43","","","","","A"
"DA3093000K",3,16,0,9.04,17,1,1,0,1,0,2,"02-03-2016","20:43:00","","N","N","PGCOPD","UNK",3,0,223,"MD","",6.49,"N","PISCATAWAY RD",200,"F","N",3356,"CO","","ABSHER LA",38.76472502,-76.90141082,1,0,1,"M",99,5,NA,2,6,1,1,51,"P",99,88,99,"U",NA,"Y",NA,1,NA,"01-OCT-44","c0949155-3aba-4509-95b4-f48a6b5049c4","MD","C","","",""
"DA3093000N",3,16,0,2,3,2,2,1,1,4,6.01,"10/8/2016","3:05:00","","Y","N","PGCOPD","UNK",3,1,414,"MD","",2.819,"E","ST BARNABAS RD",0,"F","E",1838,"CO","","WINSTON ST",38.81558013,-76.96271468,1,0,1,"F",99,5,NA,2,6,0,1,99,"P",99,NA,99,"",NA,"N",NA,1,NA,"4-Apr-93","256644f0-b511-4db1-98cf-25bf1a90c05e","","","","",""
"DA3111000V",1,16,0,0,17,2,1,1,4,0,6.01,"3/5/2017","10:55:00","RA 124","Y","N","PGCOPD","UNK",3,0,212,"MD","",1.26,"N","RIGGS RD",0.1,"M","S",410,"MD","","EAST WEST HWY",38.97143371,-76.98030263,1,0,1,"M",1,4,NA,3,5,1,1,52,"P",0,NA,0,"",NA,"N",NA,1,NA,"15-Sep-71","71f14801-b283-4755-b53a-9c3afcc7caaa","","","","","A"
"DA3119000G",4,16,0,2,17,2,1,1,4,0,6.01,"08-21-2015","22:16:00","","Y","N","PGCOPD","UNK",3,0,193,"MD","",17.51,"E","WATKINS PARK DR",0,"F","E",3574,"CO","","CHESTERTON DR",38.89780492,-76.79063559,1,0,1,"M",99,4,NA,3,9.05,3,1,51,"P",88,2,88,"",NA,"Y",NA,1,NA,"06-AUG-84","9349643a-5937-42ae-b49e-3687c369332f","","","","","A"
"DA3119000N",1,16,0,2,17,2,1,1,4,0,6.01,"03-15-2016","18:26:00","","Y","N","PGCOPD","UNK",3,0,5,"MD","",14.03,"N","BRANCH AVE",0,"F","N",458,"MD","","SILVER HILL RD",38.83940573,-76.94630429,1,1,1,"M",99,5,NA,3,9.05,3,1,51,"P",99,NA,99,"",NA,"Y",NA,1,NA,"24-DEC-94","27ec0579-d956-4a2e-81f2-03f3edeff68e","","","","","A"
"DA3119000P",3,16,0,3,17,2,3,1,4,0,6.01,"03-15-2016","20:38:00","","Y","N","PGCOPD","UNK",3,0,650,"MD","",3.16,"N","NEW HAMPSHIRE AVE",100,"F","S",0,"UU","","MONTGOMERY CO/L",39.00663644,-76.98018327,1,0,1,"M",99,4,NA,3,6,0,1,52,"P",99,NA,99,"",NA,"Y",NA,1,NA,"15-DEC-74","fa18f814-c955-4a43-a019-c2abdb17fa19","","","","","A"
"DA3119000Q",1,16,0,1,17,2,NA,1,4,4,6.01,"07-20-2016","16:19:00","","N","N","PGCOPD","UNK",9,3,214,"MD","",0.96,"E","CENTRAL AVE",0,"F","E",0,"UU","","ENT TO METRO STATION",38.88705778,-76.89626098,1,1,1,"M",1,5,NA,3,12.88,1,1,56,"P",88,2,88,"U",NA,"N",NA,0,NA,"13-FEB-99  00:00:00","5716abfd-978f-4545-9f62-a0435f868021","","","","",""
"DA3119000X",4,16,0,1,88,2,1,1,4,0,6.01,"1/25/2017","19:41:00","","N","N","PGCOPD","UNK",3,0,228,"MD","",0.1,"E","BERRY RD",150,"F","W",0,"UU","","SPUR TO MD 210",38.66523986,-77.01706164,3,0,1,"M",99,5,NA,3,6,1,1,99,"P",3,2,3,"",NA,"Y",NA,1,NA,"10-Apr-58","d628357a-919d-4170-a791-018cc12f6d2f","","","","",""
"DA31750014",3,16,0,1,0,2,2,1,5.01,0,6.01,"10/5/2016","21:03:00","604","N","N","PGCOPD","UNK",3,0,414,"MD","",1.068,"E","OXON HILL RD",10,"F","E",0,"UU","","ENT TO BUSINESS",38.80355977,-76.98780209,1,1,1,"F",2,3,NA,2,6,1,1,52,"P",0,NA,0,"",NA,"Y",NA,1,NA,"14-Nov-74","eaeab54c-e74c-4efd-aeaa-7541ce25108a","","","","","A"
"DA31980009",4,16,NA,3,11,2,3,1,4,0,6.01,"01-23-2015","05:58:00","","N","N","PGCOPD","UNK",3,3,202,"MD","",10.73,"N","LANDOVER RD",0,"F","N",1227,"CO","","MATTHEW HENSON AVE",38.92451905,-76.87053122,3,0,1,"F",99,5,NA,2,6,1,1,51,"P",0,NA,0,"",NA,"",NA,1,NA,"30-JUL-61","27c5ac60-1482-4b74-96b1-e74242c26f4f","MD","C","","",""
"DA3198000J",3,16,0,2,17,2,1,1,3,0,6.01,"11-24-2015","06:28:00","","N","N","PGCOPD","UNK",3,0,212,"MD","",6.53,"N","POWDER MILL RD",0,"F","N",1925,"CO","","BOXER RD",39.03494874,-76.94937676,1,3,1,"M",99,5,NA,3,6,1,1,51,"P",0,NA,0,"",NA,"Y",NA,1,NA,"07-JAN-51","11ade427-6930-4131-a00f-8bdb4d97f75d","MD","C","","","A"
"DA3198000L",3,16,0,0,17,2,1,1,4,0,88,"05-04-2016","21:48:00","","Y","N","PGCOPD","UNK",3,0,410,"MD","",1.3,"E","EAST WEST HWY",27,"F","E",680,"CO","","23RD AVE",38.96889688,-76.97279647,1,1,1,"F",99,5,NA,2,5,3,1,51,"P",0,NA,0,"",NA,"Y",NA,1,NA,"28-FEB-00","f7218725-2b49-44a6-991c-e8239a5c2120","","","","","A"
"DA3198000X",4,16,0,1,17,99,NA,1,4,0,99,"5/19/2017","0:42:00","","N","N","PGCOPD","UNK",3,0,210,"MD","",4.76,"N","INDIAN HEAD HWY",0.28,"M","N",154,"CO","","FARMINGTON RD",38.68916946,-76.99074984,1,0,1,"F",1,5,NA,3,99,1,1,53,"P",0,NA,0,"",NA,"Y",NA,0,NA,"28-Feb-78","76743d10-8ae4-4859-b649-909f489bfa21","","","","",""
"DA3244000C",1,16,NA,11.04,17,2,1,1,1,0,6.01,"05-15-2015","18:57:00","","N","N","PGCOPD","UNK",3,0,208,"MD","",0.42,"N","38TH ST",75,"F","N",31,"MU","","BUNKER HILL RD #1",38.93961726,-76.9560957,1,1,1,"M",1,3,NA,3,6,1,1,52,"P",0,NA,0,"",NA,"",NA,1,NA,"04-OCT-38","71fc9623-bfe6-47ca-a718-b693af73b5a8","","","","","A"
"DA3244000N",4,16,0,1,17,1,NA,1,4,0,7.01,"05-11-2016","22:07:00","A5","N","N","PGCOPD","UNK",3,3,410,"MD","",1.3,"E","EAST WEST HWY",NA,"M","E",680,"CO","","23RD AVE",38.96841828,-76.97062254,1,0,2,"F",1,3,NA,2,1,0,1,53,"P",0,NA,0,"",NA,"N",NA,0,NA,"08-NOV-97","71d77d7d-1067-4699-a8f2-f99637787006","","","","","A"
"DA3244000N",4,16,0,1,17,1,NA,1,4,0,7.01,"05-11-2016","22:07:00","A5","N","N","PGCOPD","UNK",3,3,410,"MD","",1.3,"E","EAST WEST HWY",NA,"M","E",680,"CO","","23RD AVE",38.96841828,-76.97062254,1,0,2,"M",1,3,NA,2,1,0,1,53,"P",0,NA,0,"",NA,"N",NA,0,NA,"01-JUL-98","c1317323-ecca-45a4-965c-6753b225a92c","","","","","A"
"DA3352000X",3,16,0,2,88,2,3,1,4,0,6.01,"10/18/2016","23:02:00","","Y","N","PGCOPD","UNK",3,0,214,"MD","",2.8,"E","CENTRAL AVE",0,"F","E",5730,"CO","","GARRETT A MORGAN BLVD",38.88977186,-76.86293721,1,0,1,"M",NA,4,NA,2,9.05,1,1,51,"P",0,NA,0,"",NA,"N",NA,1,NA,"15-Dec-89","a735b908-91f6-439a-83b5-2128a184b556","","","","","A"
"DA3354000G",6.02,16,0,2,17,2,1,1,4,0,6.01,"06-22-2016","20:30:00","","Y","N","PGCOPD","UNK",4,0,210,"MD","",11.54,"N","INDIAN HEAD HWY",0,"F","N",1203,"CO","","LIVINGSTON RD",38.76889302,-76.99481204,1,0,1,"M",1,3,NA,1,1,0,2,54,"P",0,NA,0,"",NA,"N",NA,1,NA,"03-NOV-94","c9b2dac9-1375-4b58-a40f-5b92adf9c633","","","","","A"
"DA33700003",3,16,0,1,17,1,2,1,1,0,0,"04-04-2016","21:24:00","","N","N","PGCOPD","UNK",3,0,218,"MD","",1.23,"E","SUITLAND RD",50,"F","E",3640,"CO","","SHADYSIDE AVE",38.85174028,-76.93103313,1,0,1,"M",1,3,NA,1,4,1,1,52,"P",1,NA,0,"",NA,"Y",NA,0,NA,"26-MAY-90","7fdcbfdc-c79c-4da4-b50d-e70ddef28fa1","","","","","A"
"DA3383000H",6.02,16,0,1,0,0,1,1,2,0,6.01,"06-05-2016","19:00:00","","N","N","PGCOPD","UNK",3,0,193,"MD","",0.52,"E","UNIVERSITY BLVD",100,"F","E",908,"CO","","14TH AVE",38.98678409,-76.98443055,1,0,1,"M",NA,3,NA,0,6,0,1,52,"P",0,NA,0,"",NA,"Y",NA,0,NA,"01-APR-85","7fe0a4f9-6843-490c-8b23-29cb2bb6ac8a","","","","",""
"DA34030003",1,16,NA,3,8,4,1,1,1,88,6.01,"01-17-2015","14:19:00","16","N","N","PGCOPD","UNK",4,0,197,"MD","",7.92,"N","LAUREL BOWIE RD",0,"M","N",5199,"CO","","OLD LAUREL BOWIE RD",39.03245274,-76.78653717,1,0,1,"M",1,3,NA,1,1,1,2,53,"P",0,NA,0,"",NA,"",NA,21,NA,"23-MAR-56","254d07e6-7297-4762-a039-d7d272341401","","","","","A"