"REPORT_NO","LIGHT_CODE","COUNTY_NO","MUNI_CODE","JUNCTION_CODE","COLLISION_TYPE_CODE","SURF_COND_CODE","LANE_CODE","RD_COND_CODE","RD_DIV_CODE","FIX_OBJ_CODE","WEATHER_CODE","ACC_DATE","ACC_TIME","LOC_CODE","SIGNAL_FLAG","C_M_ZONE_FLAG","AGENCY_CODE","AREA_CODE","HARM_EVENT_CODE1","HARM_EVENT_CODE2","RTE_NO","ROUTE_TYPE_CODE","RTE_SUFFIX","LOG_MILE","LOGMILE_DIR_FLAG","MAINROAD_NAME","DISTANCE","FEET_MILES_FLAG","DISTANCE_DIR_FLAG","REFERENCE_NO","REFERENCE_TYPE_CODE","REFERENCE_SUFFIX","REFERENCE_ROAD_NAME","LATITUDE","LONGITUDE","drv","occ","ped","SEX_CODE","CONDITION_CODE","INJ_SEVER_CODE","OCC_SEAT_POS_CODE","PED_VISIBLE_CODE","PED_LOCATION_CODE","PED_OBEY_CODE","PED_TYPE_CODE","MOVEMENT_CODE","PERSON_TYPE","ALCOHOL_TEST_CODE","ALCOHOL_TESTTYPE_CODE","DRUG_TEST_CODE","DRUG_TESTRESULT_CODE","BAC_CODE","FAULT_FLAG","EQUIP_PROB_CODE","SAF_EQUIP_CODE","EJECT_CODE","DATE_OF_BIRTH","PERSON_ID","LICENSE_STATE_CODE","CLASS","CDL_FLAG","VEHICLE_ID","EMS_UNIT_LABEL"
"DA34280007",3,16,NA,2,17,2,3,1,4,0,6.01,"01-18-2015","20:30:00","0111","Y","N","PGCOPD","UNK",3,0,193,"MD","",0.91,"E","UNIVERSITY BLVD",0,"F","E",212,"MD","","RIGGS RD",38.954926,-76.945542,1,0,1,"F",1,3,NA,2,5,3,1,51,"P",0,NA,0,"",NA,"",NA,0,NA,"16-OCT-72","431cc3c1-1981-46fb-a508-777c25390ee2","","n/a","","","A"
"DA3428000V",3,16,0,1,88,2,1,1,4,0,6.01,"02-12-2016","06:00:00","0124","N","N","PGCOPD","UNK",3,0,212,"MD","",0.85,"N","RIGGS RD",10,"F","S",438,"CO","","RED TOP RD",38.990048,-76.973895,1,0,1,"M",99,3,NA,2,6,1,1,88,"P",0,NA,0,"",NA,"Y",NA,1,NA,"21-SEP-64","efb7e704-9975-48cb-ad65-4a5614c938c2","","","","","A"
"DA34320017",1,16,0,3,17,2,2,1,1,0,6.01,"10-27-2015","07:48:00","","Y","N","PGCOPD","UNK",3,3,223,"MD","",6.49,"N","PISCATAWAY RD",50,"F","N",3356,"CO","","ABSHER LA",38.76446569,-76.90268755,1,0,1,"M",1,3,NA,3,6,99,1,51,"P",0,NA,0,"",NA,"N",NA,1,NA,"06-NOV-98","ea16d856-7fd1-420d-9f33-53a0d3b8ce55","MD","","","","A"
"DA3452000K",3,16,128,2,88,2,3,1,4,0,6.01,"12-15-2015","19:45:00","","N","N","PGCOPD","UNK",4,0,410,"MD","",4.37,"E","RIVERDALE RD",0,"F","E",317,"CO","","58TH AVE",38.9599886,-76.91761538,1,0,1,"M",2,3,NA,3,9.05,1,2,51,"P",0,NA,0,"",NA,"N",NA,1,NA,"09-JUL-66","0d97d296-2809-425b-8550-4dcb83e821f4","MD","C","","","A"
"DA3456000F",1,16,NA,0,88,2,2,1,3,0,6.01,"04-18-2015","13:18:00","RA110","Y","N","PGCOPD","UNK",3,0,212,"MD","",2.09,"N","RIGGS RD",10,"F","N",193,"MD","","UNIVERSITY BLVD",38.98401743,-76.97931558,1,0,2,"M",1,3,NA,3,5,2,1,51,"P",0,NA,0,"",NA,"",NA,0,NA,"17-JAN-68","0ff44be3-1a41-4841-ab70-fbbf4fab24e9","","","","","A"
"DA3456000F",1,16,NA,0,88,2,2,1,3,0,6.01,"04-18-2015","13:18:00","RA110","Y","N","PGCOPD","UNK",3,0,212,"MD","",2.09,"N","RIGGS RD",10,"F","N",193,"MD","","UNIVERSITY BLVD",38.98401743,-76.97931558,1,0,2,"F",1,3,NA,3,5,2,1,51,"P",0,NA,0,"",NA,"",NA,0,NA,"22-JUL-70","058f8f5f-3716-4c8b-8c62-52f08a29ce16","","","","","A"
"DA3508000C",6.02,16,NA,1,3,0,1,1,4,0,6.01,"06-05-2015","18:16:00","","N","N","PGCOPD","UNK",3,0,201,"MD","",6.13,"N","KENILWORTH AVE",600,"F","N",105,"MU","","PONTIAC ST",38.98981958,-76.90648556,1,0,1,"M",1,3,NA,1,88,0,2,53,"P",0,NA,0,"",NA,"",NA,1,NA,"15-MAR-55","f9d34af2-5e53-4cfe-a247-28697479dab7","","","","","A"
"DA35220007",1,16,NA,2,88,2,1,1,4,0,0,"03-12-2015","08:40:00","","Y","N","PGCOPD","UNK",3,0,193,"MD","",4.44,"E","UNIVERSITY BLVD",0,"F","E",1291,"CO","","RHODE ISLAND AVE",38.99816649,-76.92563653,1,0,1,"M",1,3,NA,3,9.05,3,1,51,"P",0,NA,0,"",NA,"",NA,1,NA,"03-AUG-78","08f2896b-c6cd-4f38-8f09-6eb129265743","MD","C","","","A"
"DA35250007",1,16,0,3,11,2,2,1,4,0,6.01,"03-08-2016","06:35:00","","N","N","PGCOPD","UNK",3,0,704,"MD","",4.8,"E","MARTIN LUTHER KING JR HWY",10,"F","W",992,"CO","","92ND AVE",38.94340265,-76.84978098,1,0,1,"F",1,4,NA,3,6,1,1,52,"P",0,NA,0,"",NA,"Y",NA,0,NA,"28-APR-94","1d44bdc7-f915-43d6-a3b8-d1777517cd3a","","","","","A"
"DA3565000V",3,16,0,2,88,1,1,1,3,0,3,"1/21/2017","19:32:00","","Y","N","PGCOPD","UNK",4,0,410,"MD","",1.3,"E","EAST WEST HWY",0,"F","E",680,"CO","","23RD AVE",38.96875195,-76.97296277,1,0,1,"M",1,3,NA,2,9.05,3,2,51,"P",0,NA,0,"",NA,"Y",NA,1,NA,"16-Nov-99","ca958fcd-07c4-4d17-95e5-5f09bf96a058","","","","","A"
"DA3578001D",3,16,0,1,17,1,NA,0,4,0,0,"02-09-2016","05:38:00","","N","N","PGCOPD","UNK",3,0,458,"MD","",2.4,"N","SILVER HILL RD",25,"F","N",972,"MD","A","OLD SILVER HILL RD",38.85537475,-76.9059813,1,0,1,"F",1,3,NA,2,6,1,1,52,"P",0,NA,0,"",NA,"Y",NA,1,NA,"21-MAY-74","aa05e40a-44ab-4fd3-86a5-8f647ae6c79f","MD","C","","","A"
"DA3578002F",3,16,0,2,12,2,1,1,4,0,6.01,"11/22/2016","21:28:00","","Y","N","PGCOPD","UNK",4,0,458,"MD","",2.183,"N","SILVER HILL RD",0,"F","N",705,"CO","","WEST AVE",38.8527262,-76.91180706,1,0,1,"M",1,3,NA,2,11.05,3,2,51,"P",0,NA,0,"",NA,"Y",NA,1,NA,"12-Jan-96","529b5aef-9b52-4685-a5d4-36d793500bab","MD","ID","","","A"
"DA35880015",1,16,0,1,17,2,2,1,4,0,6.01,"12/9/2016","13:51:00","16","N","N","PGCOPD","UNK",3,0,223,"MD","",7.53,"N","WOODYARD RD",500,"F","S",5,"RP","","RAMP 2 FR MD 223 WB TO RAMP 3 (TO MD 5)",38.76725136,-76.88746333,1,0,1,"M",1,4,NA,1,6,99,1,52,"P",0,NA,0,"",NA,"N",NA,0,NA,"28-Dec-78","bf35455a-21be-46a5-8fe7-6fd1538a3e5e","","","","","A"
"DA3589000B",1,16,0,88,88,2,1,1,2,88,6.01,"07-22-2015","12:37:00","","N","N","PGCOPD","UNK",3,0,373,"MD","",0.269,"E","LIVINGSTON RD",0,"F","E",0,"UU","","ACCOKEEK VILLAGE CENTER",38.6700838,-77.00826734,1,0,1,"F",1,3,NA,1,2,0,1,56,"P",0,NA,0,"",NA,"N",NA,26.88,NA,"22-DEC-67","08a58b4a-091a-443d-ba15-f5f3150fb154","","","","","A"
"DA35990004",3,16,NA,1,17,2,2,1,4,0,6.01,"03-22-2015","01:12:00","16","N","N","PGCOPD","UNK",3,0,650,"MD","",1.85,"N","NEW HAMPSHIRE AVE",60,"F","N",193,"MD","","UNIVERSITY BLVD",38.99024487,-76.98745608,1,0,1,"M",2,3,NA,2,6,1,1,52,"P",0,NA,0,"",NA,"",NA,0,NA,"04-JAN-76","0762fc48-9904-42b4-adc1-da7d66277638","","","","","A"
"DA36300015",3,16,0,3,88,2,1,1,4,0,0,"10/12/2016","3:41:00","","Y","N","PGCOPD","UNK",3,0,223,"MD","",7.22,"N","PISCATAWAY RD",20,"F","N",391,"CO","","PINE VIEW LA",38.76674108,-76.88875481,1,0,1,"M",NA,3,NA,3,10.88,1,1,51,"P",0,NA,0,"",NA,"Y",NA,0,NA,"7-Jun-87","b241f53e-4fc4-49fa-9f56-d50eb369d998","","","","",""
"DA3631000X",4,16,0,1,0,2,1,1,1,0,6.01,"08-02-2015","03:53:00","","N","N","PGCOPD","UNK",3,0,501,"MD","",1.29,"E","CHILLUM RD",NA,"M","W",470,"CO","","21ST PL",38.9528011,-76.97133064,1,0,1,"M",1,3,NA,2,6,1,1,52,"P",0,NA,0,"",NA,"Y",NA,1,NA,"18-JUN-11","3c168015-7c74-4eda-af6e-c10898b9fe46","","","","","A"
"DA36410010",1,16,0,2,17,2,2,1,4,88,6.01,"06-09-2016","15:50:00","","Y","N","PGCOPD","UNK",3,0,5,"MD","",14.67,"N","BRANCH AVE",0,"F","N",605,"CO","","CURTIS DR",38.84709458,-76.95252031,1,0,1,"F",1,3,NA,1,6,3,1,62.88,"P",0,NA,0,"",NA,"Y",NA,1,NA,"24-JUN-03","a02d0d1b-c77c-415b-8ca2-6a30bfdb8d44","","","","","A"
"DA3647000Q",1,16,0,9.04,17,1,NA,1,0,4,3,"03-19-2016","18:44:00","","N","N","PGCOPD","UNK",3,3,5,"MD","",14.75,"N","BRANCH AVE",20,"F","N",637,"MD","","NAYLOR RD",38.85026869,-76.95477873,1,1,2,"M",1,4,NA,0,3,1,1,53,"P",0,NA,0,"",NA,"N",NA,0,NA,"19-SEP-09","7fffa4db-ea98-46be-a3e4-4de2c00ef138","","","","","B"
"DA3647000Q",1,16,0,9.04,17,1,NA,1,0,4,3,"03-19-2016","18:44:00","","N","N","PGCOPD","UNK",3,3,5,"MD","",14.75,"N","BRANCH AVE",20,"F","N",637,"MD","","NAYLOR RD",38.85026869,-76.95477873,1,1,2,"F",1,4,NA,0,3,1,1,53,"P",0,NA,0,"",NA,"N",NA,0,NA,"18-NOV-07","00af9200-e0e8-4b10-af74-4c05a480fb7b","","","","","A"
"DA3647000Z",4,16,0,0,17,2,2,1,1,0,6.01,"07-10-2016","02:09:00","","N","N","PGCOPD","UNK",3,0,414,"MD","",2.819,"E","ST BARNABAS RD",20,"F","W",110,"CO","","WHEELER RD",38.81506249,-76.96338058,1,0,1,"M",3,3,NA,2,6,0,1,88,"P",1,NA,1,"",NA,"Y",NA,1,NA,"10-MAY-97  00:00:00","1d10651e-4cd1-4108-bf7c-b08b0c75b2bd","XX","NONE","","","A"
"DA3647001B",3,16,0,1,88,2,1,5,1,99,6.01,"12/5/2016","19:09:00","","N","N","PGCOPD","UNK",3,2,637,"MD","",0,"E","NAYLOR RD",20,"F","E",0,"UU","","WASH DC LINE",38.85203272,-76.96048915,2,0,1,"M",1,3,NA,3,88,0,1,55,"P",0,NA,0,"",NA,"N",NA,0,NA,"13-Aug-12","ed04fee0-965e-4374-b04d-7c1b02b5dd05","","","","","B"
"DA3648001S",3,16,0,2,88,2,NA,1,4,0,6.01,"07-17-2016","21:30:00","A6","N","N","PGCOPD","UNK",3,0,193,"MD","",1.09,"E","UNIVERSITY BLVD",0,"F","E",694,"CO","","GUILFORD RD",38.98360461,-76.9760178,1,0,1,"M",1,3,NA,3,6,1,1,88,"P",0,NA,0,"",NA,"Y",NA,1,NA,"20-FEB-79  00:00:00","f5f64c96-e99e-48db-a1df-e7517f8a809c","XX","","","","A"
"DA36480029",4,16,0,1,88,2,3,1,4,0,7.01,"11/27/2016","11:00:00","A7","Y","N","PGCOPD","UNK",3,0,650,"MD","",2.98,"N","NEW HAMPSHIRE AVE",20,"F","N",230,"CO","","METZEROTT RD",39.0043781,-76.98084176,1,1,1,"M",2,4,NA,2,6,3,1,52,"P",0,NA,0,"",NA,"Y",NA,1,NA,"3-Jan-79","cd65ef37-adf3-4bd1-895c-1a2b70cbbdaa","","","","","A"
"DA3661001P",1,16,0,2,17,1,2,1,4,0,3,"1/12/2017","8:25:00","","Y","N","PGCOPD","UNK",3,0,458,"MD","",2.28,"N","SILVER HILL RD",0,"F","N",4,"MD","","PENNSYLVANIA AVE",38.85316798,-76.91040292,1,0,1,"F",1,3,NA,3,5,3,1,51,"P",0,NA,0,"",NA,"Y",NA,1,NA,"23-Nov-02","5c9c3698-1c5e-49dc-860b-7677d61452d0","","","","","A"
"DA3676000B",5.02,16,0,1,3,0,NA,1,4,0,6.01,"07-24-2015","05:09:00","","N","N","PGCOPD","UNK",4,0,210,"MD","",6.81,"N","INDIAN HEAD HWY",NA,"M","N",118,"CO","","OLD FORT RD",38.75284498,-76.99300289,1,0,1,"M",1,3,NA,4,1,0,2,53,"P",0,NA,0,"",NA,"N",NA,1,NA,"25-DEC-75","ed5b7aed-3b2d-4283-be44-2c4e84a136a9","MD","","","","A"
"DA3676000L",4,16,0,1,17,1,1,1,1,0,3,"11-29-2015","18:02:00","","N","N","PGCOPD","UNK",3,0,223,"MD","",2.79,"N","PISCATAWAY RD",NA,"M","S",3890,"CO","","MARY CATHERINE DR",38.73560705,-76.94327474,1,0,1,"M",1,3,NA,2,1,1,1,53,"P",0,NA,0,"",NA,"U",NA,1,NA,"31-MAR-94","eff2d6ba-e2fd-4939-94ce-e29301e1f0a1","MD","","","","A"
"DA3689004D",1,16,0,0,17,2,1,1,4,0,6.01,"3/23/2017","7:32:00","","Y","N","PGCOPD","UNK",3,0,650,"MD","",1.94,"N","NEW HAMPSHIRE AVE",35,"F","S",0,"UU","","ENT TO BUSINESS",38.99007079,-76.98760763,1,0,1,"M",1,3,NA,2,4,3,1,52,"P",0,NA,0,"",NA,"Y",NA,1,NA,"7-Jan-86","1d59bb8b-a77a-4d26-9898-3989ed93e8ea","MD","C","","","A"
"DA3706000R",3,16,50,88,17,2,1,1,88,0,0,"01-07-2016","18:45:00","239","N","N","PGCOPD","UNK",3,3,201,"MD","",2.96,"N","KENILWORTH AVE",500,"F","N",484,"CO","","EMERSON ST",38.95333091,-76.92309782,1,0,1,"M",1,3,NA,0,88,0,1,56,"P",0,NA,0,"",NA,"N",NA,0,NA,"29-OCT-96","b4038f26-c971-455e-af0f-670f1656872b","","","","","A"
"DA3709000C",1,16,NA,1,17,2,1,1,1,88,6.01,"03-02-2015","16:00:00","","N","N","PGCOPD","UNK",3,3,223,"MD","",7.59,"N","WOODYARD RD",30,"F","N",NA,"UU","","ENT TO SHOPPING CENTER",38.76679964,-76.88882589,1,0,1,"F",1,4,NA,3,6,1,1,52,"P",0,NA,0,"",NA,"",NA,0,NA,"27-DEC-36","949d229f-5316-466a-98c2-da72ad319b6b","MD","","","","A"
"DA3714000B",3,16,NA,1,7,2,1,1,4,0,6.01,"04-24-2015","21:04:00","","N","N","PGCOPD","UNK",4,0,414,"MD","",4.069,"E","ST BARNABAS RD",20,"F","E",4015,"CO","","CLIFTON RD",38.82628544,-76.94539905,1,1,1,"M",99,3,NA,0,88,0,2,53,"P",0,NA,0,"",NA,"",NA,1,NA,"09-APR-65","547bfd42-afa9-4b70-9038-bcf3bb0c5acc","","","","","A"
"DA3714001Y",3,16,0,1,88,2,2,1,4,0,6.01,"4/1/2017","20:15:00","","N","N","PGCOPD","UNK",3,0,414,"MD","",2.399,"E","ST BARNABAS RD",50,"F","E",3046,"CO","","VIRGINIA LA",38.81185755,-76.96703911,1,0,1,"M",99,5,NA,2,6,1,1,52,"P",0,NA,0,"",NA,"Y",NA,1,NA,"29-Nov-61","3f2d3a0c-6d39-4bb4-86c0-bfe6dd1359ed","MD","","","","A"
"DA37170004",3,16,NA,2,17,2,1,1,4,0,6.01,"01-10-2015","21:46:00","","Y","N","PGCOPD","UNK",1,3,5,"MD","",14.67,"N","BRANCH AVE",0,"F","N",605,"CO","","CURTIS DR",38.84699431,-76.95215821,1,1,1,"M",1,3,NA,2,6,3,1,52,"P",0,NA,0,"",NA,"",NA,1,NA,"29-JUL-97","e089e705-ca6b-4a0f-918f-aa5490453900","","","","","A"
"DA3717000D",1,16,NA,2,17,2,NA,1,88,0,7.01,"06-17-2015","07:30:00","","Y","N","PGCOPD","UNK",1,3,5,"MD","",14.03,"N","BRANCH AVE",0,"F","N",458,"MD","","SILVER HILL RD",38.839439,-76.946318,1,0,1,"F",0,3,NA,1,6,3,1,52,"P",0,NA,0,"",NA,"",NA,0,NA,"12-JUL-98","98123fa3-f699-4f2a-93fe-96f6ed9fbc11","","","","",""
"DA3723000K",3,16,0,6.01,88,2,2,1,1,0,6.01,"10/20/2016","7:02:00","","N","N","PGCOPD","UNK",3,3,414,"MD","",3.419,"E","ST BARNABAS RD",NA,"F","W",124,"CO","","HAGAN RD",38.82249067,-76.95369244,1,0,1,"M",0,3,NA,3,10.88,1,1,88,"P",0,NA,0,"",NA,"U",NA,1,NA,"27-Jan-93","c46bf8f1-15a5-428a-98b3-8d0bfe3ad5c3","","","","","A"
"DA37260007",1,16,NA,2,0,2,3,1,4,0,6.01,"03-22-2015","18:09:00","135","Y","N","PGCOPD","UNK",1,3,500,"MD","",0.74,"E","QUEENS CHAPEL RD",0,"F","E",70,"MU","","CHILLUM RD",38.95111571,-76.96699619,1,0,1,"F",1,3,NA,2,6,3,1,52,"P",0,NA,0,"",NA,"",NA,0,NA,"02-OCT-54","b1bfc6d3-a7e1-442e-b442-384e32232826","MD","","","",""
"DA3726001L",1,16,0,1,17,2,1,1,4,0,6.01,"10/2/2016","16:08:00","111","N","N","PGCOPD","UNK",3,1,193,"MD","",1.35,"E","UNIVERSITY BLVD",20,"F","E",680,"CO","","23RD AVE",38.98408206,-76.97113752,1,0,1,"F",1,3,NA,1,6,0,1,52,"P",0,NA,0,"",NA,"Y",NA,0,NA,"10-Jul-78","ee6d6341-d9e0-46b5-b9ec-907e0658ab7d","MD","C","","","A"
"DA3726001S",4,16,0,9.04,88,2,NA,1,88,0,6.01,"1/21/2017","2:45:00","127","N","N","PGCOPD","UNK",3,3,410,"MD","",1.09,"E","EAST WEST HWY",3,"F","E",0,"UU","","ENT TO BUSINESS",38.96990307,-76.97638392,1,0,1,"M",2,3,NA,2,6,0,1,52,"P",0,NA,0,"",NA,"Y",NA,1,NA,"25-Apr-90","4a1f7f36-e5fc-4fc9-9dad-b9af1d612900","","","","","A"
"DA37330011",1,16,20,2,88,0,1,1,1,7,6.01,"12-18-2015","09:03:00","","N","N","PGCOPD","UNK",3,9,332,"MD","",0.54,"E","CENTRAL AVE",0,"F","E",1678,"CO","","TOPEKA AVE",38.88528366,-76.90901153,1,1,1,"M",NA,5,NA,2,1,0,1,54,"P",0,NA,0,"",NA,"N",NA,0,NA,"19-NOV-60","a2718071-2e4e-42da-9a40-88bdf90cad2e","","","","","A"
"DA3735000T",3,16,0,1,17,6.03,3,1,4,0,12.04,"01-27-2016","20:34:00","","N","N","PGCOPD","UNK",3,0,450,"MD","",3.68,"E","ANNAPOLIS RD",50,"F","E",219,"CO","","77TH AVE",38.95236516,-76.88202918,1,0,1,"M",2,4,NA,2,6,88,1,54,"P",0,NA,0,"",NA,"U",NA,0,NA,"23-SEP-78","2553c532-e5d5-41bd-915d-631922d70074","","","","","A"
"DA37350011",7.88,16,0,1,17,2,1,1,4,4,6.01,"06-19-2016","22:37:00","","N","N","PGCOPD","UNK",3,9,704,"MD","",2.18,"E","MARTIN LUTHER KING JR HWY",400,"F","W",3668,"CO","","COLUMBIA PARK RD",38.91587181,-76.88370824,1,0,2,"M",1,5,NA,3,6,3,1,52,"P",0,NA,0,"",NA,"Y",NA,1,NA,"23-NOV-90","fb8eaf4d-65d3-468c-8674-c2474ad41859","","","","","B"
"DA37350011",7.88,16,0,1,17,2,1,1,4,4,6.01,"06-19-2016","22:37:00","","N","N","PGCOPD","UNK",3,9,704,"MD","",2.18,"E","MARTIN LUTHER KING JR HWY",400,"F","W",3668,"CO","","COLUMBIA PARK RD",38.91587181,-76.88370824,1,0,2,"M",1,3,NA,3,6,3,1,52,"P",0,NA,0,"",NA,"N",NA,1,NA,"14-MAR-13","3b31fc20-833f-41a7-86fc-242f3b257e3f","","","","","B"
"DA37350012",7.88,16,0,1,17,1,2,1,4,0,3,"08-18-2016","02:51:00","","N","N","PGCOPD","UNK",3,0,210,"MD","",0.32,"N","INDIAN HEAD HWY",NA,"M","N",810,"MD","A","LIVINGSTON RD",38.91587181,-76.88370824,1,0,1,"F",9.88,3,NA,2,6,0,1,54,"P",0,99,0,"",NA,"Y",NA,0,NA,"01-MAR-96  00:00:00","c6b8fbab-cd4e-4f82-ab8d-9d3ef9ae739a","DC","N/A","","","A"
"DA37350013",3,16,0,1,11,2,4,1,4,0,6.01,"10/23/2016","1:15:00","","N","N","PGCOPD","UNK",4,0,201,"MD","",0.38,"N","KENILWORTH AVE",161,"F","N",50,"RP","","RAMP 4 FR MD 201 NB TO US 50 EB",38.91927762,-76.93204165,1,0,1,"M",99,5,NA,2,6,1,2,52,"P",0,NA,0,"",NA,"Y",NA,1,NA,"4-Aug-63","865d4ecd-ab8d-4a5e-8743-e4135bb7a47c","","","","",""
"DA3742000Y",3,16,0,2,17,2,2,1,1,0,6.01,"01-14-2016","22:00:00","","Y","N","PGCOPD","UNK",3,0,450,"MD","",4.87,"E","ANNAPOLIS RD",0,"F","E",300,"CO","","PRINCESS GARDEN PKWY",38.96135678,-76.86315984,1,0,1,"M",1,3,NA,3,5,3,1,51,"P",0,NA,0,"",NA,"Y",NA,1,NA,"06-MAY-53","3ca1f829-ba64-49f7-9cba-833cd1af5a97","","","","","A"
"DA37450004",3,16,NA,2,88,1,1,1,1,0,3,"03-31-2015","20:39:00","","Y","N","PGCOPD","UNK",3,0,501,"MD","",1.02,"E","CHILLUM RD",0,"F","E",3662,"CO","","19TH AVE",38.95421947,-76.97885156,1,0,1,"M",1,3,NA,2,5,4,1,51,"P",0,NA,0,"",NA,"",NA,0,NA,"17-APR-71","cd9b8b67-cadb-4af9-bb23-b2b993e69ee8","","","","","A"
"DA37500011",1,16,0,1,88,2,NA,1,3,0,6.01,"02-28-2016","16:01:00","","N","N","PGCOPD","UNK",3,0,414,"MD","",1.623,"E","OXON HILL RD",15,"F","E",0,"UU","","ENT TO BUSINESS",38.80504382,-76.97630882,1,0,1,"M",1,4,NA,2,12.88,1,1,52,"P",0,NA,0,"",NA,"Y",NA,1,NA,"12-OCT-46","4a60cce2-c89b-4342-8910-68b8d3e495d6","","","","","A"
"DA37550003",4,16,NA,0,17,2,1,1,4,0,6.01,"02-26-2015","21:55:00","","N","N","PGCOPD","UNK",3,0,228,"MD","",0,"E","BERRY RD",0,"M","E",210,"MD","","INDIAN HEAD HWY",38.66220726,-77.01600552,1,0,1,"M",1,4,NA,2,6,1,1,53,"P",0,NA,0,"",NA,"",NA,1,NA,"22-AUG-79","71aeff02-2720-496b-a007-1991fe005904","","","","","A"
"DA37560013",3,16,0,0,88,2,NA,1,4,0,6.01,"03-26-2016","20:00:00","","N","N","PGCOPD","UNK",3,2,704,"MD","",5.82,"E","MARTIN LUTHER KING JR HWY",300,"F","W",4224,"CO","","FORBES BLVD",38.95190835,-76.83521926,1,0,1,"M",1,4,NA,4,88,88,6,59,"P",0,NA,0,"",NA,"N",NA,25.88,NA,"07-APR-88","1f1f6ced-5c54-430c-b12c-48cca1f29808","MD","A","","","A"
"DA3771000K",1,16,0,1,11,2,1,1,1,0,7.01,"12-21-2015","10:21:00","","N","N","PGCOPD","UNK",3,1,212,"MD","",7.64,"N","POWDER MILL RD",50,"F","N",3523,"CO","","BELTSVILLE DR",39.04701082,-76.93755761,1,0,2,"F",1,3,NA,1,5,1,1,52,"P",0,NA,0,"",NA,"N",NA,1,NA,"05-APR-05","d10da715-8e2f-4c1e-a9ab-2bf3f14fb602","","","","","A"
"DA37720007",1,16,NA,1,88,1,NA,1,4,0,3,"06-03-2015","07:20:00","","N","N","PGCOPD","UNK",3,0,5,"MD","",14.03,"N","BRANCH AVE",1,"M","N",458,"MD","","SILVER HILL RD",38.83586341,-76.94357514,1,0,1,"M",1,4,NA,99,1,1,1,52,"P",0,NA,0,"",NA,"",NA,0,NA,"22-NOV-56","6062c35f-9dfa-46fd-891d-8b57572a6c45","","","","","A"
"DA37850014",4,16,0,0,88,1,1,1,1,0,3,"11-29-2015","22:50:00","","N","N","PGCOPD","UNK",3,0,223,"MD","",5.88,"N","PISCATAWAY RD",100,"F","N",2990,"CO","","PELLA PL",38.76139546,-76.91502571,1,0,1,"M",2,4,NA,3,6,1,1,52,"P",0,NA,0,"",NA,"Y",NA,1,NA,"11-DEC-91","e427a197-e8a2-40ca-a004-a43d3e539084","","","","","A"
"DA3787000G",1,16,0,2,88,2,1,1,1,0,6.01,"10-16-2015","15:39:00","","Y","N","PGCOPD","UNK",3,0,4,"MD","",11.92,"N","PENNSYLVANIA AVE",0,"F","N",458,"MD","","SILVER HILL RD",38.85323169,-76.9104445,1,0,1,"M",1,3,NA,2,5,3,1,51,"P",0,NA,0,"",NA,"Y",NA,1,NA,"22-JUL-81","6cf8ea0b-9f44-4f31-8de5-f4267c47048d","","","","","A"
"DA3801001G",1,16,0,2,17,2,NA,1,4,0,6.01,"08-29-2016","19:37:00","0101","Y","N","PGCOPD","UNK",3,0,212,"MD","",3.83,"N","RIGGS RD",0,"F","N",105,"CO","","ADELPHI RD",39.00494295,-76.96888447,1,0,1,"M",1,3,NA,1,6,1,1,51,"P",0,NA,0,"",NA,"Y",NA,1,NA,"02-DEC-91  00:00:00","83c6433a-8b8b-40b9-91a7-84a4bc773331","","","","","A"
"DA3801002C",5.02,16,0,3,88,2,1,0,3,0,7.01,"6/5/2017","17:58:00","118","N","N","PGCOPD","UNK",3,0,212,"MD","",2.09,"N","RIGGS RD",50,"F","N",193,"MD","","UNIVERSITY BLVD",38.98298955,-76.97917342,1,0,2,"M",1,3,NA,1,6,1,1,52,"P",0,NA,0,"",NA,"Y",NA,0,NA,"18-Jan-08","9f161529-7a77-4b7e-8853-9996cda7b98a","","","","","A"
"DA3801002C",5.02,16,0,3,88,2,1,0,3,0,7.01,"6/5/2017","17:58:00","118","N","N","PGCOPD","UNK",3,0,212,"MD","",2.09,"N","RIGGS RD",50,"F","N",193,"MD","","UNIVERSITY BLVD",38.98298955,-76.97917342,1,0,2,"U",1,3,NA,1,6,1,1,52,"P",0,NA,0,"",NA,"Y",NA,1,NA,"10-Apr-10","d0c55c42-6b49-45ee-b995-f0e2941882c6","","","","","A"
"DA3803002J",0,16,128,0,88,2,NA,0,4,0,0,"3/19/2017","19:11:00","","N","N","PGCOPD","UNK",3,0,201,"MD","",3.72,"N","KENILWORTH AVE",15,"F","N",1586,"CO","","NICHOLSON ST",38.95757339,-76.92112505,1,0,1,"M",1,4,NA,1,88,1,1,52,"P",0,NA,0,"",NA,"Y",NA,0,NA,"16-Mar-96","f7982c68-1c35-48fd-9d05-e0ce0cb7c0bc","","","","","A"