"REPORT_NO","LIGHT_CODE","COUNTY_NO","MUNI_CODE","JUNCTION_CODE","COLLISION_TYPE_CODE","SURF_COND_CODE","LANE_CODE","RD_COND_CODE","RD_DIV_CODE","FIX_OBJ_CODE","WEATHER_CODE","ACC_DATE","ACC_TIME","LOC_CODE","SIGNAL_FLAG","C_M_ZONE_FLAG","AGENCY_CODE","AREA_CODE","HARM_EVENT_CODE1","HARM_EVENT_CODE2","RTE_NO","ROUTE_TYPE_CODE","RTE_SUFFIX","LOG_MILE","LOGMILE_DIR_FLAG","MAINROAD_NAME","DISTANCE","FEET_MILES_FLAG","DISTANCE_DIR_FLAG","REFERENCE_NO","REFERENCE_TYPE_CODE","REFERENCE_SUFFIX","REFERENCE_ROAD_NAME","LATITUDE","LONGITUDE","drv","occ","ped","SEX_CODE","CONDITION_CODE","INJ_SEVER_CODE","OCC_SEAT_POS_CODE","PED_VISIBLE_CODE","PED_LOCATION_CODE","PED_OBEY_CODE","PED_TYPE_CODE","MOVEMENT_CODE","PERSON_TYPE","ALCOHOL_TEST_CODE","ALCOHOL_TESTTYPE_CODE","DRUG_TEST_CODE","DRUG_TESTRESULT_CODE","BAC_CODE","FAULT_FLAG","EQUIP_PROB_CODE","SAF_EQUIP_CODE","EJECT_CODE","DATE_OF_BIRTH","PERSON_ID","LICENSE_STATE_CODE","CLASS","CDL_FLAG","VEHICLE_ID","EMS_UNIT_LABEL"
"DA3805000C",4,16,0,1,1,2,1,3,1,0,6.01,"08-08-2015","20:33:00","","N","N","PGCOPD","UNK",3,0,725,"MD","",1.78,"E","MARLBORO PIKE",15,"F","E",0,"UU","","ENT TO BUSINESS",38.82389493,-76.73846126,1,0,1,"M",2,3,NA,2,4,1,1,52,"P",0,NA,0,"",NA,"Y",NA,1,NA,"01-JAN-60","cb48a2e0-c3e9-45b1-9745-7df7eb9f3307","","","","","A"
"DA3805002J",3,16,0,3,88,2,1,0,4,0,6.01,"10/10/2016","20:28:00","","Y","N","PGCOPD","UNK",3,1,450,"MD","",2.81,"E","ANNAPOLIS RD",0,"F","E",632,"CO","","71ST AVE",38.94629293,-76.8941474,2,0,1,"M",99,3,NA,2,5,99,1,51,"P",0,NA,0,"",NA,"N",NA,1,NA,"13-Mar-83","3637dc03-e9ab-4e2e-a04b-da0155b6dfb9","","","","","A"
"DA38080005",3,16,NA,2,11,2,4,1,4,0,6.01,"02-13-2015","18:11:00","","Y","N","PGCOPD","UNK",3,0,650,"MD","",0.81,"N","NEW HAMPSHIRE AVE",0,"F","N",410,"MD","","EAST WEST HWY",38.97409034,-76.99548125,1,0,1,"M",2,4,NA,2,5,3,1,51,"P",0,NA,0,"",NA,"",NA,1,NA,"02-SEP-82","ca3710de-34ee-469e-ae61-ec4852418aba","","","","","A"
"DA3808000S",3,16,0,2,11,2,2,1,4,0,6.01,"09-27-2015","21:03:00","","Y","N","PGCOPD","UNK",3,0,193,"MD","",0.15,"E","UNIVERSITY BLVD",0,"F","E",40,"MU","","ANNE AVE",38.99076188,-76.98956966,1,0,1,"M",2,4,NA,2,5,3,1,51,"P",0,NA,0,"",NA,"Y",NA,1,NA,"01-JAN-00","91574a08-a43d-4273-b530-f5a9dbdb0236","","","","","A"
"DA38120012",3,16,0,2,88,2,1,0,3,0,6.01,"11/14/2016","17:14:00","","Y","N","PGCOPD","UNK",3,0,197,"MD","",13.07,"N","LAUREL BOWIE RD",0,"F","N",6,"CO","","CONTEE RD",39.07367756,-76.84764862,1,1,1,"F",1,4,NA,3,9.05,2,1,51,"P",0,NA,0,"",NA,"N",NA,0,NA,"25-Jun-84","0cf1cecb-7f20-4a72-8147-28e06b316785","MD","XX","","","A"
"DA3817000F",5.02,16,0,1,11,2,1,1,4,0,6.01,"08-26-2015","18:55:00","","N","N","PGCOPD","UNK",3,0,458,"MD","",0.7,"N","SILVER HILL RD",20,"F","N",2042,"CO","","MAYWOOD LA",38.84248617,-76.93399698,1,5,1,"F",1,3,NA,1,12.88,1,1,52,"P",0,NA,0,"",NA,"Y",NA,0,NA,"20-MAR-55","9123a8d6-0129-466e-ba0b-80db62e70f3b","","","","","A"
"DA38210005",3,16,NA,1,17,0,1,1,2,0,0,"01-23-2015","01:01:00","","N","N","PGCOPD","UNK",3,3,564,"MD","",0.31,"E","LANHAM SEVERN RD",100,"F","E",28,"CO","","CIPRIANO RD",38.96416395,-76.8595469,1,0,2,"M",1,3,NA,2,6,1,1,52,"P",0,NA,0,"",NA,"",NA,1,NA,"02-MAY-95","783d0169-e66d-468d-8155-cd63af42647f","","","","","A"
"DA38210005",3,16,NA,1,17,0,1,1,2,0,0,"01-23-2015","01:01:00","","N","N","PGCOPD","UNK",3,3,564,"MD","",0.31,"E","LANHAM SEVERN RD",100,"F","E",28,"CO","","CIPRIANO RD",38.96416395,-76.8595469,1,0,2,"M",1,3,NA,2,6,1,1,52,"P",0,NA,0,"",NA,"",NA,1,NA,"09-APR-94","f6995b38-0123-49dd-b164-ac200986107d","","","","","A"
"DA3821001V",3,16,0,2,2,2,NA,1,4,0,6.01,"07-27-2016","20:21:00","","Y","N","PGCOPD","UNK",4,0,704,"MD","",6.53,"E","MARTIN LUTHER KING JR HWY",0,"F","E",450,"MD","","ANNAPOLIS RD",38.95601325,-76.82305679,1,0,1,"M",1,4,NA,4,6,3,2,51,"P",0,NA,0,"",NA,"Y",NA,21,NA,"19-MAY-60  00:00:00","ac6072a7-13a5-4b85-95d9-8c3983900123","MD","C","","","A"
"DA38210022",1,16,0,2,3,2,3,1,4,0,0,"09-23-2016","14:25:00","","N","N","PGCOPD","UNK",4,0,193,"MD","",10.35,"E","GREENBELT RD",0,"F","E",0,"UU","","SPUR TO MD 564",38.98890227,-76.81961417,1,0,1,"M",1,3,NA,1,6,1,2,53,"P",0,NA,0,"",NA,"Y",NA,21,NA,"25-AUG-62  00:00:00","784040f4-c5e8-400c-abbc-a18ccefd56ba","","","","","A"
"DA3826001X",3,16,0,88,88,2,NA,1,5.01,88,6.01,"01-30-2016","18:03:00","","N","N","PGCOPD","UNK",3,0,414,"MD","",1.039,"E","OXON HILL RD",100,"F","E",1203,"CO","","LIVINGSTON RD",38.80362143,-76.98757678,1,0,1,"M",1,3,NA,2,6,1,1,52,"P",0,NA,0,"",NA,"Y",NA,1,NA,"30-JAN-85","92666899-8c33-40ac-8ae9-083d603fedd7","NY","","","","A"
"DA38380012",3,16,0,2,17,2,2,1,4,0,6.01,"11-27-2015","02:50:00","0110","N","N","PGCOPD","UNK",3,0,193,"MD","",0.91,"E","UNIVERSITY BLVD",0,"F","E",212,"MD","","RIGGS RD",38.98365673,-76.97830439,1,0,1,"M",2,3,NA,2,6,1,1,51,"P",0,NA,0,"",NA,"Y",NA,1,NA,"24-APR-82","73398ad6-5467-409b-858f-a2161c49f8d5","MD","","","","A"
"DA38440013",1,16,104,1,88,2,1,1,3,0,6.01,"06-17-2016","14:32:00","16","N","N","PGCOPD","UNK",4,0,501,"MD","",1.68,"E","CHILLUM RD",200,"F","W",500,"MD","","QUEENS CHAPEL RD",38.95202725,-76.96914062,1,0,1,"M",1,3,NA,88,6,99,2,53,"P",0,NA,0,"",NA,"Y",NA,1,NA,"03-AUG-98","31336f73-e82b-43d2-907b-0d7d1753df67","","","","","A"
"DA3845001Q",3,16,0,2,88,2,1,1,4,0,6.01,"10/29/2016","18:56:00","","Y","N","PGCOPD","UNK",3,0,197,"MD","",12.28,"N","LAUREL BOWIE RD",0,"F","N",21,"CO","","MUIRKIRK RD",39.06463149,-76.83962345,1,0,1,"F",99,3,NA,2,5,99,1,51,"P",0,NA,0,"",NA,"Y",NA,0,NA,"19-Jun-98","bc44ff1f-e3d8-439c-a555-17644d58a3c1","","","","","A"
"DA3849000J",7.88,16,NA,0,0,1,3,0,4,0,88,"07-04-2015","21:53:00","16","N","N","PGCOPD","UNK",3,3,NA,"MD","",5.16,"E","MARTIN LUTHER KING JR HWY",100,"F","E",NA,"IS","","JOHN HANSON HWY",38.94796175,-76.84209108,1,0,1,"M",1,3,NA,2,6,0,1,53,"P",0,NA,0,"",NA,"",NA,0,NA,"27-JAN-95","715fd27e-79c5-4e5d-8539-516b5db0b994","","","","","A"
"DA38510043",3,16,0,2,11,2,1,1,1,0,6.01,"12/24/2016","18:17:00","","N","N","PGCOPD","UNK",5,0,212,"MD","",2.67,"N","RIGGS RD",0,"F","N",1668,"CO","","MERRIMAC DR",38.99001137,-76.97388411,1,0,1,"M",99,4,NA,2,6,1,2,51,"P",0,NA,0,"",NA,"Y",NA,1,NA,"2-Apr-96","95daa6ac-302b-4f1f-837e-77e040d04e1a","","","","","A"
"DA38580016",3,16,0,2,0,2,1,1,1,0,6.01,"08-20-2016","00:42:00","A4 0110","N","N","PGCOPD","UNK",3,0,212,"MD","",2.63,"N","RIGGS RD",0,"F","N",1669,"CO","","MERRIMACK DR",38.99005724,-76.97390825,1,0,1,"M",2,4,NA,2,9.05,1,1,51,"P",0,NA,0,"",NA,"N",NA,0,NA,"23-FEB-91  00:00:00","20fafd83-b7e3-4daa-9f5a-0016b6824fcd","","","","","A"
"DA38580019",1,16,0,0,88,2,1,1,1,0,7.01,"10/7/2016","10:29:00","A3 0124","N","N","PGCOPD","UNK",3,0,410,"MD","",0.641,"E","EAST WEST HWY",10,"F","E",0,"UU","","ENT TO PARK",38.97385575,-76.9825235,1,0,1,"F",1,3,NA,1,16.05,2,1,88,"P",0,NA,0,"",NA,"N",NA,0,NA,"18-Nov-83","8715709c-aa7a-4c38-a1a5-625733794a99","","","","",""
"DA3859000Q",1,16,0,2,17,2,3,1,4,0,6.01,"12-08-2015","07:27:00","","Y","N","PGCOPD","UNK",3,0,193,"MD","",0.74,"E","UNIVERSITY BLVD",0,"F","E",2760,"CO","","15TH AVE",38.98529965,-76.98160886,1,0,1,"F",1,3,NA,3,5,3,1,51,"P",0,NA,0,"",NA,"Y",NA,1,NA,"07-MAR-58","bd9038a2-b56d-40c7-8f82-9d017cb6f43e","","","","","A"
"DA3859000Z",3,16,0,2,17,1,3,1,4,4,3,"02-23-2016","18:50:00","","Y","N","PGCOPD","UNK",3,9,650,"MD","",1.94,"N","NEW HAMPSHIRE AVE",0,"F","N",0,"UU","","CROSSOVER",38.99022819,-76.98747754,1,0,1,"M",1,3,NA,2,5,99,1,51,"P",0,NA,0,"",NA,"N",NA,1,NA,"06-SEP-82","98765c24-f85a-4016-a865-86ca6a2fa497","","","","","A"
"DA38650004",5.02,16,NA,3,88,0,1,1,3,0,6.01,"02-09-2015","06:54:00","928","Y","N","PGCOPD","UNK",3,1,212,"MD","",7.38,"N","POWDER MILL RD",0,"F","N",2386,"CO","","EVANS TRAIL",39.01064751,-76.87683105,1,0,1,"F",1,3,NA,3,5,2,1,51,"P",0,NA,0,"",NA,"",NA,0,NA,"05-FEB-04","359d1c7c-91ad-478a-855b-79b1cb4978e9","","","","","A"
"DA3865000L",3,16,NA,3,88,1,1,1,0,0,3,"04-25-2015","21:10:00","929","Y","N","PGCOPD","UNK",3,0,212,"MD","",8.515,"N","POWDER MILL RD",5,"F","N",NA,"UU","","SPUR TO OLD GUNPOWDER RD",39.05280155,-76.92275047,1,1,1,"M",99,3,NA,0,3,0,1,56,"P",0,NA,0,"",NA,"",NA,0,NA,"15-JUL-79","805cb89a-724e-4cef-bc56-1c583978e99c","","","","","A"
"DA38680013",4,16,0,1,88,2,1,1,1,0,6.01,"07-24-2016","00:45:00","","N","N","PGCOPD","UNK",3,3,193,"MD","",14.83,"E","ENTERPRISE RD",NA,"M","E",4209,"CO","","LOCUST GLENN DR",38.9322952,-76.80499211,1,1,3,"M",1,3,NA,2,6,1,1,52,"P",0,NA,0,"",NA,"Y",NA,1,NA,"23-MAY-95  00:00:00","4aeb2922-be87-4de0-b045-8ebf648370ff","MD","C","","","B"
"DA38680013",4,16,0,1,88,2,1,1,1,0,6.01,"07-24-2016","00:45:00","","N","N","PGCOPD","UNK",3,3,193,"MD","",14.83,"E","ENTERPRISE RD",NA,"M","E",4209,"CO","","LOCUST GLENN DR",38.9322952,-76.80499211,1,1,3,"M",9.88,3,NA,2,6,1,1,52,"P",0,NA,0,"",NA,"Y",NA,1,NA,"15-MAR-96  00:00:00","f92eb025-0a3a-45db-8337-f6d3b32286e7","","C","","","A"
"DA38680013",4,16,0,1,88,2,1,1,1,0,6.01,"07-24-2016","00:45:00","","N","N","PGCOPD","UNK",3,3,193,"MD","",14.83,"E","ENTERPRISE RD",NA,"M","E",4209,"CO","","LOCUST GLENN DR",38.9322952,-76.80499211,1,1,3,"M",1,3,NA,1,6,1,1,52,"P",0,NA,0,"",NA,"Y",NA,1,NA,"09-AUG-90  00:00:00","164730ff-08b3-42f9-a699-32582c36ffbf","MD","C","","",""
"DA38710011",4,16,0,1,88,2,4,1,4,0,6.01,"11-17-2015","18:29:00","","N","N","PGCOPD","UNK",3,0,450,"MD","",4.87,"E","ANNAPOLIS RD",10,"F","E",300,"CO","","PRINCESS GARDEN PKWY",38.96184481,-76.8622613,1,0,1,"M",1,3,NA,2,4,1,1,52,"P",0,NA,0,"",NA,"Y",NA,1,NA,"22-MAY-52","960aa91f-189e-4ca8-a138-e68589efca0f","MD","c","","","A"
"DA3871001C",1,16,0,1,88,2,1,1,3,0,6.01,"01-05-2016","15:06:00","","N","N","PGCOPD","UNK",3,0,564,"MD","",1.27,"E","LANHAM SEVERN RD",50,"F","W",4335,"CO","","SEABROOK RD",38.97411641,-76.84328333,1,1,1,"M",1,3,NA,1,4,1,2,52,"P",0,NA,0,"",NA,"Y",NA,21,NA,"19-MAR-45","6bc15288-8f3b-46ac-a6ca-b399caeb7ae9","MD","","","","A"
"DA3871002G",4,16,0,1,88,2,2,1,4,0,6.01,"2/18/2017","22:45:00","","N","N","PGCOPD","UNK",3,0,450,"MD","",6.06,"E","ANNAPOLIS RD",20,"F","W",2874,"CO","","ELLERBIE ST",38.96498147,-76.84297085,1,0,1,"M",99,3,NA,2,10.88,1,1,52,"P",0,NA,0,"",NA,"Y",NA,1,NA,"15-Feb-65","0b1716bf-0729-4daf-a07c-bdc0fa5a1d28","","","","","A"
"DA3872000D",1,16,0,1,17,2,1,1,0,0,6.01,"08-29-2015","12:50:00","","N","N","PGCOPD","UNK",3,0,414,"MD","",1.673,"E","OXON HILL RD",30,"F","E",0,"UU","","ENT TO BUSINESS",38.80408233,-76.98220968,1,0,1,"M",99,3,NA,0,3,0,1,51,"P",0,NA,0,"",NA,"N",NA,1,NA,"09-MAY-90","d25abaf4-b09f-4fc5-b094-6c8dfb18e313","","","","","A"
"DA3877000S",4,16,0,1,17,2,1,1,1,0,0,"07-22-2015","22:40:00","","N","N","PGCOPD","UNK",4,0,458,"MD","B",0,"S","COUNTY RD",20,"F","S",458,"MD","A","WALKER MILL RD",38.86312767,-76.89762354,1,0,1,"M",1,3,NA,2,6,1,2,54,"P",0,NA,0,"",NA,"Y",NA,1,NA,"21-MAY-91","baa6d829-1b47-4203-92af-965bf25d2ffe","","","","","A"
"DA38780028",4,16,0,1,17,1,2,1,4,0,6.01,"4/22/2017","3:08:00","","N","N","PGCOPD","UNK",3,0,193,"MD","",11.04,"E","GLENN DALE BLVD",0.5,"M","E",56,"CO","","PROSPECT HILL RD",38.98580003,-76.81426048,1,0,1,"F",2,4,NA,2,1,0,1,63.88,"P",0,NA,0,"",NA,"N",NA,1,NA,"7-Feb-80","8addec2f-e649-4ca1-bb2d-930ae8cae9e6","NY","C","","","A"
"DA38790005",1,16,NA,9.04,11,2,1,1,1,0,6.01,"05-06-2015","15:55:00","0904","N","N","PGCOPD","UNK",3,0,197,"MD","",13.07,"N","LAUREL BOWIE RD",300,"F","N",6,"CO","","CONTEE RD",39.07396076,-76.84967637,1,0,1,"F",1,3,NA,2,4,1,1,52,"P",0,NA,0,"",NA,"",NA,1,NA,"08-MAY-87","ac5b4097-1492-4888-9c58-caa1dfee22e4","","","","","A"
"DA3879000V",1,16,0,2,88,1,NA,1,1,0,3,"11-19-2015","15:55:00","0937","Y","N","PGCOPD","UNK",3,0,212,"MD","",7.09,"N","POWDER MILL RD",0,"F","N",0,"UU","","ENT TO HIGH SCHOOL",39.04240497,-76.94535881,1,0,1,"M",99,4,NA,2,5,2,1,51,"P",0,NA,0,"",NA,"N",NA,1,NA,"07-JUN-55","5c8f22e0-3adf-4b79-9604-05587cca4f95","","","","","A"
"DA38810004",1,16,NA,2,3,2,2,1,4,0,6.01,"06-06-2015","12:22:00","","Y","N","PGCOPD","UNK",3,3,414,"MD","",2.399,"E","ST BARNABAS RD",0,"F","E",3046,"CO","","VIRGINIA LA",38.81100482,-76.96779013,1,0,1,"F",1,4,NA,1,5,3,1,51,"P",0,NA,0,"",NA,"",NA,0,NA,"20-JUL-97","3a469245-301f-4c43-95fa-16bc483c4b2b","","","","","A"
"DA3884000F",4,16,0,0,88,1,1,0,88,88,3,"04-30-2016","23:35:00","","N","N","PGCOPD","UNK",3,0,5,"MD","",14.75,"N","BRANCH AVE",100,"F","N",637,"MD","","NAYLOR RD",38.84925871,-76.95374608,1,1,1,"F",99,3,NA,2,6,1,1,88,"P",99,NA,99,"",NA,"Y",NA,1,NA,"08-SEP-59","2cefe3de-76ae-4dbb-ae9d-611dd2d37263","","","","","A"
"DA38840011",4,16,0,0,88,2,1,1,4,0,6.01,"3/23/2017","21:58:00","","N","N","PGCOPD","UNK",3,0,458,"MD","",0.52,"N","SILVER HILL RD",50,"F","S",3162,"CO","","SILVER PARK DR",38.84197225,-76.93738461,1,0,1,"M",1,4,NA,2,6,1,1,88,"P",0,NA,0,"",NA,"Y",NA,1,NA,"1-Dec-89","1dcdc3ec-c079-4491-a83d-eb4c869dabd0","","","","","A"
"DA3886000N",3,16,0,3,0,2,3,1,3,0,0,"12-07-2015","17:10:00","","Y","N","PGCOPD","UNK",3,0,214,"MD","",5.1,"E","CENTRAL AVE",1,"F","E",4638,"CO","","CAMPUS WAY SOUTH",38.89891545,-76.82246804,1,1,1,"F",1,3,NA,2,5,3,1,51,"P",0,NA,0,"",NA,"Y",NA,1,NA,"22-APR-70","359fb67e-0cc5-497a-85da-db1b9cbd2d2b","MD","c","","","A"
"DA3888001Y",1,16,0,2,11,2,2,5,4,0,0,"06-07-2016","13:35:00","","Y","Y","PGCOPD","UNK",3,0,414,"MD","",2.399,"E","ST BARNABAS RD",0,"F","E",3046,"CO","","VIRGINIA LA",38.81111559,-76.96787864,1,0,1,"F",NA,3,NA,3,5,3,1,51,"P",0,NA,0,"",NA,"Y",NA,0,NA,"03-NOV-40","9f2c22d5-9774-4bf6-85eb-88d5709ecba1","","","","","A"
"DA38890005",3,16,NA,3,17,1,4,1,4,0,3,"03-04-2015","19:24:00","","Y","N","PGCOPD","UNK",3,0,193,"MD","",8.31,"E","GREENBELT RD",25,"F","E",28,"CO","","CIPRIANO RD",38.99113714,-76.85631752,1,0,1,"M",1,3,NA,2,1,0,1,53,"P",0,NA,0,"",NA,"",NA,1,NA,"05-JUN-96","cdc8071b-5ac3-4497-880a-ca4bd7f974fb","MD","","","","A"
"DA3889001C",1,16,0,3,88,2,2,1,4,0,6.01,"05-16-2016","08:19:00","","Y","N","PGCOPD","UNK",3,3,564,"MD","",0.21,"E","LANHAM SEVERN RD",0,"F","W",450,"MD","","ANNAPOLIS RD",38.96231719,-76.86215401,1,0,2,"M",1,3,NA,3,5,2,1,51,"P",0,NA,0,"",NA,"N",NA,1,NA,"03-JUN-94","d56e08f1-03c9-4527-aae9-5c4f81dec42e","","","","","A"
"DA3889001C",1,16,0,3,88,2,2,1,4,0,6.01,"05-16-2016","08:19:00","","Y","N","PGCOPD","UNK",3,3,564,"MD","",0.21,"E","LANHAM SEVERN RD",0,"F","W",450,"MD","","ANNAPOLIS RD",38.96231719,-76.86215401,1,0,2,"F",1,3,NA,3,5,2,1,51,"P",0,NA,0,"",NA,"N",NA,1,NA,"22-MAY-57","45e5dab5-1b21-42b1-8faf-c15e41444019","MD","","","","A"
"DA3892000H",1,16,37,2,17,2,4,1,4,0,6.01,"07-27-2015","12:57:00","","N","N","PGCOPD","UNK",3,0,193,"MD","",4.44,"E","UNIVERSITY BLVD",0,"F","E",1291,"CO","","RHODE ISLAND AVE",38.9991014,-76.92520872,1,0,1,"F",1,3,NA,1,6,1,1,52,"P",0,NA,0,"",NA,"Y",NA,0,NA,"26-SEP-07","3a54eb73-efbc-49cc-96db-70fdf2cfead0","","","","","A"
"DA3896001N",1,16,0,2,0,2,3,1,4,0,0,"05-24-2016","16:41:00","","Y","N","PGCOPD","UNK",3,0,650,"MD","",1.85,"N","NEW HAMPSHIRE AVE",0,"F","N",193,"MD","","UNIVERSITY BLVD",38.99019692,-76.9874534,1,0,1,"M",1,3,NA,1,9.05,3,1,51,"P",0,NA,0,"",NA,"Y",NA,0,NA,"27-MAY-93","a6d66816-2dbe-41f4-9fcc-2b5e038b56b5","","","","","A"
"DA39030004",1,16,NA,1,88,2,1,1,4,0,0,"06-05-2015","18:24:00","","N","N","PGCOPD","UNK",3,0,193,"MD","",0.52,"E","UNIVERSITY BLVD",0,"M","E",908,"CO","","14TH AVE",38.98655058,-76.98425889,1,3,1,"M",2,3,NA,2,6,1,1,52,"P",0,NA,0,"",NA,"",NA,1,NA,"18-NOV-71","e0b76c12-9eec-4614-b35d-7412c8d9d37a","","","","","A"
"DA3906003C",1,16,0,3,88,2,1,1,88,0,6.01,"11/7/2016","12:19:00","","Y","N","PGCOPD","UNK",3,3,458,"MD","",2,"N","SILVER HILL RD",0,"F","N",0,"UU","","SILVER HILL CT",38.8522792,-76.9151035,1,0,1,"F",1,3,NA,1,10.88,1,1,51,"P",0,NA,0,"",NA,"N",NA,1,NA,"27-Aug-99","93157dc8-a613-47d4-8293-b546a3075415","","","","","A"
"DA39110010",1,16,0,3,17,2,4,1,4,0,6.01,"09-16-2016","13:40:00","","Y","N","PGCOPD","UNK",5,0,704,"MD","",2.18,"E","MARTIN LUTHER KING JR HWY",40,"F","E",3668,"CO","","COLUMBIA PARK RD",38.91689023,-76.88231617,1,0,1,"M",1,3,NA,3,3,0,2,63.88,"P",0,NA,0,"",NA,"N",NA,1,NA,"23-SEP-63  00:00:00","52ab6154-f2c4-4dde-b38b-b9e76290ad13","","","","","A"
"DA3913000X",4,16,0,1,88,2,2,1,4,5,6.01,"10-04-2015","21:30:00","","N","N","PGCOPD","UNK",3,0,210,"MD","",11.54,"N","INDIAN HEAD HWY",100,"F","S",582,"CO","","KERBY HILL RD",38.78004902,-76.99742317,1,0,1,"M",NA,3,NA,2,6,3,1,52,"P",0,NA,0,"",NA,"Y",NA,1,NA,"12-NOV-89","4f3a76ea-c34b-4389-9b31-c77bc161d535","","","","",""
"DA39210014",3,16,0,1,88,2,3,1,88,0,6.01,"11/30/2016","19:04:00","","N","N","PGCOPD","UNK",3,0,214,"MD","",2.41,"E","CENTRAL AVE",NA,"M","E",3424,"CO","","JONQUIL AVE",38.88679263,-76.89798295,1,0,1,"F",1,3,NA,2,88,88,1,53,"P",0,NA,0,"",NA,"Y",NA,1,NA,"26-Dec-62","439a2851-df23-4bbe-b380-7de36a0c12a3","","","","","A"
"DA39300016",1,16,0,3,88,2,3,1,3,0,6.01,"09-14-2015","13:45:00","","Y","N","PGCOPD","UNK",3,0,704,"MD","",2.18,"E","MARTIN LUTHER KING JR HWY",0,"F","E",3191,"CO","","BELLE HAVEN DR",38.91634763,-76.88265681,1,0,1,"M",1,3,NA,2,5,99,1,88,"P",0,NA,0,"",NA,"Y",NA,1,NA,"29-APR-06","132c4faa-bcd8-4e4e-810b-089115b132dd","","","","","A"
"DA39320010",1,16,0,2,88,2,2,1,4,0,7.01,"12-20-2015","15:34:00","","Y","N","PGCOPD","UNK",3,0,193,"MD","",0.12,"E","UNIVERSITY BLVD",0,"F","E",670,"CO","","LEBANON ST",38.99079941,-76.98952675,1,0,1,"U",1,3,NA,1,10.88,2,1,51,"P",0,NA,0,"",NA,"N",NA,0,NA,"04-OCT-78","be649b48-d763-47bf-bbd9-384c2120c1b2","","","","","A"
"DA3936000H",3,16,0,0,17,0,1,1,1,0,6.01,"07-11-2015","01:58:00","","N","N","PGCOPD","UNK",3,3,223,"MD","",4.75,"N","PISCATAWAY RD",NA,"M","S",120,"CO","","STEED RD",38.75031813,-76.92900538,1,0,1,"F",1,4,NA,2,88,1,1,52,"P",0,NA,0,"",NA,"U",NA,1,NA,"05-DEC-97","c8a30eba-8106-4cf5-9de5-aab20a5b0f85","","","","","A"
"DA39370010",3,16,0,2,88,2,2,1,4,88,6.01,"09-21-2016","03:46:00","","Y","N","PGCOPD","UNK",3,3,210,"MD","",14.21,"N","INDIAN HEAD HWY",0,"F","N",660,"CO","","AUDREY LA",38.81885975,-76.9998613,1,0,1,"M",1,4,NA,3,10.88,1,1,51,"P",0,NA,0,"",NA,"Y",NA,1,NA,"22-JAN-87  00:00:00","8f60eba1-27ac-43b6-88ab-d6d730cc2e6d","MD","C","","","A"
"DA39370017",5.02,16,0,1,88,1,2,1,88,0,3,"12/5/2016","6:58:00","","N","N","PGCOPD","UNK",3,1,210,"MD","",10.54,"N","INDIAN HEAD HWY",100,"M","S",3645,"CO","","PALMER RD",38.76718444,-76.99469805,3,0,1,"M",1,4,NA,3,6,1,1,56,"P",0,NA,0,"",NA,"N",NA,1,NA,"1-Dec-44","b48032dd-6fcf-463c-b780-4b853bf0d28f","VA","XX","","","A"
"DA3941000J",1,16,NA,0,17,2,2,1,3,0,6.01,"06-11-2015","11:22:00","","N","N","PGCOPD","UNK",3,3,212,"MD","",6.87,"N","POWDER MILL RD",50,"F","N",14,"CO","","CHERRY HILL RD",39.04049463,-76.94864452,1,0,1,"M",1,3,NA,99,6,1,1,53,"P",0,NA,0,"",NA,"",NA,0,NA,"28-MAY-91","9cce63e8-b3b5-4198-b7e1-fc844ff52248","","none","","","A"
"DA3942000Z",1,16,0,2,88,2,1,1,4,0,6.01,"03-03-2016","11:43:00","","Y","N","PGCOPD","UNK",3,0,210,"MD","",14.39,"N","INDIAN HEAD HWY",0,"F","N",0,"UU","","WASH DC LINE",38.82111146,-77.00127482,1,0,1,"M",2,3,NA,2,6,99,1,99,"P",0,NA,0,"",NA,"U",NA,1,NA,"18-MAY-58","6a864d85-fc6b-4a5a-8303-ad4687e626f3","","","","","A"
"DA3956001S",1,16,0,0,11,2,3,1,4,0,6.01,"09-24-2016","07:39:00","","N","N","PGCOPD","UNK",1,0,450,"MD","",7.71,"E","ANNAPOLIS RD",0,"F","E",6288,"CO","","LAKEVIEW LA",38.95660143,-76.81594893,1,0,1,"M",1,4,NA,4,10.88,0,2,53,"P",0,NA,0,"",NA,"N",NA,21,NA,"23-DEC-60  00:00:00","2e9c1d7b-5029-4965-9f1a-45df2b33b45f","MD","C","","","A"