"REPORT_NO","LIGHT_CODE","COUNTY_NO","MUNI_CODE","JUNCTION_CODE","COLLISION_TYPE_CODE","SURF_COND_CODE","LANE_CODE","RD_COND_CODE","RD_DIV_CODE","FIX_OBJ_CODE","WEATHER_CODE","ACC_DATE","ACC_TIME","LOC_CODE","SIGNAL_FLAG","C_M_ZONE_FLAG","AGENCY_CODE","AREA_CODE","HARM_EVENT_CODE1","HARM_EVENT_CODE2","RTE_NO","ROUTE_TYPE_CODE","RTE_SUFFIX","LOG_MILE","LOGMILE_DIR_FLAG","MAINROAD_NAME","DISTANCE","FEET_MILES_FLAG","DISTANCE_DIR_FLAG","REFERENCE_NO","REFERENCE_TYPE_CODE","REFERENCE_SUFFIX","REFERENCE_ROAD_NAME","LATITUDE","LONGITUDE","drv","occ","ped","SEX_CODE","CONDITION_CODE","INJ_SEVER_CODE","OCC_SEAT_POS_CODE","PED_VISIBLE_CODE","PED_LOCATION_CODE","PED_OBEY_CODE","PED_TYPE_CODE","MOVEMENT_CODE","PERSON_TYPE","ALCOHOL_TEST_CODE","ALCOHOL_TESTTYPE_CODE","DRUG_TEST_CODE","DRUG_TESTRESULT_CODE","BAC_CODE","FAULT_FLAG","EQUIP_PROB_CODE","SAF_EQUIP_CODE","EJECT_CODE","DATE_OF_BIRTH","PERSON_ID","LICENSE_STATE_CODE","CLASS","CDL_FLAG","VEHICLE_ID","EMS_UNIT_LABEL"
"DA3958001G",4,16,0,9.04,88,1,1,1,88,0,3,"1/2/2017","17:52:00","","N","N","PGCOPD","UNK",3,0,450,"MD","",2.2,"E","ANNAPOLIS RD",15,"F","E",332,"CO","","COOPER LA",38.94168678,-76.90405279,1,2,1,"F",1,3,NA,3,3,0,1,63.88,"P",0,NA,0,"",NA,"N",NA,1,NA,"10-May-61","606c5d98-62be-43a3-a869-43112eb476a8","","","","","A"
"DA39670006",4,16,0,1,88,2,1,1,4,0,0,"11-25-2015","05:46:00","","N","N","PGCOPD","UNK",3,0,214,"MD","",0.87,"E","CENTRAL AVE",200,"F","W",366,"CO","","ADDISON RD",38.88701603,-76.89682961,1,0,1,"M",1,3,NA,2,12.88,1,1,52,"P",0,NA,0,"",NA,"Y",NA,1,NA,"08-MAR-81","78a66b71-7095-4a15-8cc4-9ccd90bc15b5","","","","","A"
"DA3970000B",3,16,0,2,88,2,2,1,4,0,6.01,"12-10-2015","17:44:00","","Y","N","PGCOPD","UNK",3,0,197,"MD","",12.28,"N","LAUREL BOWIE RD",0,"F","N",21,"CO","","MUIRKIRK RD",39.06449821,-76.83966637,1,0,1,"F",1,3,NA,0,5,3,1,51,"P",0,NA,0,"",NA,"Y",NA,1,NA,"10-AUG-95","6450b04b-e28e-45f5-98f8-a21c421e0e4e","MD","","","","A"
"DA3971000B",4,16,104,1,17,2,1,1,3,0,6.01,"11-18-2015","17:28:00","","N","N","PGCOPD","UNK",3,3,501,"MD","",1.68,"E","CHILLUM RD",500,"F","W",500,"MD","","QUEENS CHAPEL RD",38.9526092,-76.9707942,1,0,1,"M",99,4,NA,99,6,99,1,99,"P",0,NA,99,"",NA,"Y",NA,1,NA,"31-MAY-85","d1867b91-6dd2-4a64-95dd-28f83b786946","","","","","A"
"DA3971000D",7.88,16,0,1,17,2,3,1,4,0,6.01,"12-07-2015","19:23:00","","N","N","PGCOPD","UNK",3,3,410,"MD","",0.86,"E","EAST WEST HWY",50,"F","E",212,"MD","","RIGGS RD",38.9716047,-76.97874427,1,0,1,"M",1,3,NA,2,4,1,1,52,"P",0,NA,0,"",NA,"Y",NA,1,NA,"25-SEP-53","0438350b-5b3a-4b30-a933-1deeb51b946f","DC","d","","",""
"DA39730008",3,16,0,3,17,2,3,1,88,0,6.01,"02-28-2016","18:51:00","","N","N","PGCOPD","UNK",3,0,193,"MD","",1.48,"E","UNIVERSITY BLVD",0,"F","W",1145,"CO","","24TH AVE",38.98427805,-76.96880132,1,0,1,"M",99,3,NA,2,6,1,1,52,"P",0,NA,0,"",NA,"Y",NA,1,NA,"15-FEB-70","78fbe137-6b3b-47b6-83b3-39ef8ec63ba9","","","","","A"
"DA3973000M",6.02,16,37,1,17,2,1,1,88,0,0,"10/1/2016","19:33:00","","N","N","PGCOPD","UNK",3,3,193,"MD","",4.17,"E","UNIVERSITY BLVD",0,"F","E",193,"MD","C","NO NAME",38.98405183,-76.97353542,1,0,1,"M",NA,3,NA,3,10.88,1,1,51,"P",0,NA,0,"",NA,"N",NA,1,NA,"26-Feb-86","3e2c17ea-eb88-4167-b67c-c842cdd4494d","","","","","A"
"DA39760006",3,16,0,2,17,2,3,1,4,0,6.01,"10-27-2015","18:40:00","","Y","N","PGCOPD","UNK",3,0,5,"MD","",14.24,"N","BRANCH AVE",0,"F","N",607,"CO","","COLEBROOKE DR",38.84200568,-76.94827437,1,0,1,"M",1,3,NA,3,5,2,1,51,"P",0,NA,0,"",NA,"N",NA,1,NA,"02-FEB-00","11b60c3b-6c2a-4933-b2b8-ef1f68ed6a21","","","","","A"
"DA3976000X",1,16,0,2,88,2,2,0,88,0,6.01,"2/23/2017","17:43:00","","Y","N","PGCOPD","UNK",4,0,223,"MD","",7.45,"N","WOODYARD RD",0,"F","N",5,"MD","","BRANCH AVE",38.76812552,-76.88480258,1,0,1,"M",0,4,NA,3,5,3,2,51,"P",0,NA,0,"",NA,"Y",NA,1,NA,"20-Sep-80","3b740459-1b01-4786-85df-7c13a74ca1a8","","","","","A"
"DA3986000X",1,16,0,2,17,2,3,1,1,0,6.01,"07-20-2016","14:18:00","","Y","N","PGCOPD","UNK",3,0,414,"MD","",1.039,"E","OXON HILL RD",0,"F","E",1203,"CO","","LIVINGSTON RD",38.80324518,-76.98983386,1,0,1,"F",1,3,NA,3,5,3,1,51,"P",0,NA,0,"",NA,"Y",NA,1,NA,"09-MAR-65  00:00:00","3b2cdbf2-6f43-4a88-b88c-406b22a3be4e","","","","","A"
"DA3990000T",1,16,0,3,88,2,3,1,4,0,6.01,"07-11-2016","11:22:00","","Y","N","PGCOPD","UNK",3,0,210,"MD","",10.54,"N","INDIAN HEAD HWY",NA,"F","S",3645,"CO","","PALMER RD",38.76597147,-76.99446201,1,0,1,"M",99,4,NA,0,6,3,1,51,"P",0,NA,0,"",NA,"Y",NA,0,NA,"31-DEC-92  00:00:00","0b80594b-1d03-4a11-87df-e5b2e005b070","","","","","A"
"DA3993001C",1,16,0,1,11,2,2,1,3,0,7.01,"1/11/2017","14:50:00","","N","N","PGCOPD","UNK",3,1,223,"MD","",6.81,"N","PISCATAWAY RD",500,"F","N",2166,"CO","","CLINTON ST",38.76631863,-76.89362168,1,0,1,"F",1,3,NA,2,6,1,1,52,"P",0,NA,0,"",NA,"Y",NA,1,NA,"16-Oct-96","d3bf409e-8b26-40f0-b4ee-394a77b061cd","","","","","A"
"DA4001000P",1,16,0,1,88,2,2,1,4,0,0,"08-18-2016","12:58:00","","N","N","PGCOPD","UNK",3,1,5,"MD","",14.24,"N","BRANCH AVE",10,"F","S",607,"CO","","COLEBROOKE DR",38.84213102,-76.94871426,1,0,2,"F",1,3,NA,3,6,0,1,52,"P",0,NA,0,"",NA,"Y",NA,0,NA,"21-DEC-99  00:00:00","02966b71-3a32-4b4e-944f-0c20a5783e3c","","","","","A"
"DA4001000P",1,16,0,1,88,2,2,1,4,0,0,"08-18-2016","12:58:00","","N","N","PGCOPD","UNK",3,1,5,"MD","",14.24,"N","BRANCH AVE",10,"F","S",607,"CO","","COLEBROOKE DR",38.84213102,-76.94871426,1,0,2,"M",1,3,NA,3,6,0,1,52,"P",0,NA,0,"",NA,"Y",NA,0,NA,"22-NOV-07  00:00:00","3365dfc9-0f85-4d39-9a22-c0d306968940","","","","","A"
"DA4004000J",1,16,0,1,88,2,2,1,2,88,6.01,"08-03-2016","13:55:00","","Y","N","PGCOPD","UNK",3,0,197,"MD","",12.001,"N","LAUREL BOWIE RD",200,"F","N",295,"RP","","RAMP 7 FR MD 197 WB TO MD 295 SB",39.05520935,-76.83895826,1,0,1,"M",1,3,NA,2,6,1,2,52,"P",0,NA,0,"",NA,"Y",NA,21,NA,"06-MAR-79  00:00:00","f3c80dd9-af5f-4085-8243-2d2c1bee416c","MD","C","","","A"
"DA4006000G",7.88,16,0,0,88,2,2,1,4,0,6.01,"05-28-2016","22:30:00","","N","N","PGCOPD","UNK",3,3,202,"MD","",10.02,"N","LANDOVER RD",0,"M","S",202,"MD","E","BRIGHTSEAT RD",38.92035859,-76.86019599,2,0,1,"M",99,3,NA,2,6,1,1,52,"P",0,NA,0,"",NA,"U",NA,1,NA,"06-AUG-68","97cba346-811e-4cc0-b5ea-b74e94609ddc","MD","CM","","","A"
"DA40090003",3,16,11,0,88,2,NA,1,3,0,6.01,"03-09-2016","18:49:00","","N","N","PGCOPD","UNK",3,0,450,"MD","",0.83,"E","ANNAPOLIS RD",0,"F","E",542,"MU","","54TH ST",38.93907483,-76.92690253,1,1,1,"M",1,3,NA,3,6,1,1,52,"P",0,NA,0,"",NA,"Y",NA,1,NA,"21-MAY-87","d4984737-03f1-4e36-a039-27f469b10a4a","MD","","","","A"
"DA40090008",3,16,0,2,88,2,3,1,4,0,6.01,"04-26-2016","20:35:00","","Y","N","PGCOPD","UNK",3,0,650,"MD","",0.25,"N","NEW HAMPSHIRE AVE",0,"F","N",1175,"MU","","SHERIDAN ST",38.96873631,-77.00009733,1,0,1,"F",1,3,NA,2,10.88,1,1,51,"P",0,NA,0,"",NA,"Y",NA,1,NA,"03-APR-73","ec745e94-2445-47ed-88f0-b9cfbc857088","MD","C","","","A"
"DA4009000B",1,16,0,2,88,2,1,1,4,0,6.01,"05-31-2016","15:46:00","","Y","N","PGCOPD","UNK",3,0,193,"MD","",0.74,"E","UNIVERSITY BLVD",0,"F","E",2760,"CO","","15TH AVE",38.98524649,-76.98175907,1,0,1,"F",1,3,NA,1,9.05,2,1,51,"P",0,NA,0,"",NA,"N",NA,1,NA,"18-JUL-80","2a949dfe-54ae-4fc5-9211-679e0b62658c","","","","","A"
"DA4018000W",3,16,0,2,11,2,1,1,4,0,6.01,"5/3/2017","23:40:00","","Y","N","PGCOPD","UNK",4,0,450,"MD","",1.31,"E","ANNAPOLIS RD",0,"F","E",258,"CO","","57TH AVE",38.9395265,-76.91805393,1,0,1,"M",NA,3,NA,88,5,2,2,51,"P",0,NA,0,"",NA,"N",NA,1,NA,"13-Feb-92","3bfbcdd3-ed43-40fa-ab21-9d758bc60ba3","","","","","A"
"DA4020000V",1,16,0,1,4,2,3,1,0,0,6.01,"5/8/2017","18:46:00","","N","N","PGCOPD","UNK",3,1,450,"MD","",3.44,"E","ANNAPOLIS RD",10,"F","E",410,"MD","","VETERANS PKWY",38.95100411,-76.88601226,2,1,1,"M",0,3,NA,99,3,1,1,63.88,"P",0,NA,0,"",NA,"N",NA,0,NA,"3-Sep-63","f7032783-58f9-4213-b303-ea299caa076f","","","","","A"
"DA4021000G",1,16,0,2,17,2,NA,1,3,0,6.01,"10/12/2016","7:45:00","","Y","N","PGCOPD","UNK",3,0,202,"MD","",0,"N","LARGO RD",0,"F","N",725,"MD","","MARLBORO PIKE",38.82030796,-76.74528882,1,0,1,"F",7,3,NA,1,6,1,1,51,"P",0,NA,0,"",NA,"Y",NA,0,NA,"16-May-58","6f837efd-a0b9-4b3c-8f7f-e2460456835e","MD","C","","","A"
"DA40220019",1,16,0,3,0,2,3,1,4,0,0,"09-21-2016","17:20:00","","Y","N","PGCOPD","UNK",3,0,4,"MD","",10.4,"N","PENNSYLVANIA AVE",0,"F","N",1679,"CO","","DONNELL DR",38.84362786,-76.88512579,1,0,1,"M",1,4,NA,3,5,3,1,51,"P",0,NA,0,"",NA,"Y",NA,1,NA,"13-FEB-07  00:00:00","90edb3e9-15fc-49af-963b-d86872e9baa3","","","","","A"
"DA40240013",1,16,0,2,17,1,3,1,4,0,3,"4/20/2017","8:56:00","","Y","N","PGCOPD","UNK",3,0,4,"MD","",11.92,"N","PENNSYLVANIA AVE",0,"F","N",458,"MD","","SILVER HILL RD",38.85311785,-76.90989196,1,0,1,"M",99,4,NA,1,5,3,1,51,"P",0,NA,0,"",NA,"Y",NA,1,NA,"21-Dec-88","5279b595-6fa5-4f1a-9262-24977a9d5120","","","","","A"
"DA40370003",3,16,0,1,88,0,2,1,4,0,0,"4/10/2017","20:46:00","","N","N","PGCOPD","UNK",3,0,210,"MD","",14.39,"N","INDIAN HEAD HWY",100,"F","S",0,"UU","","WASH DC LINE",38.82092339,-77.00113535,1,0,1,"F",2,3,NA,3,6,1,1,52,"P",0,NA,0,"",NA,"Y",NA,1,NA,"30-Dec-69","0ba393cd-77a9-4071-990a-7437cd48e22b","","","","","A"
"DA4039000K",1,16,0,2,17,2,2,1,88,88,6.01,"5/19/2017","11:40:00","","Y","N","PGCOPD","UNK",3,0,5,"MD","",14.03,"N","BRANCH AVE",0,"F","N",5466,"CO","","IVERSON ST",38.8393326,-76.946657,1,0,1,"M",0,3,NA,2,10.88,1,1,51,"P",0,NA,0,"",NA,"U",NA,0,NA,"6-Feb-68","9657c6e0-9fb2-4012-9d2f-ca3a9aac8236","","","","","A"
"DA40460005",3,16,0,1,17,2,3,1,0,88,0,"3/29/2017","23:55:00","","Y","N","PGCOPD","UNK",3,0,210,"MD","",14.21,"N","INDIAN HEAD HWY",0,"U","S",660,"CO","","AUDREY LA",38.81909694,-76.99997663,1,0,1,"M",0,4,NA,2,2,1,1,52,"P",0,NA,0,"",NA,"Y",NA,0,NA,"12-May-76","6a6ecb1c-2e1f-49bf-8581-e54ae9d0c48a","","","","","A"
"DA4059000K",3,16,0,1,8,2,2,3,4,0,6.01,"5/2/2017","8:46:00","","N","Y","PGCOPD","UNK",1,3,4,"MD","",9.79,"N","PENNSYLVANIA AVE",0.3,"M","N",483,"CO","","FORESTVILLE RD",38.84216445,-76.87921286,2,0,1,"F",1,3,NA,0,88,0,88,56,"P",0,NA,0,"",NA,"N",NA,0,NA,"28-Nov-77","5c65dbc0-8dae-46c0-bc36-42829e3dda43","MD","C","","","B"
"DA4063000F",1,16,0,2,88,0,2,1,4,88,0,"3/12/2017","14:11:00","","N","N","PGCOPD","UNK",1,3,193,"MD","",0.52,"E","UNIVERSITY BLVD",0,"F","E",908,"CO","","14TH AVE",38.98704157,-76.9848302,1,0,1,"M",2,3,NA,2,2,1,1,51,"P",0,NA,0,"",NA,"Y",NA,1,NA,"1-Dec-83","af1a7476-3cd1-4c14-a0b6-c9017e92c2da","","","","","A"
"DA40660009",1,16,37,5.01,17,2,NA,1,88,88,6.01,"4/3/2017","9:46:00","","N","N","PGCOPD","UNK",4,0,430,"MD","",0,"E","GREENBELT RD",50,"F","W",1,"US","","BALTIMORE AVE",39.00216032,-76.93118334,1,0,1,"M",1,3,NA,3,5,1,2,52,"P",0,NA,0,"",NA,"N",NA,0,NA,"4-Jan-96","542d4012-9dfe-4e6e-b0e1-3ad669bd60e3","MD","C","","","A"
"DA4066000D",3,16,9,1,17,2,2,1,4,0,0,"5/7/2017","2:55:00","","N","N","PGCOPD","UNK",3,0,193,"MD","",5.04,"E","GREENBELT RD",50,"F","E",580,"MU","","58TH AVE",38.99816649,-76.91755235,1,0,1,"M",2,3,NA,3,6,1,1,88,"P",0,NA,0,"",NA,"N",NA,1,NA,"29-Aug-87","a5737049-c653-4985-a97e-a35d74be3b5b","DC","D","","","A"
"DA40800006",1,16,0,0,17,2,NA,1,4,9,6.01,"6/16/2017","10:25:00","","N","N","PGCOPD","UNK",3,9,414,"MD","",2.079,"E","ST BARNABAS RD",1,"F","E",95,"RP","","RAMP 4 FR MD 414 NB TO IS 95 EB",38.80749559,-76.97137758,1,1,1,"F",99,3,NA,99,5,99,1,60,"P",0,NA,0,"",NA,"N",NA,0,NA,"3-Sep-65","65c40e84-459a-4277-8d61-8542bc589a3c","","","","","A"
"DA40950002",6.02,16,0,1,88,2,1,0,4,0,7.01,"6/5/2017","18:00:00","114","N","N","PGCOPD","UNK",3,0,193,"MD","",0.52,"E","UNIVERSITY BLVD",25,"F","E",908,"CO","","14TH AVE",38.98590427,-76.98269516,1,0,1,"M",2,3,NA,1,6,1,1,99,"P",0,NA,0,"",NA,"Y",NA,1,NA,"1-Jan-01","828ea189-15ea-44fc-9154-7791fcedea89","","","","","A"
"DD5502001V",3,15,130,3,12,2,3,1,4,4,6.01,"12-10-2015","17:19:00","54114","N","N","ROCKVILLE","UNK",1,3,355,"MD","",9.05,"N","ROCKVILLE PIKE",50,"F","N",2560,"MU","","RICHARD MONTGOMERY DR",39.08007667,-77.144365,2,0,1,"M",1,3,NA,99,3,0,1,63.88,"P",0,NA,0,"",NA,"N",NA,0,NA,"08-APR-48","6dd461f8-a64e-4f9d-b807-21b1aac1824b","MD","c","","","A"
"DD55020020",3,15,130,0,2,1,2,1,4,0,3,"02-01-2016","17:39:00","54112","N","N","ROCKVILLE","UNK",3,0,355,"MD","",9.32,"N","ROCKVILLE PIKE",30,"F","N",2138,"MU","","MONROE PL",39.08291333,-77.14681,1,1,1,"F",1,3,NA,3,6,99,1,52,"P",0,NA,0,"",NA,"Y",NA,1,NA,"05-OCT-47","816206ec-db7e-44f6-9fa6-8429380b4d90","","","","","A"
"DD5502002C",1,15,130,2,88,2,1,1,4,0,7.01,"05-03-2016","12:15:00","54122","Y","N","ROCKVILLE","UNK",3,0,355,"MD","",10,"N","HUNGERFORD DR",0,"F","N",5,"MU","","A ST",39.09198065,-77.15315089,1,0,2,"F",1,3,NA,3,5,2,1,51,"P",0,NA,0,"",NA,"N",NA,88,NA,"07-NOV-13","31922c59-4345-4af0-9b63-18a795503581","","","","","A"
"DD5502002C",1,15,130,2,88,2,1,1,4,0,7.01,"05-03-2016","12:15:00","54122","Y","N","ROCKVILLE","UNK",3,0,355,"MD","",10,"N","HUNGERFORD DR",0,"F","N",5,"MU","","A ST",39.09198065,-77.15315089,1,0,2,"F",1,3,NA,3,5,2,1,51,"P",0,NA,0,"",NA,"N",NA,1,NA,"10-AUG-85","305316f3-d050-4dc5-920b-76a02f99ee4f","","","","","A"
"DD5527000S",1,15,130,2,88,2,2,1,3,0,6.01,"10/17/2016","8:37:00","54144","Y","N","ROCKVILLE","UNK",3,0,28,"MD","",23.15,"E","FIRST ST",0,"F","E",586,"MD","","VEIRS MILL RD",39.07942833,-77.13807833,1,0,1,"M",1,3,NA,3,5,2,2,51,"P",0,NA,0,"",NA,"N",NA,1,NA,"27-Jan-62","784b4144-7d1e-43e9-b412-0148e5b0062f","","","","","A"
"DD5529001M",1,15,0,2,88,2,3,1,4,0,6.01,"10/21/2016","12:58:00","54114","Y","N","ROCKVILLE","UNK",3,0,355,"MD","",10.11,"N","HUNGERFORD DR",0,"F","N",0,"UU","","ENT TO FLAGSHIP SHOPPING CTR",39.1067,-77.16002167,1,0,1,"M",1,3,NA,1,9.05,3,1,51,"P",0,NA,0,"",NA,"Y",NA,0,NA,"16-Oct-95","a7f45c75-f68f-400a-bb2d-cc9fe326c9fa","","","","",""
"DD5538001R",1,15,130,9.04,17,2,1,1,0,0,6.01,"08-23-2016","16:50:00","54122","N","N","ROCKVILLE","UNK",3,0,355,"MD","",7.9,"N","ROCKVILLE PIKE",0,"F","S",0,"UU","","ENT TO BUSINESS",39.06837167,-77.12969333,1,0,1,"F",1,3,NA,3,11.05,1,1,63.88,"P",0,NA,0,"",NA,"N",NA,1,NA,"05-SEP-77  00:00:00","4f0451cf-6550-46bf-8ca7-50ca1d072e62","MD","C","","",""
"DD5539000Z",1,15,NA,9.04,88,2,2,1,4,0,7.01,"06-02-2015","17:35:00","54112","Y","N","ROCKVILLE","UNK",4,0,355,"MD","",7.45,"N","ROCKVILLE PIKE",0,"F","N",NA,"UU","","ENT TO CONGRESSIONAL PLAZA",39.06286546,-77.12513924,1,0,1,"M",1,4,NA,3,5,1,2,63.88,"P",0,NA,0,"",NA,"",NA,1,NA,"14-DEC-00","9077868d-5211-4875-b3f6-2e8343f29508","","","","","A"
"DD55740004",1,15,NA,11.04,11,2,1,1,0,0,6.01,"06-28-2015","16:00:00","5411","Y","N","ROCKVILLE","UNK",4,0,355,"MD","",8,"N","ROCKVILLE PIKE",0,"F","N",NA,"UU","","ENT TO WOODMONT COUNTRY CLUB",39.069365,-77.13067,1,1,1,"F",NA,3,NA,3,11.05,2,2,63.88,"P",0,NA,0,"",NA,"",NA,21,NA,"25-AUG-82","835e6e29-a11f-4b10-9372-17183557d880","","","","","A"
"DD55930022",1,15,130,9.04,12,2,3,1,4,0,5,"03-28-2016","15:23:00","54112","N","N","ROCKVILLE","UNK",4,0,355,"MD","",8.44,"N","ROCKVILLE PIKE",30,"F","S",1002,"MU","","EDMONSTON DR",39.07397667,-77.13543333,1,0,1,"M",NA,3,NA,2,3,1,2,51,"P",0,NA,0,"",NA,"N",NA,1,NA,"20-FEB-96","767519df-8a12-42c5-886c-ad555fa6430d","MD","C","","","A"
"DD5595002X",3,15,130,2,17,2,3,1,4,0,6.01,"08-22-2016","09:51:00","54142","Y","N","ROCKVILLE","UNK",3,0,355,"MD","",9.79,"N","HUNGERFORD DR",0,"F","N",0,"UU","","ENT TO BUSINESSES",39.08950867,-77.15169083,1,0,1,"F",99,4,NA,99,9.05,3,1,51,"P",99,0,99,"A",NA,"Y",NA,1,NA,"15-JUN-42  00:00:00","e285f94e-2c02-440a-837b-35f0909b33d0","","","","","A"
"DD5600000G",1,15,130,2,17,2,1,1,0,0,0,"10-22-2015","10:23:00","54142","Y","N","ROCKVILLE","UNK",3,0,355,"MD","",7.15,"N","ROCKVILLE PIKE",0,"F","N",2920,"MU","","THOMPSON AVE",39.07660333,-77.11755833,1,0,1,"M",1,3,NA,0,10.88,0,2,51,"P",0,0,0,"",NA,"N",NA,0,NA,"01-JAN-00","41f20875-67fb-4637-9852-25210a532db6","","","","","A"
"DD5601000H",1,15,NA,2,88,2,1,1,4,0,6.01,"01-09-2015","14:56:00","54142","Y","N","ROCKVILLE","UNK",3,0,355,"MD","",9.32,"N","ROCKVILLE PIKE",0,"F","N",2138,"MU","","MONROE PL",39.08345,-77.14692333,1,0,1,"M",1,3,NA,3,5,3,1,51,"P",0,NA,0,"",NA,"",NA,0,NA,"13-NOV-79","1ac4359b-2f58-47dc-be98-6bddb5066101","KY","","","","A"
"DD56010010",1,15,0,2,11,2,2,1,3,0,6.01,"07-07-2015","19:05:00","54142","Y","N","ROCKVILLE","UNK",4,0,28,"MD","",25.04,"E","NORBECK RD",0,"F","E",4560,"CO","","BALTIMORE RD",39.08491333,-77.13606167,1,0,1,"M",NA,3,NA,1,5,2,2,53,"P",0,NA,0,"",NA,"N",NA,21,NA,"08-APR-66","e98a687f-2e95-42b7-a90d-deb4324a8de3","MD","","","",""
"DD56050026",3,15,130,9.04,88,2,3,1,4,0,6.01,"02-25-2016","18:26:00","54142","N","N","ROCKVILLE","UNK",3,0,355,"MD","",10,"N","HUNGERFORD DR",500,"F","N",3151,"MU","","N WASHINGTON ST",39.08986,-77.15252333,1,0,1,"F",1,3,NA,2,3,1,1,51,"P",0,NA,0,"",NA,"N",NA,1,NA,"15-AUG-39","d734021a-d952-46c1-9756-00335b9b2515","MD","C","","","A"
"DD5606001N",3,15,NA,2,17,0,3,1,4,0,0,"02-05-2015","18:19:00","54142","Y","N","ROCKVILLE","UNK",3,0,355,"MD","",10.65,"N","HUNGERFORD DR",0,"F","N",46,"SR","","N CAMPUS DR",39.10074333,-77.15465,1,0,1,"M",1,3,NA,2,5,3,1,51,"P",0,NA,0,"",NA,"",NA,1,NA,"04-SEP-82","064367b1-3b0a-4bbf-9d51-30bffb226580","MD","","","",""
"DD5606003W",3,15,130,2,17,0,1,1,4,0,7.01,"11/14/2016","19:32:00","54142","Y","N","ROCKVILLE","UNK",3,0,586,"MD","",1.26,"E","VEIRS MILL RD",0,"F","E",180,"MU","","ATLANTIC AVE",39.07497066,-77.11555973,1,0,1,"M",1,3,NA,2,5,3,1,51,"P",0,NA,0,"",NA,"Y",NA,1,NA,"16-Feb-98","e9e8bb67-9478-4533-b993-d6c9232735da","","","","","A"
"DD5610000V",1,15,NA,3,17,1,NA,0,2,0,3,"04-07-2015","07:53:00","54144","Y","N","ROCKVILLE","UNK",3,4,355,"MD","",9.17,"N","ROCKVILLE PIKE",0,"F","N",28,"MD","","VEIRS MILL RD",39.07707333,-77.13926333,1,0,1,"M",1,4,NA,3,9.05,2,2,51,"P",0,NA,0,"",NA,"",NA,0,NA,"21-MAR-81","cf5b8cff-2b1e-48bc-b24b-7000ed9e408a","","","","","A"
"DD5611000B",1,15,130,0,17,2,1,1,0,0,6.01,"07-15-2015","15:40:00","54222","N","N","ROCKVILLE","UNK",3,0,355,"MD","",7.57,"N","ROCKVILLE PIKE",800,"F","N",0,"UU","","CONGRESSIONAL LA",39.06934167,-77.161965,1,0,1,"M",1,3,NA,1,6,0,1,88,"P",0,NA,0,"",NA,"N",NA,0,NA,"31-OCT-83","b01a66b1-febc-4bde-b999-7178d6c1091a","","","","",""
"DD56120006",3,15,130,2,17,2,2,1,4,0,6.01,"2/12/2017","18:21:00","54112","Y","N","ROCKVILLE","UNK",3,0,28,"MD","",22.52,"E","E JEFFERSON ST",0,"F","E",2140,"MU","","MONROE ST",39.08196045,-77.14913964,1,0,1,"F",99,3,NA,3,9.05,3,1,51,"P",0,NA,0,"",NA,"Y",NA,1,NA,"29-May-88","bb91f50e-3442-4584-abad-87aee51cb93f","MD","","","","A"
"DD56140008",3,15,130,6.01,88,1,1,1,4,0,6.01,"01-26-2016","20:05:00","5414","N","N","ROCKVILLE","UNK",3,0,355,"MD","",8.23,"N","ROCKVILLE PIKE",0,"F","S",0,"UU","","CROSSOVER",39.07353667,-77.13403167,1,1,2,"F",1,3,NA,3,6,1,1,88,"P",0,NA,0,"",NA,"Y",NA,1,NA,"23-OCT-81","2fa336a0-9ec9-4289-8cc1-d4fc8a4c3454","MD","C","","","A"
"DD56140008",3,15,130,6.01,88,1,1,1,4,0,6.01,"01-26-2016","20:05:00","5414","N","N","ROCKVILLE","UNK",3,0,355,"MD","",8.23,"N","ROCKVILLE PIKE",0,"F","S",0,"UU","","CROSSOVER",39.07353667,-77.13403167,1,1,2,"F",4,3,NA,3,6,1,1,88,"P",0,NA,0,"",NA,"Y",NA,1,NA,"09-JUN-10","bdb1eead-34a5-4861-82b5-6ca08c98e8a2","","","","","B"
"DD5614000J",1,15,130,9.04,11,2,NA,1,4,0,6.01,"04-12-2016","15:40:00","54112","N","N","ROCKVILLE","UNK",4,0,355,"MD","",8.71,"N","ROCKVILLE PIKE",100,"F","S",2593,"MU","","WOOTTON PKWY",39.07647,-77.13926,1,0,1,"M",1,3,NA,1,3,1,2,63.88,"P",0,NA,0,"",NA,"N",NA,21,NA,"23-JUN-86","5501e3b2-8913-4c41-a5ca-b40c49ba344c","MD","C","","","A"