"REPORT_NO","LIGHT_CODE","COUNTY_NO","MUNI_CODE","JUNCTION_CODE","COLLISION_TYPE_CODE","SURF_COND_CODE","LANE_CODE","RD_COND_CODE","RD_DIV_CODE","FIX_OBJ_CODE","WEATHER_CODE","ACC_DATE","ACC_TIME","LOC_CODE","SIGNAL_FLAG","C_M_ZONE_FLAG","AGENCY_CODE","AREA_CODE","HARM_EVENT_CODE1","HARM_EVENT_CODE2","RTE_NO","ROUTE_TYPE_CODE","RTE_SUFFIX","LOG_MILE","LOGMILE_DIR_FLAG","MAINROAD_NAME","DISTANCE","FEET_MILES_FLAG","DISTANCE_DIR_FLAG","REFERENCE_NO","REFERENCE_TYPE_CODE","REFERENCE_SUFFIX","REFERENCE_ROAD_NAME","LATITUDE","LONGITUDE","drv","occ","ped","SEX_CODE","CONDITION_CODE","INJ_SEVER_CODE","OCC_SEAT_POS_CODE","PED_VISIBLE_CODE","PED_LOCATION_CODE","PED_OBEY_CODE","PED_TYPE_CODE","MOVEMENT_CODE","PERSON_TYPE","ALCOHOL_TEST_CODE","ALCOHOL_TESTTYPE_CODE","DRUG_TEST_CODE","DRUG_TESTRESULT_CODE","BAC_CODE","FAULT_FLAG","EQUIP_PROB_CODE","SAF_EQUIP_CODE","EJECT_CODE","DATE_OF_BIRTH","PERSON_ID","LICENSE_STATE_CODE","CLASS","CDL_FLAG","VEHICLE_ID","EMS_UNIT_LABEL"
"DD5614000N",1,15,130,2,7,2,2,1,1,0,7.01,"05-19-2016","11:16:00","54142","Y","N","ROCKVILLE","UNK",3,0,28,"MD","",22.52,"E","E JEFFERSON ST",0,"F","E",2140,"MU","","MONROE ST",39.08122167,-77.14769,1,0,1,"F",1,3,NA,3,9.05,2,1,51,"P",0,NA,0,"",NA,"N",NA,1,NA,"28-MAR-62","b2aeea5b-821b-4f9a-b201-14433270d67f","","","","","A"
"DD5614002X",1,15,130,3,11,2,2,1,4,0,7.01,"6/16/2017","13:15:00","","Y","N","ROCKVILLE","UNK",3,3,586,"MD","",1.26,"E","VEIRS MILL RD",0,"F","E",180,"MU","","ATLANTIC AVE",39.07507685,-77.11564355,1,0,1,"M",1,3,NA,3,9.05,2,1,51,"P",0,NA,0,"",NA,"N",NA,1,NA,"23-Nov-73","2c7e3393-b078-4eb5-bfd4-913d3dad35bf","MD","ID","","","A"
"DD56200006",3,15,130,2,88,2,2,1,1,0,6.01,"11/11/2016","19:52:00","54144","Y","N","ROCKVILLE","UNK",1,0,28,"MD","",22.52,"E","E JEFFERSON ST",0,"F","E",2140,"MU","","MONROE ST",39.08189382,-77.14920402,1,0,2,"F",1,3,NA,2,9.05,2,1,51,"P",0,NA,0,"",NA,"N",NA,1,NA,"14-Sep-00","fb9464d0-dda4-4e56-8a4b-a49e60d700c3","","","","","A"
"DD56200006",3,15,130,2,88,2,2,1,1,0,6.01,"11/11/2016","19:52:00","54144","Y","N","ROCKVILLE","UNK",1,0,28,"MD","",22.52,"E","E JEFFERSON ST",0,"F","E",2140,"MU","","MONROE ST",39.08189382,-77.14920402,1,0,2,"M",1,3,NA,2,9.05,2,1,51,"P",0,NA,0,"",NA,"N",NA,1,NA,"6-Oct-70","e105d145-85d5-4d36-9be1-75242b8d5c7a","","","","","A"
"DD56210001",1,15,130,9.04,88,2,3,1,4,0,6.01,"08-31-2016","15:35:00","54114","N","N","ROCKVILLE","UNK",3,0,355,"MD","",7.23,"N","ROCKVILLE PIKE",0,"F","S",0,"UU","","DIRECTIONAL CROSSOVER",39.05963317,-77.12222636,1,0,1,"F",1,3,NA,3,6,1,1,52,"P",0,NA,0,"",NA,"Y",NA,0,NA,"19-MAY-61  00:00:00","e442bd0b-44ff-4e01-b85b-782f2cccf5cf","MD","C","","","A"
"DE0164001H",6.02,22,133,2,88,2,2,1,1,0,6.01,"10-26-2015","18:30:00","","Y","N","SALISBURY","UNK",4,0,12,"MD","",5.88,"N","SNOW HILL RD",0,"F","N",445,"CO","","E COLLEGE AVE",38.34773991,-75.58215022,1,0,1,"M",1,3,NA,2,5,99,2,51,"P",0,NA,0,"",NA,"U",NA,1,NA,"13-MAR-98","ad138355-574e-4f9d-b81f-f7b60885b879","MD","NONE","","",""
"DE0196001W",1,22,NA,3,17,2,NA,1,1,0,6.01,"02-06-2015","15:29:00","","Y","N","SALISBURY","UNK",3,0,12,"MD","",5.88,"N","SNOW HILL RD",30,"F","N",445,"CO","","E COLLEGE AVE",38.34828683,-75.58224678,1,0,1,"M",1,3,NA,1,6,1,1,52,"P",0,NA,0,"",NA,"",NA,1,NA,"02-APR-03","e91cbfdd-803d-4be3-82ea-c02faa483219","","","","","A"
"DE5121000R",4,22,NA,0,17,2,1,1,1,0,0,"01-19-2015","17:57:00","","N","N","SALISBURY","UNK",3,0,992,"MD","A",0.411,"E","JOHN DEERE DR",25,"F","E",NA,"UU","A","MID ATLANTIC LA",38.37220005,-75.52126944,1,0,1,"F",1,3,NA,2,6,1,1,53,"P",0,NA,0,"",NA,"",NA,1,NA,"16-DEC-87","a80fe1ea-ff71-438c-9973-a04b22a26b98","MD","C","","","A"
"DE71910008",3,22,133,3,17,2,1,1,1,0,6.01,"2/16/2017","21:19:00","","Y","N","SALISBURY","UNK",3,0,12,"MD","",7.06,"N","SNOW HILL RD",0,"F","N",415,"MU","","E CARROLL ST",38.36266515,-75.59178472,1,0,1,"M",1,3,NA,2,6,1,1,52,"P",0,NA,0,"",NA,"Y",NA,1,NA,"1-Oct-59","6b8cc66e-c28d-4e49-a34d-a7bf981afbce","MD","C","","","A"
"DJ01030011",1,16,134,2,11,2,1,1,4,4,6.01,"12/18/2016","15:12:00","","Y","N","SEATPLEASANT","UNK",3,9,704,"MD","",0.67,"E","MARTIN LUTHER KING JR HWY",0,"F","E",160,"MU","","GREIG ST",38.90043509,-76.90210819,1,0,1,"F",1,3,NA,1,88,0,1,51,"P",0,NA,0,"",NA,"N",NA,1,NA,"11-Jul-00","011a0154-c1db-41e8-9cd2-27790a2437d2","","","","","A"
"DJ0105001P",1,16,134,1,17,1,NA,1,1,0,3,"09-28-2016","09:55:00","0330","N","N","SEATPLEASANT","UNK",3,0,704,"MD","",0.37,"E","MARTIN LUTHER KING JR HWY",200,"F","W",9650,"MU","","65TH AVE",38.89697097,-76.90607518,1,0,1,"M",4,3,NA,2,6,1,1,52,"P",0,NA,0,"",NA,"Y",NA,0,NA,"03-FEB-71  00:00:00","9c58389a-3d5c-4366-bd77-c025af97e1f1","MD","C","","","A"
"DJ01080003",1,16,NA,2,88,2,3,1,4,0,6.01,"04-20-2015","13:38:00","0320","N","N","SEATPLEASANT","UNK",4,0,214,"MD","",0.87,"E","CENTRAL AVE",0,"F","E",366,"CO","","ADDISON RD",38.88718305,-76.89649701,1,0,1,"M",1,3,NA,2,3,0,2,54,"P",0,NA,0,"",NA,"",NA,1,NA,"10-APR-65","5e00cfa0-571d-40a0-a1b8-0958a2474f0c","DC","id","","","A"
"DJ01210005",1,16,NA,1,88,0,1,1,4,0,6.01,"06-10-2015","15:30:00","","N","N","SEATPLEASANT","UNK",3,0,214,"MD","",1.13,"E","CENTRAL AVE",50,"F","E",409,"OP","","SOPER LA",38.88742106,-76.89351976,1,1,1,"M",NA,3,NA,2,6,1,1,52,"P",0,NA,0,"",NA,"",NA,0,NA,"02-MAY-93","e546d819-c942-4da9-8340-42c6dd25522f","MD","","","",""
"DJ0121000H",4,16,134,1,88,1,2,1,4,0,3,"09-30-2016","20:10:00","","N","N","SEATPLEASANT","UNK",3,0,704,"MD","",0.51,"E","MARTIN LUTHER KING JR HWY",50,"F","E",9690,"MU","","69TH PL",38.89876202,-76.9041869,1,2,1,"M",NA,4,NA,2,6,1,1,52,"P",0,NA,0,"",NA,"Y",NA,0,NA,"12-MAR-77  00:00:00","a699e942-4ae5-4573-a048-0cc02ab54e32","","","","",""
"DM8270000C",1,15,143,1,88,1,1,1,1,0,7.01,"4/23/2017","18:01:00","8T3/807","N","N","TAKOMA","UNK",3,0,410,"MD","",6.06,"E","ETHAN ALLEN AVE",50,"M","E",1120,"MU","","PRINCE GEORGES AVE",38.97713471,-76.99922562,1,0,1,"F",NA,4,NA,1,6,1,1,52,"P",0,NA,0,"",NA,"U",NA,0,NA,"22-May-95","62f981c6-1b80-41fe-a578-bbf867ddc83a","","","","","A"
"DM83380008",1,16,0,3,88,2,NA,1,88,0,0,"10-30-2015","16:15:00","54142","N","N","TAKOMA","UNK",3,0,193,"MD","",0.34,"E","UNIVERSITY BLVD",10,"F","E",0,"UU","","SPUR TO MD 650",38.98902,-76.98776,1,0,1,"F",1,3,NA,0,5,0,1,51,"P",0,NA,0,"",NA,"N",NA,0,NA,"10-JUL-00","4a057ac3-06e7-4952-83c9-a137950b0caf","","","","",""
"DM8338000T",3,15,143,1,88,2,1,1,1,0,0,"3/3/2017","19:58:00","54142","N","N","TAKOMA","UNK",3,0,320,"MD","",0.03,"N","PINEY BRANCH RD",0.02,"M","N",1225,"MU","","TAKOMA AVE",38.98000694,-77.01715887,1,0,1,"M",9.88,4,NA,99,6,0,1,88,"P",0,NA,0,"",NA,"Y",NA,0,NA,"7-Oct-00","690a19bd-6171-4ad8-9200-c4272d6c45a2","","","","","A"
"DM83390009",1,15,143,3,8,2,2,1,1,0,6.01,"01-05-2016","09:03:00","54142","N","N","TAKOMA","UNK",3,0,410,"MD","",6.27,"E","ETHAN ALLEN AVE",0,"F","E",0,"UU","","ALLEY",38.97534167,-76.99543667,1,0,1,"F",1,3,NA,2,88,1,1,88,"P",0,NA,0,"",NA,"N",NA,0,NA,"18-NOV-94","f8328dd1-5e75-4b01-b064-6a08db52275e","","","","","A"
"DM8339000J",1,16,0,3,17,2,1,1,4,0,6.01,"08-31-2016","13:55:00","54112","Y","N","TAKOMA","UNK",3,3,193,"MD","",0.17,"E","UNIVERSITY BLVD",10,"F","E",0,"UU","","ENT TO BUSINESS",38.99062116,-76.98955894,1,0,2,"M",1,3,NA,99,6,1,1,52,"P",0,NA,0,"",NA,"N",NA,0,NA,"23-DEC-13  00:00:00","85c10d2b-81f6-48da-94fe-18653f436d2e","","","","","B"
"DM8339000J",1,16,0,3,17,2,1,1,4,0,6.01,"08-31-2016","13:55:00","54112","Y","N","TAKOMA","UNK",3,3,193,"MD","",0.17,"E","UNIVERSITY BLVD",10,"F","E",0,"UU","","ENT TO BUSINESS",38.99062116,-76.98955894,1,0,2,"F",1,3,NA,3,6,1,1,52,"P",0,NA,0,"",NA,"Y",NA,0,NA,"30-OCT-90  00:00:00","3cac4982-4c1f-457f-8ee2-514274909c68","MD","C","","","A"
"DM8374000R",1,15,143,2,2,2,1,0,1,0,6.01,"06-02-2016","18:25:00","54142","N","N","TAKOMA","UNK",4,4,410,"MD","",6.16,"E","ETHAN ALLEN AVE",0,"F","E",390,"MU","","ELM AVE",38.97596,-76.99699833,1,2,1,"M",1,3,NA,1,6,0,2,53,"P",0,NA,0,"",NA,"N",NA,1,NA,"12-NOV-89","493b6bd6-349a-4d8e-b10b-fb9c56f1c5a3","","","","","A"
"DM84230017",1,15,143,2,88,2,1,0,1,0,6.01,"12/12/2016","15:20:00","54112","N","N","TAKOMA","UNK",3,0,410,"MD","",4.56,"E","PHILADELPHIA AVE",0,"F","E",230,"MU","","CHICAGO AVE",38.98651333,-77.02152333,1,0,1,"F",1,3,NA,1,9.05,0,1,51,"P",0,NA,0,"",NA,"U",NA,0,NA,"20-Nov-78","a3381a24-7657-43f1-9485-9e25874ecf92","MD","C","","","A"
"DM8437000Y",1,15,0,2,88,2,NA,1,4,0,6.01,"07-20-2016","18:20:00","5414","Y","N","TAKOMA","UNK",3,0,193,"MD","",6.69,"E","UNIVERSITY BLVD E",0,"F","E",960,"MU","","MERRIMAC DR",38.98154833,-77.0095,1,0,1,"M",1,4,NA,1,5,3,1,51,"P",0,NA,0,"",NA,"Y",NA,1,NA,"12-JAN-50  00:00:00","07b1ec1c-4308-4b65-8b3e-83eace51d570","MD","","","","A"
"DM8453000L",1,15,143,0,88,2,1,1,3,0,6.01,"10/10/2016","8:53:00","5414-2","N","N","TAKOMA","UNK",3,0,410,"MD","",4.56,"E","PHILADELPHIA AVE",0,"F","E",230,"MU","","CHICAGO AVE",38.98666317,-77.02147186,1,0,1,"F",1,3,NA,99,9.05,1,1,51,"P",0,NA,0,"",NA,"U",NA,0,NA,"9-Dec-97","ab8ef9fa-b6ce-44b5-a508-3a9f59997b1c","MD","","","",""
"DP01070008",1,10,146,3,17,2,1,1,1,0,6.01,"4/13/2017","7:06:00","","Y","N","THURMONT","UNK",3,0,77,"MD","",7.92,"E","E MAIN ST",5,"F","W",350,"MU","","SUMMIT AVE",39.6209678,-77.4035418,1,0,1,"M",1,3,NA,2,5,88,1,52,"P",0,NA,0,"",NA,"Y",NA,1,NA,"16-Jun-05","ebcb78d0-ae3f-4988-8ef3-9aa2784f283c","","","","","A"
"DP01710007",1,10,146,1,11,2,1,1,1,0,6.01,"10-06-2015","14:33:00","","N","N","THURMONT","UNK",4,0,77,"MD","",7.75,"E","E MAIN ST",30,"F","W",210,"MU","","LOMBARD ST",39.6223257,-77.40655661,1,0,1,"M",1,3,NA,99,6,1,2,52,"P",0,NA,0,"",NA,"Y",NA,1,NA,"16-APR-03","7dd1c040-c2f1-4481-bf80-55aadd941d69","","n/a","","","A"
"DV00140009",3,6,155,1,88,1,2,1,4,0,88,"01-17-2016","18:14:00","","Y","N","WESTMINSTER","UNK",3,0,140,"MD","",8,"N","BALTIMORE BLVD",40,"F","N",97,"MD","","MALCOLM DR",39.56467653,-76.97427034,1,0,1,"F",99,4,NA,2,6,1,1,52,"P",0,NA,0,"",NA,"Y",NA,1,NA,"20-JAN-88","4cfcc9fd-2550-4e44-b42f-1da209a29a08","MD","","","","A"
"DV01290006",7.88,6,155,2,99,2,NA,1,1,99,99,"10-25-2015","22:00:00","","N","N","WESTMINSTER","UNK",3,99,27,"MD","",18.51,"N","RAILROAD AVE",0,"F","N",332,"MU","","W MAIN ST",39.57558502,-76.9963932,1,0,1,"M",0,3,NA,99,5,2,1,51,"P",0,NA,0,"",NA,"U",NA,1,NA,"01-SEP-54","c8f32039-4519-4e4e-98c8-04a5c7c039f7","MD","","","",""
"DX01390002",1,20,NA,3,17,2,1,1,1,0,6.01,"05-07-2015","15:09:00","","N","N","STMICHAELS","UNK",3,0,33,"MD","",13.2,"E","TALBOT ST",10,"F","E",250,"MU","","MILL ST",38.78705748,-76.22453928,1,0,1,"M",1,4,NA,3,5,0,1,51,"P",0,NA,0,"",NA,"",NA,0,NA,"05-MAY-47","6e191fb2-06f4-46b3-ab52-530080e6f68f","","","","","A"
"DX01560006",1,20,0,9.04,3,2,1,1,1,0,6.01,"5/7/2017","13:45:00","","N","N","STMICHAELS","UNK",1,0,33,"MD","",13.34,"E","TALBOT ST",20,"F","W",0,"UU","","ENT TO PARKING",38.78522075,-76.22422412,1,0,1,"M",1,3,NA,3,88,0,2,53,"P",0,NA,0,"",NA,"Y",NA,21,NA,"9-Feb-78","f704c933-0b35-494b-8ae8-385d703cabfe","MD","C","","","A"
"EC0030000B",1,7,112,2,17,2,1,1,2,0,6.01,"08-22-2016","11:15:00","","Y","N","NORTHEAST","UNK",3,0,272,"MD","",9.42,"S","MAIN ST (SB COUPLET)",0,"F","S",230,"MU","","THOMAS AVE",39.59586124,-75.94165675,1,0,1,"F",1,4,NA,0,9.05,1,1,51,"P",0,NA,0,"",NA,"N",NA,1,NA,"07-APR-44  00:00:00","9e1b4afc-f360-4dfa-8b60-bd5ed7c1c8e3","","","","","A"
"ED00190007",1,6,74,1,17,1,1,1,1,0,3,"06-21-2016","13:35:00","","Y","Y","HAMPSTEAD","UNK",3,0,30,"MD","BU",1.618,"N","MAIN ST",500,"F","N",70,"MU","","MOTT AVE WEST",39.60446479,-76.84970856,1,0,2,"M",NA,3,NA,4,88,0,88,59,"P",0,NA,0,"",NA,"N",NA,25.88,NA,"28-DEC-61","566a1969-aafe-4e70-8506-d79608b15a71","","","","",""
"ED00190007",1,6,74,1,17,1,1,1,1,0,3,"06-21-2016","13:35:00","","Y","Y","HAMPSTEAD","UNK",3,0,30,"MD","BU",1.618,"N","MAIN ST",500,"F","N",70,"MU","","MOTT AVE WEST",39.60446479,-76.84970856,1,0,2,"M",1,3,NA,4,88,0,88,59,"P",0,NA,0,"",NA,"N",NA,25.88,NA,"06-NOV-75","7bc3e29b-8752-4f43-b7e2-26fadd959148","MD","C","","","A"
"EE00690005",1,19,123,2,17,2,1,1,0,0,6.01,"10-06-2015","18:00:00","","N","N","PRINCESSANNE","UNK",3,0,675,"MD","",2.09,"N","SOMERSET AVE",0,"F","N",270,"MU","","PINE ST",38.21208574,-75.69530725,1,1,1,"F",99,3,NA,99,5,0,1,51,"P",0,NA,0,"",NA,"N",NA,0,NA,"09-SEP-60","4367147e-ee22-4d4e-a946-c9f3df1f7dd5","","","","","A"
"EE0112000D",1,19,123,2,11,2,1,1,1,0,6.01,"08-25-2016","10:50:00","","Y","N","PRINCESSANNE","UNK",4,0,388,"MD","",0.05,"E","E ANTIOCH AVE",0,"F","E",30,"MU","","BEECHWOOD ST",38.20170775,-75.69144487,1,0,1,"M",NA,3,NA,3,1,1,2,51,"P",0,NA,0,"",NA,"Y",NA,1,NA,"23-FEB-05  00:00:00","254976b4-4100-46d3-ba07-8e3a8704c96e","","","","","A"
"EJ7781000P",1,15,0,2,88,2,1,1,4,0,6.01,"06-18-2016","10:30:00","54144","Y","N","GAITHERSBURG","UNK",3,0,124,"MD","",0,"N","QUINCE ORCHARD RD",0,"F","N",28,"MD","","DARNESTOWN RD",39.11792704,-77.25259647,1,0,1,"M",1,4,NA,1,5,3,1,51,"P",0,NA,0,"",NA,"Y",NA,1,NA,"16-JUN-83","9d769455-1d36-4f8a-a48b-e8743cac27a4","","","","","A"
"EJ78260011",1,15,63,2,88,2,3,1,4,0,6.01,"01-19-2016","12:48:00","54112","Y","N","GAITHERSBURG","UNK",3,0,355,"MD","",14.02,"N","S FREDERICK RD",0,"F","N",360,"MU","","S SUMMIT AVE",39.137645,-77.19422833,1,0,1,"F",1,3,NA,3,5,3,1,62.88,"P",0,NA,0,"",NA,"Y",NA,0,NA,"24-JUN-01","785ab589-44ba-4434-acb2-2779f19fafbb","","","","","A"
"EJ78350008",3,15,63,3,88,2,3,1,4,0,6.01,"12/14/2016","21:29:00","5414","Y","N","GAITHERSBURG","UNK",3,0,355,"MD","",13,"N","FREDERICK RD",15,"F","N",427,"MU","","S WESTLAND DR",39.12618667,-77.18281833,1,0,1,"F",1,3,NA,3,6,3,1,52,"P",0,NA,0,"",NA,"Y",NA,0,NA,"12-Feb-02","abf64693-8cc0-4e20-b522-fa61d4016319","","","","","A"
"EJ78370016",4,15,0,2,17,2,1,1,4,0,0,"10/29/2016","6:35:00","54112","Y","N","GAITHERSBURG","UNK",3,0,124,"MD","",0.17,"N","QUINCE ORCHARD RD",0,"F","N",5359,"OP","","MCDONALD CHAPEL DR",39.11978638,-77.25077994,1,0,1,"M",1,3,NA,2,6,3,1,51,"P",0,NA,0,"",NA,"Y",NA,0,NA,"4-Feb-00","dee2bc25-0db0-4dab-99e3-ac5ab7db3e1b","","","","","A"
"EJ7847000V",3,15,NA,0,88,1,3,1,4,0,7.01,"02-18-2015","21:09:00","54142","N","N","GAITHERSBURG","UNK",3,0,355,"MD","",15.4,"N","FREDERICK RD",50,"F","N",NA,"UU","","SPUR FR MD 124",39.15197167,-77.21152833,1,0,1,"M",2,3,NA,2,6,1,1,53,"P",0,NA,0,"",NA,"",NA,1,NA,"10-JAN-74","d7365f4f-19aa-4007-b7d5-ea4cd68ddc02","MD","ID","","","A"
"EJ7847001T",1,15,0,0,3,2,NA,1,4,0,6.01,"06-08-2016","17:59:00","54112","N","N","GAITHERSBURG","UNK",4,0,28,"MD","",17.49,"E","DARNESTOWN RD",100,"F","E",381,"MU","","TREWORTHY RD",39.103445,-77.2243,1,0,1,"M",1,3,NA,4,8,0,2,53,"P",0,NA,0,"",NA,"N",NA,21,NA,"07-JUL-63","dfa08dfa-c8dc-46ca-8994-01397d1f2751","MD","C","","","A"
"EJ78520010",1,15,NA,2,3,2,3,1,4,0,0,"06-24-2015","12:23:00","54114","N","Y","GAITHERSBURG","UNK",2,0,355,"MD","",14.2,"N","S FREDERICK RD",0,"F","N",30,"MU","","CEDAR AVE",39.13965546,-77.196486,1,0,1,"M",1,4,NA,4,88,0,1,59,"P",0,NA,0,"",NA,"",NA,25.88,NA,"05-JUN-78","f0bbbe0e-d1d8-400f-b753-c3300e5eaa75","MD","c","","","B"
"EJ7852001K",3,15,63,0,88,2,1,1,1,0,6.01,"2/8/2017","10:11:00","54144","Y","N","GAITHERSBURG","UNK",3,0,117,"MD","",11.08,"E","CLOPPER RD",0,"F","W",88,"MU","","FIRSTFIELD RD",39.14376194,-77.22382441,1,0,1,"M",1,3,NA,2,5,99,1,51,"P",0,NA,0,"",NA,"N",NA,1,NA,"13-May-98","7cb64214-6003-4779-98e7-16022af1b980","MD","","","","A"
"EJ78530026",3,15,63,3,11,1,2,88,4,0,3,"2/28/2017","19:19:00","54142","Y","N","GAITHERSBURG","UNK",3,0,117,"MD","",11.91,"E","W DIAMOND AVE",5,"F","W",294,"MU","","PERRY PKWY",39.14040854,-77.20941827,1,0,1,"F",99,3,NA,88,5,3,1,51,"P",0,NA,0,"",NA,"Y",NA,1,NA,"15-Sep-56","bdfa4c49-e52d-468a-a492-6c3e0c72c4a0","MD","C","","","A"
"EJ7863000J",0,15,63,3,88,2,2,1,4,0,6.01,"10/9/2016","17:51:00","5414-2","Y","N","GAITHERSBURG","UNK",3,0,119,"MD","",2.57,"N","GREAT SENECA HWY",5,"F","N",124,"MD","","QUINCE ORCHARD RD",39.12861167,-77.23781167,1,0,1,"M",0,4,NA,1,5,3,2,51,"P",0,NA,0,"",NA,"Y",NA,1,NA,"19-Aug-02","3354e04e-fef9-4d97-a44f-718538a79466","","","","","A"
"EL0362000F",1,23,139,2,0,2,1,1,1,0,6.01,"08-02-2016","14:49:00","","N","N","SNOWHILL","UNK",3,0,12,"MD","",12.78,"N","WASHINGTON ST",0,"F","N",180,"MU","","GREEN ST",38.1877297,-75.37691027,1,0,1,"F",1,3,NA,1,9.05,0,1,51,"P",0,NA,0,"",NA,"N",NA,0,NA,"19-APR-45  00:00:00","0f18fc40-8d12-4595-8dac-cb2f668d3878","MD","C","","","A"
"EP01670002",1,5,NA,2,17,2,1,1,2,0,6.01,"04-24-2015","17:54:00","","Y","N","DENTON","UNK",4,0,404,"MD","BU",0.95,"W","GAY ST (WB COUPLET)",0,"F","W",9030,"MU","BU","3RD ST",38.88699097,-75.83122015,1,0,1,"M",1,3,NA,2,6,0,2,51,"P",0,NA,0,"",NA,"",NA,1,NA,"11-FEB-06","ddca91fd-97e6-48f2-858c-39b9ae355177","","","","","A"
"ES00340002",1,6,144,2,88,2,NA,1,1,0,6.01,"04-04-2016","15:05:00","","Y","N","TANEYTOWN","UNK",3,3,140,"MD","",20.78,"N","E BALTIMORE ST",0,"F","N",40,"MU","","BAUMGARDNER AVE",39.65832432,-77.17116326,1,0,1,"F",1,3,NA,99,9.05,3,1,51,"P",0,NA,0,"",NA,"Y",NA,1,NA,"10-JAN-03","8b2b039f-334e-4bfb-91f5-a7bc94c89306","","","","","A"
"ET72110003",3,5,NA,2,11,2,1,1,1,0,6.01,"04-30-2015","21:25:00","","Y","N","GREENSBORO","UNK",1,0,314,"MD","",0.56,"E","SUNSET AVE",0,"F","E",50,"MU","","CHURCH ST",38.5828,-75.482558,1,0,1,"F",NA,3,NA,2,10.88,1,2,51,"P",0,NA,0,"",NA,"",NA,0,NA,"09-APR-01","dd1a0877-4342-4d4c-9cbd-bb831ca36093","","","","","A"
"FP01430009",1,9,81,3,17,2,1,88,1,0,6.01,"07-10-2015","09:25:00","","Y","N","HURLOCK","UNK",3,0,331,"MD","",11.27,"N","S MAIN ST",50,"F","S",180,"MU","","MILL ST",38.63372322,-75.86348176,1,0,1,"F",1,3,NA,1,6,1,1,51,"P",0,NA,0,"",NA,"N",NA,1,NA,"09-DEC-69","30b8ca07-1583-4f98-a14a-c4991ccdde71","MD","","","",""
"GB10190008",1,16,50,0,17,2,2,0,1,24.05,6.01,"1/11/2017","13:30:00","","N","Y","EDMONSTON","UNK",9,10,201,"MD","",2.87,"N","KENILWORTH AVE",150,"F","S",601,"CO","","DECATUR ST",38.94953666,-76.93647265,1,0,1,"M",0,3,NA,4,12.88,0,1,56,"P",0,NA,0,"",NA,"N",NA,0,NA,"5-Jul-85","e59a6663-9b03-4bf6-8b90-9ec44a09843d","WV","","","","A"
"GC93380005",3,16,0,2,88,2,1,1,4,0,6.01,"08-01-2015","00:15:00","RA325","N","N","GLENARDEN","UNK",3,0,704,"MD","",3.92,"E","MARTIN LUTHER KING JR HWY",0,"F","E",3360,"CO","","REED ST",38.93601213,-76.86105967,1,0,1,"M",NA,3,NA,2,10.88,1,1,51,"P",0,NA,0,"",NA,"Y",NA,0,NA,"07-NOV-74","25882ad4-88ff-44dd-a1e2-2b6aaa30db0d","","","","","A"
"GK00270009",1,16,150,1,0,2,1,1,3,0,6.01,"04-20-2016","11:58:00","","N","N","UMARLBORO","UNK",3,0,725,"MD","",0.78,"E","MAIN ST",75,"F","W",717,"MD","","WATER ST",38.81467899,-76.75896406,1,0,1,"F",NA,4,NA,1,5,1,1,51,"P",0,NA,0,"",NA,"N",NA,0,NA,"18-MAY-46","99a7dfbc-41c7-411c-ad3b-e29e53692838","MD","","","","A"
"HA23300007",1,15,0,2,88,2,3,1,4,0,6.01,"07-06-2015","10:11:00","","Y","N","MCPARK","UNK",3,3,193,"MD","",2.74,"E","UNIVERSITY BLVD W",0,"F","E",7,"GV","","SLIGO CREEK PKWY",39.07366167,-77.00741167,1,0,1,"F",NA,3,NA,2,88,88,1,88,"P",0,NA,0,"",NA,"Y",NA,0,NA,"09-SEP-55","43b919f3-198f-4aab-b2d9-18797a218b3f","","","","","A"
"MCP0036002R",1,15,0,9.04,17,2,2,1,1,0,6.01,"08-27-2015","16:04:00","54114","N","N","MONTGOMERY","UNK",4,0,27,"MD","",6.56,"N","RIDGE RD",70,"F","N",108,"MD","","MAIN ST",39.28840503,-77.20512003,1,0,1,"M",1,4,NA,3,6,0,2,53,"P",0,NA,0,"",NA,"N",NA,1,NA,"15-APR-74","54af657d-fca7-440e-807d-4a8b5a421680","MD","C","","","A"
"MCP00360034",3,15,0,1,17,1,1,1,1,0,3,"11-10-2015","20:18:00","54142","N","N","MONTGOMERY","UNK",3,0,124,"MD","",16.74,"N","WOODFIELD RD",70,"F","S",3,"CO","","BETHESDA CHURCH RD",39.28388833,-77.20184667,1,0,1,"M",1,4,NA,2,4,1,1,52,"P",0,NA,0,"",NA,"U",NA,0,NA,"30-OCT-89","165315b7-130c-4534-b51b-1c2a0886d9fb","MD","ID","","","A"