"REPORT_NO","LIGHT_CODE","COUNTY_NO","MUNI_CODE","JUNCTION_CODE","COLLISION_TYPE_CODE","SURF_COND_CODE","LANE_CODE","RD_COND_CODE","RD_DIV_CODE","FIX_OBJ_CODE","WEATHER_CODE","ACC_DATE","ACC_TIME","LOC_CODE","SIGNAL_FLAG","C_M_ZONE_FLAG","AGENCY_CODE","AREA_CODE","HARM_EVENT_CODE1","HARM_EVENT_CODE2","RTE_NO","ROUTE_TYPE_CODE","RTE_SUFFIX","LOG_MILE","LOGMILE_DIR_FLAG","MAINROAD_NAME","DISTANCE","FEET_MILES_FLAG","DISTANCE_DIR_FLAG","REFERENCE_NO","REFERENCE_TYPE_CODE","REFERENCE_SUFFIX","REFERENCE_ROAD_NAME","LATITUDE","LONGITUDE","drv","occ","ped","SEX_CODE","CONDITION_CODE","INJ_SEVER_CODE","OCC_SEAT_POS_CODE","PED_VISIBLE_CODE","PED_LOCATION_CODE","PED_OBEY_CODE","PED_TYPE_CODE","MOVEMENT_CODE","PERSON_TYPE","ALCOHOL_TEST_CODE","ALCOHOL_TESTTYPE_CODE","DRUG_TEST_CODE","DRUG_TESTRESULT_CODE","BAC_CODE","FAULT_FLAG","EQUIP_PROB_CODE","SAF_EQUIP_CODE","EJECT_CODE","DATE_OF_BIRTH","PERSON_ID","LICENSE_STATE_CODE","CLASS","CDL_FLAG","VEHICLE_ID","EMS_UNIT_LABEL"
"MCP00360058",1,15,0,1,3,2,2,1,3,4,6.01,"10/14/2016","8:10:00","54114","N","N","MONTGOMERY","UNK",1,9,355,"MD","",19.7,"N","FREDERICK RD",260,"F","S",27,"MD","","RIDGE RD",39.20437833,-77.245845,2,0,1,"M",NA,3,NA,3,3,0,1,59,"P",0,NA,0,"",NA,"N",NA,1,NA,"24-Mar-94","d7daa2e8-dd99-4892-84a3-60a31804c803","","","","","B"
"MCP0487000C",1,15,NA,9.04,88,2,1,1,1,0,6.01,"04-05-2015","13:00:00","54124","Y","N","MONTGOMERY","UNK",3,0,115,"MD","",1.859,"E","MUNCASTER MILL RD",0,"F","E",NA,"UU","","ENT TO ST. FRANCIS OF ASSISI CHURCH",39.14059577,-77.13608265,1,0,1,"M",1,3,NA,4,10.88,0,1,56,"P",0,NA,0,"",NA,"",NA,25.88,NA,"25-JUN-53","4a242512-ab4f-4736-9aac-6f80bff5d971","MD","C","","","A"
"MCP0539001G",5.02,15,NA,1,17,2,3,1,4,4,6.01,"03-18-2015","07:05:00","54114","N","N","MONTGOMERY","UNK",9,3,97,"MD","",5.37,"N","GEORGIA AVE",400,"F","N",448,"OP","","ATLANTA DR",39.065665,-77.05803167,1,0,1,"M",1,4,NA,3,3,0,2,54,"P",0,NA,0,"",NA,"",NA,21,NA,"03-AUG-63","164291dd-2cd3-4775-baa5-4fa6437941cd","MD","CM","","","A"
"MCP0672000J",3,15,130,2,0,2,2,1,4,0,6.01,"5/17/2017","4:26:00","54112","Y","N","MONTGOMERY","UNK",3,0,28,"MD","",19.51,"E","W MONTGOMERY AVE",0,"F","E",212,"CO","","SHADY GROVE RD",39.10350847,-77.19058245,1,0,1,"M",99,4,NA,0,9.05,3,1,51,"P",0,NA,0,"",NA,"Y",NA,0,NA,"8-Sep-93","0688a3a7-1d6c-4982-891d-a16aa86f95a7","","","","","A"
"MCP0685002G",1,15,130,9.04,17,2,2,1,4,0,0,"08-08-2016","13:41:00","54114","Y","N","MONTGOMERY","UNK",4,0,355,"MD","",12.23,"N","FREDERICK RD",0,"F","N",0,"UU","","ENT TO MONT CO WASTE TRANSFER STATION",39.11931,-77.17144167,1,0,1,"M",1,3,NA,2,5,2,2,51,"P",0,NA,0,"",NA,"N",NA,1,NA,"10-AUG-77  00:00:00","56ba49e0-e6f8-43e6-9efc-7b9b5b0fda47","","","","","A"
"MCP06860003",1,15,0,1,17,2,NA,1,4,0,6.01,"3/23/2017","8:32:00","54112","N","N","MONTGOMERY","UNK",3,0,118,"MD","",5.07,"N","GERMANTOWN RD",50,"F","N",7244,"CO","","BOWMAN MILL RD",39.1751913,-77.27224499,1,0,1,"M",1,3,NA,4,6,0,1,59,"P",0,NA,0,"",NA,"N",NA,25.88,NA,"15-Sep-67","a30f0a1a-2679-43fd-9ed0-2046a7598a65","","","","",""
"MCP07040012",1,15,0,2,17,2,1,1,1,0,6.01,"6/26/2017","18:12:00","54114","Y","N","MONTGOMERY","UNK",3,0,355,"MD","",1.43,"N","WISCONSIN AVE",0,"F","N",4419,"CO","","BETHESDA AVE",38.98352333,-77.093235,1,0,1,"F",1,3,NA,1,9.05,2,1,51,"P",0,NA,0,"",NA,"N",NA,0,NA,"10-Jan-94","05dd9f06-f8aa-4741-b1c4-12bf6b0a7126","","","","","A"
"MCP0961000S",1,15,63,1,17,1,2,0,3,4,3,"05-02-2016","08:04:00","54114","N","N","MONTGOMERY","UNK",9,9,117,"MD","",10.23,"E","CLOPPER RD",20,"F","E",223,"CO","","LONGDRAFT RD",39.14811333,-77.23741,1,0,1,"M",1,3,NA,88,3,0,1,56,"P",0,NA,0,"",NA,"N",NA,1,NA,"19-JUN-60","9f494e2e-c211-42da-961f-b5b21ceb5d49","","","","",""
"MCP10220046",1,15,0,3,17,1,3,1,4,0,3,"02-23-2016","10:09:00","54142","Y","N","MONTGOMERY","UNK",3,0,118,"MD","",5.73,"N","GERMANTOWN RD",20,"F","N",5228,"OP","","CRYSTAL ROCK DR",39.18114333,-77.26191833,1,0,1,"F",1,4,NA,3,10.88,1,1,51,"P",0,NA,0,"",NA,"Y",NA,1,NA,"15-JAN-84","086b24e4-8070-4559-8201-79c806fccc22","MD","ID","","","A"
"MCP1064004G",1,15,0,2,88,2,2,1,4,0,7.01,"06-03-2016","11:54:00","54144","Y","N","MONTGOMERY","UNK",3,0,650,"MD","",2.68,"N","NEW HAMPSHIRE AVE",0,"F","N",4542,"CO","","ADELPHI RD",39.01147833,-76.97918,1,0,1,"F",1,4,NA,2,5,2,1,51,"P",0,NA,0,"",NA,"N",NA,0,NA,"14-JAN-97","e3d38397-c5b2-470b-a663-73ff13713661","","","","","A"
"MCP1123001D",3,15,0,2,17,2,3,0,4,0,6.01,"11/4/2016","6:16:00","54122","Y","N","MONTGOMERY","UNK",3,0,193,"MD","",2.42,"E","UNIVERSITY BLVD W",0,"F","E",1270,"CO","","INWOOD AVE",39.03623167,-77.03778167,1,0,1,"F",5,4,NA,3,9.05,3,1,51,"P",0,NA,0,"",NA,"Y",NA,1,NA,"14-Mar-64","02eb5ea1-d1e4-412c-a02a-df3fb8c15212","","","","","A"
"MCP11280043",5.02,15,0,2,88,1,3,1,4,0,7.01,"10-09-2015","07:28:00","54144","Y","N","MONTGOMERY","UNK",4,0,355,"MD","",1.52,"N","WISCONSIN AVE",0,"F","N",409,"CO","","ELM ST",38.98281167,-77.09328167,1,0,1,"F",1,3,NA,1,5,2,2,51,"P",0,NA,0,"",NA,"N",NA,1,NA,"18-JUL-00","04eaba0b-b9a8-4c7c-ada9-737abf0e747f","","","","","A"
"MCP1148000Q",1,15,NA,2,88,2,1,1,4,0,6.01,"02-27-2015","13:24:00","54112","Y","Y","MONTGOMERY","UNK",3,0,355,"MD","",1.62,"N","WISCONSIN AVE",0,"F","N",410,"MD","","MONTGOMERY AVE",38.98384333,-77.09389,1,0,1,"M",1,3,NA,3,6,88,1,59,"P",0,NA,0,"",NA,"",NA,1,NA,"30-MAR-87","04f4326f-1662-4f35-a58d-daa0272dfe7f","","","","","A"
"MCP1148001K",1,15,0,2,17,2,2,1,1,0,6.01,"1/25/2017","9:10:00","54114","Y","N","MONTGOMERY","UNK",3,0,396,"MD","",2.06,"E","MASSACHUSETTS AVE",0,"F","E",481,"CO","","JAMESTOWN RD",38.95164167,-77.10223667,1,0,1,"F",1,3,NA,3,5,1,1,51,"P",0,NA,0,"",NA,"N",NA,1,NA,"22-May-52","d09b76cf-03b0-4086-8cf0-1bb68496c75f","","","","","A"
"MCP1151002C",1,15,NA,1,88,2,3,1,4,4,6.01,"02-11-2015","07:45:00","54114","N","N","MONTGOMERY","UNK",3,9,355,"MD","",17.11,"N","FREDERICK RD",30,"F","N",1718,"CO","","HIGH POINT DR",39.16927333,-77.23471833,1,0,1,"M",1,4,NA,3,6,0,1,52,"P",0,NA,0,"",NA,"",NA,0,NA,"20-JAN-57","5b78d3b8-d9d9-4896-9b6e-90aed8348b3c","MD","ID","","","A"
"MCP1151005F",1,15,0,2,2,2,1,1,1,0,6.01,"10/18/2016","8:10:00","54112","N","N","MONTGOMERY","UNK",4,0,355,"MD","",21.45,"N","FREDERICK RD",0,"F","N",3343,"CO","","RUNNING BROOK DR",39.22517167,-77.26275333,1,0,1,"M",1,3,NA,3,1,0,2,53,"P",0,NA,0,"",NA,"Y",NA,21,NA,"16-Nov-86","8d15013e-e403-4b1c-9a1f-54ab6996c8ee","","","","","A"
"MCP1151006M",1,15,0,1,88,2,2,1,4,0,6.01,"6/22/2017","7:45:00","54124","Y","N","MONTGOMERY","UNK",3,0,355,"MD","",17.82,"N","FREDERICK RD",50,"F","N",0,"UU","","ENT TO FOX CHAPEL CENTER",39.17847703,-77.23839954,1,1,1,"M",1,4,NA,3,6,3,1,52,"P",0,NA,0,"",NA,"Y",NA,0,NA,"24-Sep-96","e2142c6e-d41f-478d-9a66-8a6dff28dcbc","MD","CLP","","","A"
"MCP11680009",1,15,0,2,17,2,2,1,4,0,7.01,"08-10-2015","13:08:00","54114","Y","N","MONTGOMERY","UNK",3,0,97,"MD","",12.34,"N","GEORGIA AVE",0,"F","N",4272,"CO","","QUEEN ELIZABETH DR",39.15919833,-77.064625,1,0,1,"F",1,3,NA,3,5,2,1,51,"P",0,NA,0,"",NA,"N",NA,0,NA,"10-AUG-62","8e83da6f-cab8-4e95-9357-3b854702c4b0","MD","c","","","A"
"MCP1168000G",1,15,0,6.01,88,1,1,88,88,0,6.01,"02-02-2016","10:01:00","54112","N","N","MONTGOMERY","UNK",3,0,97,"MD","",7,"N","GEORGIA AVE",300,"F","S",4092,"CO","","CONNECTICUT AVE",39.08397741,-77.07787201,1,0,1,"M",2,3,NA,3,6,1,1,88,"P",0,NA,0,"",NA,"Y",NA,0,NA,"07-FEB-58","04b97fbf-6168-468e-b920-d06c512b47e1","MD","NONE","","","A"
"MCP1174000Y",1,15,0,3,17,2,2,1,1,0,6.01,"07-23-2015","09:56:00","54114","N","N","MONTGOMERY","UNK",3,0,187,"MD","",0.36,"N","OLD GEORGETOWN RD",5,"F","S",381,"CO","","CORDELL AVE",38.98785167,-77.09937333,1,0,1,"F",1,3,NA,1,5,2,1,51,"P",0,NA,0,"",NA,"N",NA,1,NA,"08-JUL-80","c81c50f9-5c55-42d8-8697-e50bff21cf6e","MD","","","","A"
"MCP11740020",1,15,0,3,88,2,1,1,4,0,6.01,"3/17/2017","9:25:00","54122","Y","N","MONTGOMERY","UNK",3,0,355,"MD","",1.43,"N","WISCONSIN AVE",10,"F","N",4419,"CO","","BETHESDA AVE",38.98103486,-77.09271938,1,0,1,"F",1,3,NA,2,9.05,2,1,51,"P",0,NA,0,"",NA,"N",NA,1,NA,"18-Apr-66","95f6080d-29a3-4e2f-baea-94c0415e9f73","MD","C","","","A"
"MCP1205000Y",1,15,NA,9.04,17,2,3,1,4,88,6.01,"02-28-2015","09:21:00","5411","N","N","MONTGOMERY","UNK",9,3,185,"MD","",4.24,"N","CONNECTICUT AVE",30,"F","N",547,"MD","","KNOWLES AVE",39.02763549,-77.07640886,1,0,1,"F",1,4,NA,0,88,0,1,56,"P",0,NA,0,"",NA,"",NA,0,NA,"23-MAY-96","87764bf4-d4e3-4d32-bc2a-222c99b26b5b","MD","CL-C LRNR","","","B"
"MCP1212000S",1,15,0,2,13,2,1,1,1,0,0,"09-25-2016","09:34:00","54122","Y","N","MONTGOMERY","UNK",4,0,108,"MD","",4.44,"E","LAYTONSVILLE RD",0,"F","E",650,"MD","","DAMASCUS RD",39.276787,-77.16084,1,0,1,"M",NA,3,NA,0,1,0,2,53,"P",0,NA,0,"",NA,"N",NA,21,NA,"12-APR-53  00:00:00","5bf820e6-a322-4176-9b80-a240649a780a","MD","C","","",""
"MCP12270007",7.88,15,NA,1,17,2,1,1,1,0,6.01,"03-18-2015","19:45:00","5311","N","N","MONTGOMERY","UNK",3,0,355,"MD","",21.92,"N","FREDERICK RD",150,"F","N",232,"CO","","SHAWNEE LA",39.22979321,-77.26798832,1,0,1,"F",1,5,NA,2,6,1,1,52,"P",0,NA,0,"",NA,"",NA,0,NA,"06-FEB-48","ae243f36-d94c-4626-a7df-f0f7d7575ad5","MD","","","","A"
"MCP1227000F",4,15,0,3,17,2,2,1,4,0,6.01,"11-13-2015","18:11:00","5314","N","N","MONTGOMERY","UNK",3,3,355,"MD","",17.73,"N","FREDERICK RD",25,"F","N",124,"OP","","MAGNOLIA DR",39.176967,-77.2383821,1,0,1,"M",1,5,NA,2,6,1,1,52,"P",0,NA,0,"",NA,"U",NA,1,NA,"28-JUN-68","20b85bbe-da98-46f9-ad23-64ff7b134ead","","","","","B"
"MCP1227000K",7.88,15,0,1,17,2,2,1,4,0,7.01,"10/24/2016","6:54:00","5314","N","N","MONTGOMERY","UNK",3,0,97,"MD","",6.08,"N","GEORGIA AVE",150,"F","S",1673,"CO","","REGINA DR",39.07359011,-77.06593752,1,0,1,"M",1,5,NA,2,6,1,1,52,"P",0,NA,0,"",NA,"U",NA,1,NA,"30-Oct-51","0d9aa61b-7405-4034-b274-e5206b3c58a7","","","","","A"
"MCP12510010",1,15,0,2,2,2,1,1,3,0,6.01,"1/4/2017","13:45:00","54112","Y","N","MONTGOMERY","UNK",4,0,190,"MD","",10.02,"E","RIVER RD",0,"F","E",7070,"CO","","BRADLEY BLVD",39.00204464,-77.18083799,1,0,1,"M",1,3,NA,4,10.88,99,2,51,"P",0,NA,0,"",NA,"N",NA,21,NA,"14-Jun-56","2853495c-7c37-42ad-8831-e52924d95bc7","","","","","A"
"MCP13010008",1,15,NA,2,17,2,3,1,1,0,6.01,"03-31-2015","15:55:00","54142","Y","N","MONTGOMERY","UNK",3,0,118,"MD","",5.22,"N","GERMANTOWN RD",0,"F","N",5500,"CO","","WISTERIA DR",39.17727,-77.269535,1,0,1,"F",99,4,NA,3,6,3,1,99,"P",99,NA,99,"",NA,"",NA,0,NA,"29-JUN-70","09c7949c-8800-4518-b85e-2fb63db656c0","","","","","A"
"MCP1301000G",3,15,0,2,17,2,1,1,4,0,6.01,"10-21-2015","18:57:00","5314","Y","N","MONTGOMERY","UNK",3,0,190,"MD","",14.42,"E","RIVER RD",0,"F","E",1214,"CO","","SPRINGFIELD DR",38.96981966,-77.11203933,1,0,1,"F",99,5,NA,3,5,99,1,51,"P",0,NA,99,"U",NA,"U",NA,0,NA,"17-DEC-19","3432e867-65d8-4dbe-94a0-e1a0c7e10eb8","MD","","","",""
"MCP1301000H",3,15,130,1,7,2,3,1,4,0,6.01,"12-03-2015","21:47:00","4411","N","N","MONTGOMERY","UNK",2,3,355,"MD","",8.44,"N","ROCKVILLE PIKE",600,"F","S",1002,"MU","","EDMONSTON DR",39.0777754,-77.13333607,1,0,1,"M",NA,4,NA,2,88,0,1,59,"P",0,NA,0,"",NA,"N",NA,25.88,NA,"07-JUN-91","86c13b3e-6898-4cc8-89a9-78ce341a4c49","","","","",""
"MCP1301000J",3,15,0,1,17,0,NA,88,0,0,7.01,"02-09-2016","18:35:00","5414","N","N","MONTGOMERY","UNK",3,0,27,"MD","",3.45,"N","RIDGE RD",50,"F","N",4145,"CO","","HOFFMAN DR",39.25131469,-77.23219156,1,1,1,"M",NA,4,NA,4,1,1,1,99,"P",99,NA,0,"",NA,"U",NA,25.88,NA,"10-FEB-54","8fc1768c-9775-4456-9efb-4f2c5427a9ff","","","","","A"
"MCP1301000N",1,15,0,88,17,2,1,1,4,5,6.01,"07-17-2016","13:23:00","5311","N","N","MONTGOMERY","UNK",4,9,586,"MD","",3.02,"E","VEIRS MILL RD",0,"F","E",2011,"CO","","TURKEY BRANCH PKWY",39.05998514,-77.08942294,1,0,1,"M",NA,5,NA,3,5,3,2,51,"P",99,99,99,"U",NA,"Y",NA,21,NA,"24-MAR-85  00:00:00","dd07e95b-ef89-4715-a848-564a11be6cf9","","","","","A"
"MCP1301000R",1,15,0,2,17,2,1,1,4,0,6.01,"1/15/2017","11:49:00","5314","Y","N","MONTGOMERY","UNK",3,0,97,"MD","",3.27,"N","GEORGIA AVE",0,"F","N",864,"CO","","REEDIE DR",39.03868633,-77.05080584,1,0,1,"F",99,5,NA,1,5,99,1,51,"P",99,NA,99,"",NA,"U",NA,0,NA,"21-Apr-34","27be6de6-1ce3-4f0c-9771-cb5a71c43983","","","","","A"
"MCP13340045",1,15,0,2,17,2,1,1,4,0,6.01,"09-07-2016","13:06:00","54112","Y","N","MONTGOMERY","UNK",3,0,124,"MD","",8.51,"N","WOODFIELD RD",0,"F","N",5722,"CO","","HADLEY FARMS DR",39.18002446,-77.15061218,1,1,1,"F",1,4,NA,3,5,3,1,51,"P",0,NA,0,"",NA,"Y",NA,0,NA,"25-NOV-77  00:00:00","bfe79dee-e76b-495c-9911-8156eb0ce3c7","MD","ID","","","A"
"MCP13660042",3,15,130,2,17,2,NA,1,4,0,6.01,"01-13-2016","06:55:00","55144","Y","N","MONTGOMERY","UNK",3,0,355,"MD","",7.36,"N","ROCKVILLE PIKE",0,"F","N",1332,"MU","","HALPINE RD",39.06215333,-77.12398333,1,0,1,"M",1,4,NA,3,9.05,2,1,51,"P",0,NA,0,"",NA,"N",NA,0,NA,"20-AUG-77","ed457798-7874-4af6-8c2f-75ec13a2855e","","","","","A"
"MCP1378006W",1,15,63,2,11,2,NA,1,3,0,6.01,"07-08-2015","17:26:00","54122","Y","N","MONTGOMERY","UNK",4,0,124,"MD","",3.59,"N","MONTGOMERY VILLAGE AVE",0,"F","N",355,"MD","","FREDERICK RD",39.15345833,-77.21257,1,0,1,"M",1,3,NA,2,5,99,2,51,"P",0,NA,0,"",NA,"N",NA,21,NA,"12-SEP-85","ee80c96a-f432-48cc-9ef1-d4b82a18e8a7","","ID","","",""
"MCP13780084",1,15,63,9.04,17,2,1,1,3,0,7.01,"10-09-2015","17:47:00","54112","N","N","MONTGOMERY","UNK",4,0,355,"MD","",15.74,"N","FREDERICK RD",500,"F","N",43,"MU","","CHRISTOPHER AVE",39.15746722,-77.21754134,1,0,1,"F",1,3,NA,3,6,1,2,63.88,"P",0,NA,0,"",NA,"Y",NA,1,NA,"27-FEB-72","1252c8a6-4cd9-4a27-9a7b-e8927b23bdec","MD","NONE","","","A"
"MCP137800FN",1,15,63,2,17,2,3,1,4,0,6.01,"1/4/2017","15:25:00","54112","Y","N","MONTGOMERY","UNK",3,0,355,"MD","",13.85,"N","S FREDERICK RD",0,"F","N",514,"MU","","EDUCATION BLVD",39.135705,-77.19216167,1,0,1,"M",1,3,NA,1,5,2,1,51,"P",0,NA,0,"",NA,"N",NA,0,NA,"26-Sep-72","2b8854c6-4316-4023-8643-987f31f37753","MD","C","","",""
"MCP137800GZ",3,15,63,1,17,2,NA,1,1,0,6.01,"5/15/2017","20:51:00","54112","N","N","MONTGOMERY","UNK",4,0,355,"MD","",14.7,"N","FREDERICK RD",150,"F","N",200,"MU","","MARYLAND AVE",39.14518272,-77.20309764,1,0,1,"M",1,4,NA,2,6,1,2,52,"P",0,NA,0,"",NA,"Y",NA,1,NA,"28-Jul-98","38a18412-c2ff-42a7-861b-495ea098428e","MD","ID","","","A"
"MCP137800H6",1,15,63,2,11,2,2,1,4,0,6.01,"6/14/2017","18:02:00","54114","Y","N","MONTGOMERY","UNK",4,0,119,"MD","",0.51,"N","GREAT SENECA HWY",0,"F","N",6271,"CO","","SAM EIG HWY",39.10989667,-77.211555,1,0,1,"M",1,3,NA,2,5,2,2,51,"P",0,NA,0,"",NA,"N",NA,21,NA,"27-Aug-66","68c640b1-4c11-494f-b762-0d0073a94b4e","MD","C","","","A"
"MCP1379003T",1,15,NA,2,11,2,NA,1,4,0,6.01,"03-24-2015","15:05:00","54114","Y","N","MONTGOMERY","UNK",4,0,187,"MD","",3.36,"N","OLD GEORGETOWN RD",0,"F","N",166,"CO","","DEMOCRACY BLVD",39.02484167,-77.125805,1,0,1,"F",1,4,NA,1,5,2,2,51,"P",0,NA,0,"",NA,"",NA,21,NA,"10-JUN-97","4a560feb-43f5-4a08-9c08-7821d9098990","MD","Learner's Permit","","","A"
"MCP1417006F",4,15,0,2,11,1,1,1,4,0,3,"1/24/2017","6:36:00","54112","Y","N","MONTGOMERY","UNK",3,0,124,"MD","",4.32,"N","MONTGOMERY VILLAGE AVE",0,"F","N",0,"UU","","SPUR FR MD 124 TO MD 124",39.16004927,-77.20201537,1,0,1,"M",1,3,NA,3,16.05,3,1,51,"P",0,NA,0,"",NA,"Y",NA,1,NA,"20-Dec-63","bbf10b13-0ead-49e5-bcae-e850f77a6937","","","","","A"
"MCP1554000Y",3,15,130,2,11,2,4,1,4,0,6.01,"10-12-2015","20:15:00","5414-4","Y","N","MONTGOMERY","UNK",3,1,355,"MD","",12.03,"N","FREDERICK RD",0,"F","N",0,"UU","","ENT TO SHADY GROVE METRO STATION",39.11742167,-77.16875167,2,0,1,"M",88,3,NA,2,6,88,1,88,"P",0,NA,0,"",NA,"N",NA,1,NA,"03-APR-89","99f8cbb4-1245-4a13-89f7-1537597c470c","MD","NONE","","","A"
"MCP1563003R",1,15,0,1,11,2,3,1,1,0,6.01,"6/9/2017","16:30:00","54122","N","N","MONTGOMERY","UNK",4,0,185,"MD","",1.38,"N","CONNECTICUT AVE",20,"F","N",410,"MD","","EAST WEST HWY",38.98762115,-77.07727253,1,0,1,"M",1,3,NA,3,6,0,2,53,"P",0,NA,0,"",NA,"N",NA,21,NA,"11-Sep-64","5393d388-92b9-440d-adac-b837d22f3980","","","","",""
"MCP1573000V",1,15,0,2,17,2,1,1,4,0,6.01,"03-30-2016","19:19:00","54144","N","N","MONTGOMERY","UNK",3,0,97,"MD","",5.58,"N","GEORGIA AVE",0,"F","N",4349,"CO","","HATHAWAY DR",39.06708667,-77.06004333,1,0,1,"M",1,3,NA,3,9.05,3,1,51,"P",0,NA,0,"",NA,"N",NA,0,NA,"26-AUG-85","5a95192b-31bd-4653-8e7d-83653a3df5b6","","","","","A"
"MCP15950005",3,15,NA,1,17,1,3,1,4,0,3,"03-14-2015","00:34:00","54124","N","N","MONTGOMERY","UNK",3,0,97,"MD","",3.44,"N","GEORGIA AVE",30,"F","N",866,"CO","","ENNALLS AVE",39.04081129,-77.05160379,1,0,1,"M",99,4,NA,2,6,1,1,52,"P",0,NA,0,"",NA,"",NA,1,NA,"14-MAR-15","15ac7b49-4ba4-4ff6-94b9-9cb234fbb13d","US","","","","A"
"MCP20010009",5.02,15,0,2,3,2,1,1,3,0,6.01,"08-28-2015","06:15:00","5311","N","N","MONTGOMERY","UNK",4,0,396,"MD","",0.56,"E","MASSACHUSETTS AVE",0,"F","E",4428,"CO","","OSCEOLA RD",38.96492,-77.12308833,1,1,1,"M",1,5,NA,1,1,0,2,53,"P",0,NA,0,"",NA,"N",NA,21,NA,"05-OCT-50","d966313b-b6d2-4340-9624-13d9336f0002","MD","C","","",""
"MCP2001000J",4,15,0,2,17,2,1,1,4,0,6.01,"08-04-2016","21:20:00","5312","N","N","MONTGOMERY","UNK",3,0,182,"MD","",2.35,"N","LAYHILL RD",0,"F","N",0,"UU","","ENT TO LAYHILL SHOPPING CENTER",39.09240845,-77.04520404,1,0,1,"M",99,5,NA,99,6,1,1,99,"P",99,0,0,"",NA,"U",NA,99,NA,"20-FEB-39  00:00:00","07f64b53-c239-459e-b8b4-0fbc327c182a","","","","",""
"MCP2001000K",3,15,0,3,17,2,1,1,4,0,6.01,"10/16/2016","20:49:00","5411","Y","N","MONTGOMERY","UNK",3,0,28,"MD","",25.04,"E","NORBECK RD",5,"F","E",4560,"CO","","BALTIMORE RD",39.09517243,-77.11253889,1,0,1,"M",2,4,NA,2,6,3,1,51,"P",99,NA,0,"",NA,"U",NA,1,NA,"26-Nov-61","90c3335f-c3ef-4e26-90ed-619899fcd0df","","","","","A"
"MCP2008001L",3,15,85,2,88,1,3,1,1,0,3,"11-19-2015","17:47:00","54114","Y","N","MONTGOMERY","UNK",3,0,185,"MD","",4.4,"N","CONNECTICUT AVE",0,"F","N",192,"MD","","PLYERS MILL RD",39.03023,-77.07536,1,0,1,"F",1,4,NA,2,5,2,1,51,"P",0,NA,0,"",NA,"N",NA,0,NA,"13-AUG-55","38f0f74d-6826-4a57-a079-f32fd1afe20e","MD","","","","A"
"MCP20080026",3,15,0,1,3,2,3,1,4,4,0,"04-23-2016","23:15:00","5411","N","N","MONTGOMERY","UNK",1,3,185,"MD","",2.22,"N","CONNECTICUT AVE",536,"F","S",537,"CO","","JONES BRIDGE RD",38.99861667,-77.077115,2,1,1,"F",99,4,NA,2,6,0,1,99,"P",99,NA,99,"",NA,"U",NA,1,NA,"19-MAR-73","f6735fad-037c-4ebb-adae-aea27463328a","MD","C","","","C"
"MCP2008002X",3,15,0,3,1,2,1,1,1,0,6.01,"11/11/2016","17:46:00","54114","N","N","MONTGOMERY","UNK",1,3,188,"MD","",2.64,"E","WILSON LA",5,"F","E",7376,"CO","","MOORLAND LA",38.9871,-77.10963167,2,1,1,"F",1,3,NA,2,5,1,1,51,"P",0,NA,0,"",NA,"N",NA,1,NA,"4-Mar-58","e298529c-e573-4bd3-b451-cf2c94e1f47e","MD","C","","","B"
"MCP20460039",3,15,NA,2,13,1,1,1,1,0,8.04,"01-26-2015","06:53:00","54142","Y","N","MONTGOMERY","UNK",3,0,410,"MD","",3.71,"E","EAST WEST HWY",0,"F","E",384,"MD","","COLESVILLE RD",38.993415,-77.03198667,1,0,1,"F",1,3,NA,2,5,2,1,51,"P",0,NA,0,"",NA,"",NA,0,NA,"12-AUG-66","05805778-d6b9-47cc-9870-6f4d3f9174cd","","","","","A"
"MCP20480019",1,15,0,1,88,2,2,1,4,0,6.01,"6/23/2017","18:27:00","54142","N","N","MONTGOMERY","UNK",3,0,198,"MD","",3.65,"E","SANDY SPRING RD",50,"F","W",29,"RP","","RAMP 4 FR US 29 NB TO MD 198 EB",39.111815,-76.929065,1,0,1,"M",1,3,NA,2,3,1,1,63.88,"P",0,NA,0,"",NA,"N",NA,0,NA,"13-Dec-93","887f88dd-fa4d-4d2f-b2af-408dc929e0b3","MD","C","","","A"