"REPORT_NO","LIGHT_CODE","COUNTY_NO","MUNI_CODE","JUNCTION_CODE","COLLISION_TYPE_CODE","SURF_COND_CODE","LANE_CODE","RD_COND_CODE","RD_DIV_CODE","FIX_OBJ_CODE","WEATHER_CODE","ACC_DATE","ACC_TIME","LOC_CODE","SIGNAL_FLAG","C_M_ZONE_FLAG","AGENCY_CODE","AREA_CODE","HARM_EVENT_CODE1","HARM_EVENT_CODE2","RTE_NO","ROUTE_TYPE_CODE","RTE_SUFFIX","LOG_MILE","LOGMILE_DIR_FLAG","MAINROAD_NAME","DISTANCE","FEET_MILES_FLAG","DISTANCE_DIR_FLAG","REFERENCE_NO","REFERENCE_TYPE_CODE","REFERENCE_SUFFIX","REFERENCE_ROAD_NAME","LATITUDE","LONGITUDE","drv","occ","ped","SEX_CODE","CONDITION_CODE","INJ_SEVER_CODE","OCC_SEAT_POS_CODE","PED_VISIBLE_CODE","PED_LOCATION_CODE","PED_OBEY_CODE","PED_TYPE_CODE","MOVEMENT_CODE","PERSON_TYPE","ALCOHOL_TEST_CODE","ALCOHOL_TESTTYPE_CODE","DRUG_TEST_CODE","DRUG_TESTRESULT_CODE","BAC_CODE","FAULT_FLAG","EQUIP_PROB_CODE","SAF_EQUIP_CODE","EJECT_CODE","DATE_OF_BIRTH","PERSON_ID","LICENSE_STATE_CODE","CLASS","CDL_FLAG","VEHICLE_ID","EMS_UNIT_LABEL"
"MCP2082000Z",3,15,0,1,17,2,3,1,4,0,6.01,"6/11/2017","23:59:00","54114","N","N","MONTGOMERY","UNK",3,0,97,"MD","",3.44,"N","GEORGIA AVE",10,"F","N",866,"CO","","ENNALLS AVE",39.07991333,-77.080315,1,0,1,"M",2,4,NA,1,6,88,1,52,"P",0,NA,0,"",NA,"Y",NA,1,NA,"12-Mar-80","2139c4cd-c7a0-46ee-af1b-8cedc1432845","MD","C","","","A"
"MCP2087000K",3,15,0,2,88,2,3,1,4,0,6.01,"12/1/2016","6:51:00","54144","N","N","MONTGOMERY","UNK",3,0,586,"MD","",4.16,"E","VEIRS MILL RD",0,"F","E",1420,"CO","","CENTERHILL ST",39.05046833,-77.07252167,1,0,1,"M",1,4,NA,2,6,1,1,51,"P",0,NA,0,"",NA,"Y",NA,1,NA,"12-Sep-64","5273d124-e7f5-43bf-a965-7a906cc16af2","MD","C","","","A"
"MCP20940086",1,15,0,88,88,2,1,1,4,0,6.01,"4/7/2017","10:05:00","54114","Y","N","MONTGOMERY","UNK",3,0,396,"MD","",2.23,"E","MASSACHUSETTS AVE",5,"F","E",396,"MD","A","WESTMORELAND CIR",38.94939833,-77.10125667,1,0,1,"M",1,3,NA,3,5,1,2,51,"P",0,NA,0,"",NA,"N",NA,21,NA,"10-Oct-00","75d5d128-074a-4674-b1dd-13f1e85ae617","MD","C","","","A"
"MCP21070011",3,15,0,3,17,1,1,1,1,0,3,"1/3/2017","7:32:00","54142","Y","N","MONTGOMERY","UNK",3,0,117,"MD","",8.64,"E","CLOPPER RD",10,"F","E",3063,"CO","","CINNAMON DR",39.15610804,-77.26451889,1,0,1,"M",1,4,NA,2,6,1,1,52,"P",0,NA,0,"",NA,"Y",NA,1,NA,"25-Dec-62","0e54d9d5-0899-4bbb-9c15-2878fb03b8dd","MD","C","","","A"
"MCP21340008",3,15,NA,2,88,2,1,1,3,0,6.01,"01-05-2015","17:55:00","53142","Y","N","MONTGOMERY","UNK",3,0,586,"MD","",2.85,"E","VEIRS MILL RD",0,"F","E",1592,"CO","","PARKLAND DR",39.06151591,-77.09187984,1,0,1,"F",1,5,NA,2,5,3,1,51,"P",99,88,99,"U",0,"",NA,1,NA,"20-APR-95","b47e36b8-6457-40c4-b2a1-73f5450a32e7","","","","","A"
"MCP2134000S",3,15,0,1,88,2,1,1,4,0,6.01,"10/6/2016","19:28:00","54142","N","N","MONTGOMERY","UNK",3,0,97,"MD","",3.76,"N","GEORGIA AVE",40,"F","S",1129,"CO","","DAWSON AVE",39.04516101,-77.05215365,1,0,1,"M",2,4,NA,2,6,1,1,52,"P",88,88,0,"",NA,"U",NA,1,NA,"27-Sep-90","02073349-3511-4b26-a5a4-b147ce9966ce","","","","","A"
"MCP21340010",1,15,0,3,17,0,2,1,4,0,0,"5/18/2017","18:27:00","53142","Y","N","MONTGOMERY","UNK",3,0,124,"MD","",6.15,"N","WOODFIELD RD",0,"F","N",37,"CO","","EMORY GROVE RD",39.15204492,-77.17238903,1,0,1,"F",99,5,NA,1,5,3,1,51,"P",88,88,99,"",NA,"U",NA,1,NA,"2-Oct-40","5f39f32d-3725-4a9f-971a-137d950fc4d6","","","","","A"
"MCP2162000V",4,15,NA,1,88,4,1,1,1,0,8.04,"02-14-2015","20:05:00","74142","N","N","MONTGOMERY","UNK",3,0,108,"MD","",15.519,"E","OLNEY SANDY SPRING RD",50,"F","E",NA,"UU","","ENT TO SHARP ST UNITED METHODIST CHURCH",39.14660833,-77.039365,1,0,1,"F",1,3,NA,3,6,0,1,56,"P",0,NA,0,"",NA,"",NA,1,NA,"25-SEP-69","c5512a0b-0cb4-4be8-a431-070efa60e90d","","","","","A"
"MCP2177001W",1,15,0,2,8,2,3,1,4,0,6.01,"6/10/2017","12:30:00","54122","Y","N","MONTGOMERY","UNK",4,0,28,"MD","",17.77,"E","DARNESTOWN RD",0,"F","E",81,"CO","","MUDDY BRANCH RD",39.102735,-77.22112333,1,0,1,"M",1,3,NA,3,8,0,2,0,"P",0,NA,0,"",NA,"N",NA,21,NA,"16-Aug-59","d611f962-0d1e-4fb0-a7d2-bce994617e97","","","","","A"
"MCP2203000M",3,15,NA,3,11,2,3,1,4,0,0,"02-01-2015","06:55:00","54144","N","N","MONTGOMERY","UNK",3,0,97,"MD","",3.1,"N","GEORGIA AVE",6,"F","N",1579,"CO","","PRICHARD RD",39.03660833,-77.05022833,1,0,1,"M",1,4,NA,3,9.05,3,1,51,"P",0,NA,0,"",NA,"",NA,1,NA,"01-AUG-87","de59e9ad-736c-4a0c-9c77-6a5d4507ddf3","","","","","A"
"MCP2203000N",1,15,NA,2,17,2,2,1,4,0,6.01,"05-11-2015","15:10:00","54144","Y","N","MONTGOMERY","UNK",3,0,185,"MD","",5.04,"N","CONNECTICUT AVE",0,"F","N",295,"CO","","DENFELD AVE",39.03896333,-77.07703833,1,0,1,"M",1,3,NA,1,5,3,1,62.88,"P",0,NA,0,"",NA,"",NA,0,NA,"18-DEC-02","16cf5a0b-fc9a-42f8-958e-d21c1c8b3912","","","","",""
"MCP2231001J",1,15,0,1,3,2,1,1,1,5,6.01,"11-21-2015","08:20:00","54114","N","N","MONTGOMERY","UNK",1,3,191,"MD","",3.41,"N","BRADLEY BLVD",50,"F","S",2319,"CO","","HOWELL RD",38.99733333,-77.13142833,3,0,1,"M",1,3,NA,4,1,1,1,59,"P",0,NA,0,"",NA,"N",NA,25.88,NA,"31-MAR-65","d38a91e8-a45a-4d26-80aa-f32424f6713b","","","","",""
"MCP2244000S",4,15,0,1,88,2,1,1,88,0,6.01,"01-31-2016","19:50:00","54142","N","N","MONTGOMERY","UNK",3,0,650,"MD","",3.1,"N","NEW HAMPSHIRE AVE",50,"F","N",495,"RP","","RAMP 6 FR IS 495 EB TO MD 650 SB",39.01791041,-76.97699413,1,1,1,"M",2,3,NA,2,12.88,88,1,52,"P",0,NA,0,"",NA,"Y",NA,1,NA,"10-JUN-68","115cec73-693d-453b-a55d-59acbc2b6bbd","MD","C","","","A"
"MCP2251001F",7.88,15,0,1,88,3,NA,1,4,0,8.04,"02-15-2016","05:38:00","54122","N","N","MONTGOMERY","UNK",3,0,586,"MD","",2.85,"E","VEIRS MILL RD",100,"F","E",1592,"CO","","PARKLAND DR",39.057305,-77.08481833,1,0,1,"M",1,3,NA,0,3,0,1,56,"P",0,NA,0,"",NA,"N",NA,0,NA,"08-JUN-55","06c6a35d-1bfe-4d7e-a7d3-bf2773eb9a38","","","","","A"
"MCP22550002",3,15,63,1,0,2,1,1,3,0,6.01,"6/18/2017","2:09:00","54142","N","N","MONTGOMERY","UNK",3,0,355,"MD","",14.86,"N","FREDERICK RD",100,"F","N",50,"MU","","DALAMAR ST",39.146945,-77.20524667,1,0,1,"F",NA,4,NA,2,6,88,1,52,"P",99,NA,0,"",NA,"Y",NA,0,NA,"18-Nov-93","0d9771ea-7fd7-4587-8c57-15a886adb8b9","","","","","A"
"MCP2278000N",1,15,NA,2,88,2,3,1,4,0,6.01,"06-15-2015","06:06:00","54112","Y","N","MONTGOMERY","UNK",4,0,187,"MD","",1.74,"N","OLD GEORGETOWN RD",0,"F","N",4392,"CO","","OAKMONT AVE",39.0042447,-77.11063385,1,0,1,"M",1,4,NA,5,6,2,2,54,"P",0,NA,0,"",NA,"",NA,21,NA,"10-SEP-66","ffbddf2b-c193-4646-8e34-ec578c16a089","","","","","A"
"MCP22910016",1,15,NA,2,17,2,1,1,4,0,6.01,"06-11-2015","17:40:00","54142","Y","N","MONTGOMERY","UNK",3,0,185,"MD","",2.83,"N","CONNECTICUT AVE",0,"F","N",28,"GV","","BEACH DR",39.00809646,-77.08016396,1,0,1,"M",1,3,NA,3,10.88,1,2,52,"P",0,NA,0,"",NA,"",NA,1,NA,"25-JAN-93","6644dd18-3e29-45f3-be01-4e247ea33136","","","","",""
"MCP2291001G",1,15,0,1,17,2,3,1,4,0,6.01,"10-23-2015","14:50:00","54142","N","N","MONTGOMERY","UNK",3,0,355,"MD","",1.02,"N","WISCONSIN AVE",60,"F","N",424,"CO","","NORWOOD DR",38.97484667,-77.09015667,1,0,1,"M",NA,3,NA,3,3,0,2,63.88,"P",0,NA,0,"",NA,"Y",NA,21,NA,"22-MAR-01","5345c387-be06-43b7-8724-3e46c5f9eb39","","","","","A"
"MCP2298007N",4,15,0,2,88,2,1,1,4,0,6.01,"02-10-2016","19:21:00","54142","Y","N","MONTGOMERY","UNK",3,0,119,"MD","",6.83,"N","GREAT SENECA HWY",0,"F","N",0,"UU","","GROTTO LA",39.16792833,-77.26765,1,0,1,"F",1,3,NA,2,12.88,0,1,51,"P",0,NA,0,"",NA,"N",NA,0,NA,"23-MAY-69","fd5be2cb-9138-4540-aab7-517f00f4034e","MD","C","","","A"
"MCP229800B9",3,15,0,2,88,0,NA,1,4,0,6.01,"11/7/2016","20:01:00","54114","N","N","MONTGOMERY","UNK",4,0,117,"MD","",7.66,"E","CLOPPER RD",0,"F","E",7010,"CO","","LIBERTY MILL RD",39.16217474,-77.28160657,1,0,3,"M",3,3,NA,3,10.88,1,2,51,"P",0,0,0,"U",NA,"N",NA,1,NA,"29-Aug-99","bf837599-e1b6-48fb-8a75-8626103aff81","","","","","B"
"MCP2335000Y",3,15,0,2,17,2,2,1,4,0,6.01,"5/27/2017","21:45:00","54144","N","N","MONTGOMERY","UNK",3,0,119,"MD","",5.92,"N","GREAT SENECA HWY",0,"F","N",4800,"CO","","DAIRYMAID DR",39.157865,-77.27576167,1,0,1,"F",1,3,NA,2,5,1,1,51,"P",0,NA,0,"",NA,"N",NA,0,NA,"27-Jan-76","de7151f9-7cad-4519-9de0-fe8885c93a65","","","","","A"
"MCP23390024",1,15,0,3,17,2,2,1,1,0,6.01,"1/31/2017","14:54:00","54114","Y","N","MONTGOMERY","UNK",3,0,650,"MD","",8.97,"N","NEW HAMPSHIRE AVE",0,"F","N",161,"CO","","GOOD HOPE RD",39.09610167,-77.00206167,1,0,1,"M",NA,3,NA,3,5,2,1,51,"P",0,NA,0,"",NA,"N",NA,0,NA,"25-Mar-98","37c6f7ea-defb-46ca-a42b-c6c60d7be1b3","MD","C","","","A"
"MCP2339002C",6.02,15,0,1,88,2,1,1,1,0,0,"4/27/2017","20:07:00","54122","N","N","MONTGOMERY","UNK",4,0,182,"MD","",6.491,"N","DR BIRD RD",0.2,"M","S",130,"CO","","BATCHELLORS FOREST RD",39.142901,-77.040811,1,0,1,"F",99,4,NA,2,1,1,2,53,"P",0,NA,0,"",NA,"N",NA,99,NA,"22-Jul-61","fb2a0579-364e-4779-aac0-0b109c8aa8cf","","","","","A"
"MCP2348000M",3,15,NA,3,17,1,3,1,3,88,88,"01-21-2015","19:30:00","54144","Y","N","MONTGOMERY","UNK",9,3,193,"MD","",2.42,"E","UNIVERSITY BLVD W",20,"F","E",1270,"CO","","INWOOD AVE",39.03602,-77.03609333,1,0,1,"M",1,4,NA,0,88,0,1,88,"P",0,NA,0,"",NA,"",NA,0,NA,"04-MAY-73","46e778da-a668-46ed-a447-576a216aaa15","","","","","A"
"MCP2348000Y",3,15,0,1,17,2,NA,1,3,0,6.01,"07-20-2015","22:21:00","54142","N","N","MONTGOMERY","UNK",3,0,118,"MD","",6.94,"N","GERMANTOWN RD",20,"F","N",7648,"CO","","CIDER BARRELL DR",39.19160335,-77.24471211,1,0,1,"M",99,4,NA,2,6,1,1,52,"P",0,NA,0,"",NA,"Y",NA,0,NA,"01-FEB-92","bbdf8567-99ef-41e5-b32b-b42cd60fa061","MD","ID","","","A"
"MCP23480018",3,15,0,0,17,2,2,1,3,0,6.01,"01-04-2016","19:04:00","54112","N","N","MONTGOMERY","UNK",3,0,97,"MD","",3.58,"N","GEORGIA AVE",20,"F","S",1138,"CO","","BLUERIDGE AVE",39.04270333,-77.051935,1,0,1,"M",99,4,NA,2,6,1,1,52,"P",0,NA,0,"",NA,"Y",NA,1,NA,"26-JUN-66","67815600-7e63-42be-b082-052afbc7dc35","","","","","A"
"MCP2353002Z",1,15,0,0,17,2,2,1,3,0,6.01,"10/4/2016","11:40:00","54144","N","N","MONTGOMERY","UNK",3,0,190,"MD","",15.01,"E","RIVER RD",2,"F","E",0,"UU","","CAPITOL CRESCENT TRAIL BRIDGE",38.96444833,-77.10323833,1,0,1,"F",1,4,NA,1,5,1,1,52,"P",0,NA,0,"",NA,"N",NA,1,NA,"30-May-92","00dc94d2-5f27-499d-85dd-d39ec5e150db","MN","D","","","A"
"MCP23530041",1,15,0,1,11,2,1,1,3,0,7.01,"6/12/2017","6:18:00","54114","N","N","MONTGOMERY","UNK",4,0,410,"MD","",1.87,"E","EAST WEST HWY",300,"F","E",0,"UU","","SPUR FR JONES MILL RD",38.99326333,-77.06411,1,0,1,"F",1,3,NA,5,4,0,2,52,"P",0,NA,0,"",NA,"Y",NA,21,NA,"6-Feb-61","a1114331-0c38-40af-8935-0257d6d6b277","MD","C","","","A"
"MCP2354000W",3,15,0,2,88,2,NA,1,0,0,6.01,"2/1/2017","11:17:00","54142","Y","N","MONTGOMERY","UNK",3,0,355,"MD","",6.36,"N","ROCKVILLE PIKE",0,"F","N",7220,"CO","","OLD GEORGETOWN RD",39.04970167,-77.11462,1,0,1,"F",1,3,NA,2,5,1,1,51,"P",0,NA,0,"",NA,"N",NA,1,NA,"8-Nov-94","4127f919-eca3-4ad3-b407-19c55ff0233a","","","","","A"
"MCP2358002G",1,15,0,2,11,2,2,1,1,0,6.01,"11/17/2016","14:37:00","54112","Y","N","MONTGOMERY","UNK",4,0,190,"MD","",8.22,"E","RIVER RD",0,"F","E",1318,"CO","","COUNSELMAN RD",39.01725833,-77.207855,1,0,1,"M",1,3,NA,3,6,0,2,53,"P",0,NA,0,"",NA,"N",NA,21,NA,"15-Jun-61","54290f89-19f4-490e-826d-7f373c768303","","","","","A"
"MCP2363000J",3,15,63,2,17,2,3,1,4,0,6.01,"09-07-2015","05:54:00","53142","Y","N","MONTGOMERY","UNK",3,0,355,"MD","",13,"N","FREDERICK RD",0,"F","N",3365,"CO","","S WESTLAND DR",39.12599041,-77.18295693,1,0,1,"F",1,5,NA,3,5,99,1,51,"P",0,NA,0,"",NA,"U",NA,1,NA,"06-JUN-65","d911fd4c-c1b7-447f-add2-0e591a0e51bb","","","","",""
"MCP2363000Y",6.02,15,130,2,88,2,1,1,4,0,6.01,"10/4/2016","19:15:00","54132","Y","N","MONTGOMERY","UNK",3,0,355,"MD","",9.45,"N","HUNGERFORD DR",0,"F","N",3356,"MU","","E MIDDLE LA",39.08511469,-77.14820623,1,0,1,"F",99,4,NA,3,9.05,99,1,51,"P",99,99,99,"U",NA,"U",NA,1,NA,"3-May-88","747421ae-843c-485d-9e04-12cbd7b1cb21","MD","C","","","A"
"MCP2370001T",1,15,NA,2,11,2,3,1,4,0,7.01,"06-17-2015","14:23:00","54142","Y","N","MONTGOMERY","UNK",3,0,650,"MD","",3.46,"N","NEW HAMPSHIRE AVE",0,"F","N",104,"CO","","POWDER MILL RD",39.02205333,-76.97723333,1,0,1,"M",99,4,NA,99,6,99,7,88,"P",0,NA,0,"",NA,"",NA,1,NA,"11-JUN-62","cc438bec-4f6c-49e5-9827-3389d24029e5","MD","C","","","A"
"MCP2386001D",1,15,0,2,11,2,1,1,1,0,6.01,"4/30/2017","15:30:00","54122","Y","N","MONTGOMERY","UNK",1,0,193,"MD","",6.69,"E","UNIVERSITY BLVD E",0,"F","E",960,"MU","","MERRIMAC DR",38.99255474,-76.99164033,1,0,1,"M",1,3,NA,2,5,1,2,51,"P",0,NA,0,"",NA,"N",NA,1,NA,"27-Aug-90","2dd37baf-282b-4eba-a612-59116939dde7","MD","XX","","",""
"MCP2396000Q",1,15,NA,2,11,2,1,1,3,0,6.01,"05-27-2015","09:55:00","54144","N","N","MONTGOMERY","UNK",3,0,185,"MD","",6.75,"N","CONNECTICUT AVE",0,"F","N",1564,"CO","","WELLER RD",39.06329864,-77.07331896,1,0,1,"M",NA,3,NA,3,9.05,3,1,51,"P",0,NA,0,"",NA,"",NA,0,NA,"26-DEC-74","f3396858-22ee-4ecc-91fb-fd0323ad2307","","","","","A"
"MCP2398001N",1,15,0,2,11,2,2,1,1,0,6.01,"6/10/2017","12:46:00","54142","N","N","MONTGOMERY","UNK",3,0,117,"MD","",10.14,"E","CLOPPER RD",0,"F","E",2596,"CO","","PARKRIDGE DR",39.1485,-77.239515,1,0,1,"F",1,3,NA,3,6,1,1,51,"P",0,NA,0,"",NA,"Y",NA,1,NA,"3-Feb-85","55bce39b-ee0a-4e9a-820f-a587f71498b0","","","","","A"
"MCP2422001F",1,15,0,2,88,1,1,1,0,0,3,"07-28-2016","17:42:00","54112","Y","N","MONTGOMERY","UNK",4,1,124,"MD","",7.73,"N","WOODFIELD RD",0,"F","N",3283,"CO","","AIRPARK RD",39.168425,-77.155045,1,0,1,"M",1,3,NA,4,9.05,0,2,51,"P",0,NA,0,"",NA,"N",NA,0,NA,"05-FEB-89  00:00:00","c9e7c8d3-5eb2-4f34-9ad8-789dbff3176d","MD","ID","","","A"
"MCP2425004W",3,15,NA,2,88,1,NA,1,4,0,3,"04-14-2015","06:40:00","54142","Y","N","MONTGOMERY","UNK",3,0,97,"MD","",1.61,"N","GEORGIA AVE",0,"F","N",192,"MD","","FOREST GLEN RD",39.01564833,-77.04175,1,0,1,"F",1,3,NA,3,5,99,1,51,"P",0,NA,0,"",NA,"",NA,1,NA,"21-JUL-88","2ac6dab7-bb51-4779-8960-809aacb56a80","ON","","","","A"
"MCP2425008X",1,15,0,2,17,1,1,1,4,0,7.01,"3/1/2017","8:36:00","54144","Y","N","MONTGOMERY","UNK",3,0,97,"MD","",0.21,"N","GEORGIA AVE",0,"F","N",599,"CO","","FENWICK LA",38.99837333,-77.03082167,1,0,1,"F",1,4,NA,1,5,1,1,51,"P",0,NA,0,"",NA,"N",NA,1,NA,"12-Nov-57","4b4d0b3c-aec0-48c5-9cee-1a676f58a582","MD","C","","","A"
"MCP2437001F",4,15,0,1,17,1,1,88,3,0,6.01,"01-25-2016","19:29:00","54112","N","N","MONTGOMERY","UNK",3,0,97,"MD","",5.58,"N","GEORGIA AVE",400,"F","N",4349,"CO","","HATHAWAY DR",39.06922667,-77.06196333,1,0,1,"M",2,4,NA,2,6,1,1,53,"P",0,NA,0,"",NA,"Y",NA,1,NA,"24-JUL-74","d011e0e3-c041-43aa-aca8-db199f6e0345","","","","","A"
"MCP2437002Q",1,15,0,2,17,2,2,1,3,0,6.01,"6/13/2017","18:21:00","54114","Y","N","MONTGOMERY","UNK",3,0,97,"MD","",6.42,"N","GEORGIA AVE",0,"F","N",128,"CO","","HEWITT AVE",39.0777,-77.070905,1,0,1,"F",1,3,NA,3,5,2,1,51,"P",0,NA,0,"",NA,"N",NA,1,NA,"18-Aug-68","d0ff4fc1-a35b-43ea-ab3d-3845578848ad","MD","C","","","A"
"MCP2470000X",4,15,0,1,88,2,1,1,1,0,6.01,"01-01-2016","05:28:00","54142","N","N","MONTGOMERY","UNK",3,0,115,"MD","",0.58,"E","MUNCASTER MILL RD",0,"F","E",0,"UU","","SNOW CREEK DR",39.152605,-77.15181167,1,2,1,"M",2,4,NA,2,6,1,1,56,"P",0,NA,0,"",NA,"Y",NA,1,NA,"07-APR-89","f87bcccc-cdb9-4665-9641-cf544f3d492a","","","","","A"
"MCP24920009",4,15,NA,1,88,2,2,1,4,0,6.01,"05-03-2015","22:06:00","54142","N","N","MONTGOMERY","UNK",3,0,355,"MD","",17.73,"N","FREDERICK RD",50,"F","N",124,"OP","","MAGNOLIA DR",39.17761156,-77.23842904,1,0,1,"M",99,4,NA,2,6,1,1,52,"P",99,0,99,"A",NA,"",NA,0,NA,"25-OCT-77","38fd4162-7386-49b3-99b6-d916a01318ce","","","","","A"
"MCP2492000J",3,15,0,3,88,1,1,1,4,0,3,"12-28-2015","19:28:00","53112","Y","N","MONTGOMERY","UNK",4,0,586,"MD","",3.02,"E","VEIRS MILL RD",10,"F","E",2011,"CO","","TURKEY BRANCH PKWY",39.06005167,-77.089165,1,0,1,"M",99,5,NA,2,5,1,2,51,"P",0,NA,0,"",NA,"U",NA,21,NA,"09-DEC-96","3ff25fae-8bd6-4a28-9777-7a88ae8666c6","TN","D","","","A"
"MCP2492000M",1,15,63,1,88,2,3,1,4,0,6.01,"06-02-2016","14:34:00","53142","N","N","MONTGOMERY","UNK",4,0,355,"MD","",14.2,"N","S FREDERICK RD",75,"F","S",30,"MU","","CEDAR AVE",39.13928333,-77.196055,1,1,1,"M",1,5,NA,1,6,1,2,88,"P",0,NA,0,"",NA,"U",NA,1,NA,"28-JUL-99","3f1f9428-760a-415f-8919-d5dcff5b63a2","","","","","A"
"MCP2493000Q",4,15,0,1,88,2,3,1,4,0,6.01,"11-29-2015","19:54:00","54144","N","N","MONTGOMERY","UNK",3,0,355,"MD","",18.02,"N","FREDERICK RD",500,"F","S",141,"CO","","MIDDLEBROOK RD",39.178895,-77.23851,1,0,1,"M",1,4,NA,2,6,1,1,52,"P",0,0,99,"A",NA,"Y",NA,0,NA,"14-JUL-92","6a65c822-90ff-403a-8c3a-52ba7aecd544","MD","ID","","","A"
"MCP2498000P",3,15,0,5.01,88,1,2,1,4,0,3,"05-06-2016","05:15:00","54122","N","N","MONTGOMERY","UNK",4,0,118,"MD","",5.99,"N","GERMANTOWN RD",50,"F","N",270,"RP","","RAMP 6 FR MD 118 EB TO IS 270 SB",39.18266182,-77.25869447,1,0,1,"M",1,3,NA,4,10.88,0,2,53,"P",0,NA,0,"",NA,"N",NA,21,NA,"30-JUL-66","b3c5f9e9-880c-4a45-8c12-21b0e39388b0","","","","",""
"MCP25090012",1,15,0,2,2,2,1,1,1,0,6.01,"03-09-2016","11:00:00","54114","Y","N","MONTGOMERY","UNK",4,0,320,"MD","",1.43,"N","PINEY BRANCH RD",0,"F","N",7,"GV","","SLIGO CREEK PKWY",38.99536167,-77.00674833,1,0,1,"F",1,4,NA,1,5,2,2,51,"P",0,NA,0,"",NA,"N",NA,21,NA,"05-JUN-67","2355e384-c64d-4c33-b8a2-07fd96d10abe","","","","","A"
"MCP25120028",3,15,63,1,11,2,1,1,1,0,6.01,"09-27-2016","19:51:00","54112","N","N","MONTGOMERY","UNK",3,3,117,"MD","",11.08,"E","CLOPPER RD",200,"F","W",88,"MU","","FIRSTFIELD RD",39.144595,-77.22561167,1,0,3,"F",1,3,NA,2,6,1,1,52,"P",0,NA,0,"",NA,"Y",NA,1,NA,"14-NOV-80  00:00:00","642cbf8b-61c1-4814-94f7-e5f5aab7cffd","GA","","","","A"
"MCP25120028",3,15,63,1,11,2,1,1,1,0,6.01,"09-27-2016","19:51:00","54112","N","N","MONTGOMERY","UNK",3,3,117,"MD","",11.08,"E","CLOPPER RD",200,"F","W",88,"MU","","FIRSTFIELD RD",39.144595,-77.22561167,1,0,3,"F",1,3,NA,2,6,1,1,52,"P",0,NA,0,"",NA,"Y",NA,1,NA,"15-OCT-84  00:00:00","ef466b02-ff12-4fbe-b53a-392bb3e62146","MD","","","","B"
"MCP2512002R",1,15,0,11.04,11,2,NA,1,4,0,6.01,"6/11/2017","15:30:00","54112","Y","N","MONTGOMERY","UNK",4,0,28,"MD","",18.19,"E","KEY WEST AVE",200,"F","E",7009,"CO","","DARNESTOWN RD",39.10100032,-77.21216083,1,0,1,"M",1,3,NA,1,8,0,2,53,"P",0,NA,0,"",NA,"N",NA,21,NA,"15-Jan-77","31087cfa-0d13-4c56-9f1c-3a05700c9df2","MD","CM","","","A"
"MCP2515000L",1,15,0,2,17,2,1,1,1,0,6.01,"04-25-2016","19:50:00","54124","N","N","MONTGOMERY","UNK",3,0,27,"MD","",5.67,"N","RIDGE RD",0,"F","N",13,"OP","","SUNSET DR",39.27839,-77.21242667,1,0,1,"F",NA,3,NA,2,8,0,1,54,"P",0,NA,0,"",NA,"N",NA,1,NA,"29-SEP-87","74e61f56-5b8c-467c-aece-40f0f59ea1f1","","","","",""
"MCP2536000D",3,15,0,2,88,2,NA,1,4,0,6.01,"08-14-2015","03:20:00","55122","N","N","MONTGOMERY","UNK",0,3,586,"MD","",3.86,"E","VEIRS MILL RD",0,"F","E",4339,"CO","","FERRARA AVE",39.05307167,-77.077145,1,0,1,"M",NA,3,NA,1,3,88,1,63.88,"P",0,NA,0,"",NA,"N",NA,1,NA,"04-NOV-83","a914d581-187f-4fa0-811f-504c65439d90","","","","",""
"MCP2546000R",3,15,NA,1,17,2,3,1,4,0,6.01,"02-11-2015","22:07:00","5414","N","N","MONTGOMERY","UNK",4,0,97,"MD","",7.28,"N","GEORGIA AVE",750,"F","N",5407,"OP","","CHESTERWOOD DR",39.089775,-77.07976,1,0,1,"M",1,4,NA,7,6,0,2,53,"P",0,NA,0,"",NA,"",NA,21,NA,"09-MAR-44","d088127c-ce1b-405a-9606-5b860c623865","MD","","","","A"
"MCP25490048",5.02,15,NA,2,2,1,1,1,4,0,0,"01-23-2015","07:15:00","54114","N","N","MONTGOMERY","UNK",5,0,185,"MD","",0.99,"N","CONNECTICUT AVE",0,"F","N",71,"MU","","THORNAPPLE ST",39.21237333,-77.14266,1,0,1,"M",1,3,NA,4,88,0,2,53,"P",0,NA,0,"",NA,"",NA,21,NA,"26-NOV-62","622b15da-2896-4e24-a7aa-712f986e3251","MD","C","","","A"