"REPORT_NO","LIGHT_CODE","COUNTY_NO","MUNI_CODE","JUNCTION_CODE","COLLISION_TYPE_CODE","SURF_COND_CODE","LANE_CODE","RD_COND_CODE","RD_DIV_CODE","FIX_OBJ_CODE","WEATHER_CODE","ACC_DATE","ACC_TIME","LOC_CODE","SIGNAL_FLAG","C_M_ZONE_FLAG","AGENCY_CODE","AREA_CODE","HARM_EVENT_CODE1","HARM_EVENT_CODE2","RTE_NO","ROUTE_TYPE_CODE","RTE_SUFFIX","LOG_MILE","LOGMILE_DIR_FLAG","MAINROAD_NAME","DISTANCE","FEET_MILES_FLAG","DISTANCE_DIR_FLAG","REFERENCE_NO","REFERENCE_TYPE_CODE","REFERENCE_SUFFIX","REFERENCE_ROAD_NAME","LATITUDE","LONGITUDE","drv","occ","ped","SEX_CODE","CONDITION_CODE","INJ_SEVER_CODE","OCC_SEAT_POS_CODE","PED_VISIBLE_CODE","PED_LOCATION_CODE","PED_OBEY_CODE","PED_TYPE_CODE","MOVEMENT_CODE","PERSON_TYPE","ALCOHOL_TEST_CODE","ALCOHOL_TESTTYPE_CODE","DRUG_TEST_CODE","DRUG_TESTRESULT_CODE","BAC_CODE","FAULT_FLAG","EQUIP_PROB_CODE","SAF_EQUIP_CODE","EJECT_CODE","DATE_OF_BIRTH","PERSON_ID","LICENSE_STATE_CODE","CLASS","CDL_FLAG","VEHICLE_ID","EMS_UNIT_LABEL"
"MCP25590019",3,15,63,3,11,2,NA,1,4,4,6.01,"07-24-2016","19:00:00","54122","Y","N","MONTGOMERY","UNK",4,0,124,"MD","",1.19,"N","QUINCE ORCHARD RD",5,"F","N",119,"MD","","GREAT SENECA HWY",39.1287099,-77.23744467,1,0,1,"M",1,3,NA,88,9.05,2,2,63.88,"P",0,NA,0,"",NA,"N",NA,88,NA,"12-JUL-83  00:00:00","60a3565a-f5a1-4b1f-a274-c14bcfabb6bf","MD","C","","",""
"MCP2559001R",1,15,0,3,8,2,NA,1,4,0,6.01,"4/9/2017","12:19:00","54142","Y","N","MONTGOMERY","UNK",4,0,124,"MD","",7.7,"N","WOODFIELD RD",0,"F","S",0,"UU","","SPUR TO AIRPARK RD",39.16897185,-77.15427339,1,0,1,"F",1,3,NA,3,5,2,2,51,"P",0,NA,0,"",NA,"N",NA,21,NA,"17-Jan-95","347f04c6-86db-48bc-9928-d8264ccd0479","MD","C","","",""
"MCP25630007",1,15,0,1,17,2,3,1,4,4,6.01,"09-18-2015","14:47:00","54142","N","N","MONTGOMERY","UNK",3,9,193,"MD","",6.02,"E","UNIVERSITY BLVD E",100,"F","E",934,"CO","","LANGLEY DR",39.00139743,-76.99550807,1,0,1,"M",99,4,NA,3,6,1,1,52,"P",88,99,99,"",NA,"U",NA,1,NA,"12-JUN-80","ef04adea-69a3-4b2e-934d-67ad32738f1a","","","","","A"
"MCP2565002G",3,15,0,2,17,1,NA,1,4,0,3,"12-22-2015","17:15:00","54142","Y","N","MONTGOMERY","UNK",3,0,187,"MD","",4.8,"N","OLD GEORGETOWN RD",0,"F","N",3016,"CO","","TILDEN LA",39.04474491,-77.12067738,1,0,1,"M",1,3,NA,2,9.05,2,1,51,"P",0,NA,0,"",NA,"N",NA,1,NA,"23-MAY-80","3fe115de-8fb9-4197-9979-66df6c3522a0","XX","N/A","","","A"
"MCP2586002L",3,15,0,2,88,2,2,1,4,0,6.01,"2/16/2017","18:36:00","54142","Y","N","MONTGOMERY","UNK",3,0,198,"MD","",4.31,"E","SANDY SPRING RD",0,"F","E",91,"CO","","MCKNEW RD",39.10613667,-76.918495,1,0,1,"M",1,3,NA,2,6,99,1,99,"P",0,NA,0,"",NA,"Y",NA,0,NA,"18-Apr-52","568d25d5-e0fb-4958-975a-e3d980599d07","MD","C","","","A"
"MCP2588000W",1,15,NA,3,88,2,3,1,3,0,6.01,"06-12-2015","13:57:00","54112","N","N","MONTGOMERY","UNK",3,0,97,"MD","",7,"N","GEORGIA AVE",20,"F","N",185,"MD","","CONNECTICUT AVE",39.08431333,-77.078245,1,0,1,"M",2,3,NA,88,88,0,1,88,"P",2,1,0,"",0.11,"",NA,0,NA,"22-NOV-87","38208ea1-52dd-4bac-940b-9b95e403a71b","","","","","A"
"MCP2594001M",1,15,0,2,88,2,1,1,88,0,6.01,"06-13-2016","14:01:00","54114","Y","N","MONTGOMERY","UNK",4,1,108,"MD","",13.52,"E","OLNEY SANDY SPRING RD",0,"F","E",0,"UU","","VILLAGE CENTER DR",39.15214892,-77.06449851,1,0,1,"M",1,3,NA,1,5,2,2,51,"P",0,NA,0,"",NA,"N",NA,1,NA,"15-JUL-95","ae41d62d-86bb-400a-8af0-10c8889b07af","MD","","","","A"
"MCP2594001X",1,15,0,2,11,0,NA,1,4,0,6.01,"09-08-2016","06:47:00","54112","N","N","MONTGOMERY","UNK",4,0,650,"MD","",7.88,"N","NEW HAMPSHIRE AVE",0,"F","N",108,"CO","","NOTLEY RD",39.08048218,-77.00139284,1,0,1,"M",1,3,NA,4,8,2,2,53,"P",0,NA,0,"",NA,"N",NA,21,NA,"08-DEC-46  00:00:00","67e73867-c89a-4021-9128-edad19d5de8e","MD","C","","","A"
"MCP26010009",3,15,0,2,88,1,1,1,1,0,2,"11-05-2015","20:48:00","54112","Y","N","MONTGOMERY","UNK",3,0,410,"MD","",3.77,"E","EAST WEST HWY",0,"F","E",0,"UU","","ENT TO SHOPPING CENTER",38.99282158,-77.03160524,1,0,1,"F",1,3,NA,2,5,3,1,51,"P",0,NA,0,"",NA,"Y",NA,0,NA,"28-APR-83","45c1f4c9-29ea-45c1-91b9-0adb27248e10","","","","","A"
"MCP2608001R",3,15,0,2,11,2,1,1,4,0,6.01,"11/24/2016","19:30:00","55122","Y","N","MONTGOMERY","UNK",3,0,390,"MD","",0.16,"N","16TH ST",0,"F","N",410,"MD","","EAST WEST HWY",38.99449764,-77.03621864,1,0,1,"M",NA,3,NA,3,5,2,1,51,"P",0,NA,0,"",NA,"N",NA,1,NA,"10-Nov-09","c94474e5-62ea-4db2-92d2-3e3aea5be326","","","","",""
"MCP2612001K",3,15,0,2,88,2,2,1,4,0,6.01,"11/28/2016","17:21:00","54142","N","N","MONTGOMERY","UNK",3,0,185,"MD","",8.02,"N","CONNECTICUT AVE",0,"F","N",142,"CO","","ASPEN HILL RD",39.08044333,-77.08018333,1,0,1,"M",1,3,NA,3,5,2,1,51,"P",0,NA,0,"",NA,"N",NA,0,NA,"4-Feb-57","76f2ed77-1ead-4a21-a185-a66102db85e6","MD","C","","","A"
"MCP2620000Z",1,15,0,2,11,2,3,1,4,0,6.01,"11-23-2015","16:37:00","54112","Y","N","MONTGOMERY","UNK",3,0,185,"MD","",6.75,"N","CONNECTICUT AVE",0,"F","N",1564,"CO","","WELLER RD",39.06304873,-77.07349062,1,0,1,"F",1,3,NA,3,9.05,3,1,51,"P",0,NA,0,"",NA,"Y",NA,1,NA,"20-JUL-02","5cae8144-2e19-4822-86a8-3817ef8f7d7c","","","","","A"
"MCP26270010",4,15,0,1,17,2,2,1,4,0,6.01,"02-16-2016","22:00:00","54114","N","N","MONTGOMERY","UNK",3,0,190,"MD","",11.96,"E","RIVER RD",NA,"M","E",5174,"CO","","ROYAL DOMINION DR",38.987945,-77.14669,1,0,1,"M",1,3,NA,3,10.88,0,1,88,"P",0,NA,0,"",NA,"Y",NA,1,NA,"19-NOV-67","a51fb142-fb16-42e7-8fca-e0d83282e041","VA","M","","","A"
"MCP26270012",3,15,0,3,17,88,2,1,4,0,6.01,"1/6/2017","18:15:00","54112","Y","N","MONTGOMERY","UNK",3,0,187,"MD","",1.43,"N","OLD GEORGETOWN RD",1,"F","N",167,"CO","","GREENTREE RD",39.00039483,-77.10948717,1,0,1,"F",1,3,NA,3,5,99,1,51,"P",0,NA,0,"",NA,"U",NA,1,NA,"15-Feb-86","e74c52ad-7c61-44ab-bbfc-100aaaedb222","MD","","","","A"
"MCP2639000T",3,15,NA,1,11,2,2,1,4,0,6.01,"05-03-2015","23:41:00","54142","N","N","MONTGOMERY","UNK",3,0,97,"MD","",3.27,"N","GEORGIA AVE",60,"F","N",864,"CO","","REEDIE DR",39.03910167,-77.05091,1,0,1,"F",1,4,NA,3,6,1,1,52,"P",0,NA,0,"",NA,"",NA,0,NA,"02-MAY-98","acdccfce-699a-492c-afc0-29e0a22f7ef3","MD","none","","","A"
"MCP2639001Q",3,15,0,2,11,2,2,1,4,0,7.01,"1/12/2017","23:45:00","54112","Y","N","MONTGOMERY","UNK",3,0,97,"MD","",3.27,"N","GEORGIA AVE",0,"F","N",864,"CO","","REEDIE DR",39.03885167,-77.050735,1,0,1,"M",2,4,NA,2,6,3,1,52,"P",0,NA,0,"",NA,"Y",NA,1,NA,"22-May-79","e1c46bda-07c1-4ab0-bd55-d318002d62ce","MD",NA,"","","A"
"MCP26430008",3,15,NA,1,3,2,1,1,4,0,6.01,"04-24-2015","20:52:00","44114","N","N","MONTGOMERY","UNK",1,0,650,"MD","",4.09,"N","NEW HAMPSHIRE AVE",50,"F","N",217,"CO","","CHALMERS RD",39.02885833,-76.98325333,2,0,1,"M",0,3,NA,2,88,0,1,56,"P",0,NA,0,"",NA,"",NA,0,NA,"16-JUN-85","0a778ede-b2fc-4061-bdcb-36e9a4f300a6","","","","",""
"MCP2650000H",6.02,15,0,2,11,2,2,1,4,0,0,"5/3/2017","19:48:00","54112","Y","N","MONTGOMERY","UNK",4,0,355,"MD","",1.95,"N","WISCONSIN AVE",0,"F","N",981,"CO","","CHELTENHAM DR",38.98834667,-77.09484833,1,0,1,"M",1,3,NA,0,5,2,2,51,"P",0,NA,0,"",NA,"N",NA,0,NA,"23-May-67","7380cf9d-ecf0-483f-9a59-bb447a35d72a","","","","",""
"MCP26710014",1,15,0,2,17,2,1,1,4,0,6.01,"06-14-2016","18:25:00","54112","N","N","MONTGOMERY","UNK",3,0,97,"MD","",0.21,"N","GEORGIA AVE",0,"F","N",599,"CO","","FENWICK LA",38.99830824,-77.0306021,1,0,1,"M",1,3,NA,3,6,1,1,51,"P",0,NA,0,"",NA,"Y",NA,1,NA,"14-FEB-94","59371504-8dda-4a7b-9cbf-f2b60b8ca4f3","MD","","","","A"
"MCP26800017",3,15,NA,1,3,1,1,1,1,0,3,"04-09-2015","21:37:00","54144","N","N","MONTGOMERY","UNK",3,0,410,"MD","",3.48,"E","EAST WEST HWY",50,"F","E",390,"MD","","16TH ST",38.99529667,-77.03877833,1,0,1,"F",1,3,NA,2,9.05,2,1,51,"P",0,NA,0,"",NA,"",NA,1,NA,"05-SEP-89","16b38941-521e-4c4f-bfe6-7692dc21229b","","","","","A"
"MCP2680001F",1,15,NA,2,11,2,3,1,4,0,6.01,"06-19-2015","14:00:00","54122","Y","N","MONTGOMERY","UNK",3,0,384,"MD","",0.39,"E","COLESVILLE RD",0,"F","E",1300,"CO","","SECOND AVE",38.99485167,-77.03069833,1,0,1,"F",1,3,NA,1,5,2,1,51,"P",0,NA,0,"",NA,"",NA,1,NA,"26-OCT-62","096a825f-8178-42c2-8266-e1b0485d4317","MD","","","","A"
"MCP2686000X",4,15,0,0,88,2,NA,1,1,0,6.01,"10-21-2015","23:12:00","54124","N","N","MONTGOMERY","UNK",3,0,117,"MD","",8.64,"E","CLOPPER RD",100,"F","E",3063,"CO","","CINNAMON DR",39.15608828,-77.26456046,1,0,1,"M",1,3,NA,3,1,0,88,56,"P",0,NA,0,"",NA,"N",NA,88,NA,"26-FEB-85","99f9f36d-61e9-4d64-9926-d2132ac0f5b9","","","","","A"
"MCP2688001B",3,15,NA,2,88,1,3,1,3,88,3,"01-23-2015","21:45:00","54142","Y","N","MONTGOMERY","UNK",3,0,650,"MD","",3.32,"N","NEW HAMPSHIRE AVE",0,"F","N",2811,"CO","","ELTON RD",39.02051333,-76.97672333,1,2,1,"M",1,3,NA,3,5,99,1,51,"P",0,NA,0,"",NA,"",NA,0,NA,"23-JUL-60","3b5eddad-6364-4a80-9439-fc1b9584c2f0","","","","","A"
"MCP2689000X",1,15,NA,2,8,2,3,1,4,0,6.01,"05-16-2015","11:17:00","54142","Y","N","MONTGOMERY","UNK",4,0,355,"MD","",7.11,"N","ROCKVILLE PIKE",0,"F","N",2970,"MU","","TWINBROOK PKWY",39.059225,-77.12142833,1,2,1,"M",1,3,NA,2,6,0,2,53,"P",0,NA,0,"",NA,"",NA,21,NA,"25-OCT-61","f5c60ed5-d31f-48b4-a863-866b78184e25","MD","C","","",""
"MCP26890010",1,15,130,9.04,11,2,NA,1,4,0,6.01,"08-17-2015","10:25:00","54142","N","N","MONTGOMERY","UNK",4,0,355,"MD","",8.13,"N","ROCKVILLE PIKE",365,"F","N",2890,"MU","","TALBOTT ST",39.07171185,-77.13299274,1,0,1,"M",1,3,NA,1,3,1,2,63.88,"P",0,NA,0,"",NA,"N",NA,1,NA,"06-NOV-92","baffa8c7-df9f-4639-8bdf-7b8cbfcf422b","","","","","A"
"MCP2693000M",1,15,NA,2,17,2,1,1,4,0,6.01,"02-13-2015","16:00:00","54144","Y","N","MONTGOMERY","UNK",3,0,97,"MD","",4.28,"N","GEORGIA AVE",0,"F","N",282,"CO","","SHOREFIELD RD",39.05347833,-77.05083,1,0,1,"M",1,3,NA,3,5,2,1,51,"P",0,NA,0,"",NA,"",NA,0,NA,"28-OCT-03","f604f186-1174-4b6c-a983-2615956451a5","","","","","A"
"MCP2695001F",1,15,0,1,17,2,NA,1,3,0,6.01,"5/16/2017","14:56:00","54144","N","N","MONTGOMERY","UNK",3,0,198,"MD","",4,"E","SANDY SPRING RD",50,"F","E",3363,"CO","","DINO DR",39.10860151,-76.92221403,1,1,1,"M",1,4,NA,0,1,0,1,88,"P",0,NA,0,"",NA,"N",NA,0,NA,"26-Sep-81","46fcbe15-a586-4438-a914-14fb6512a9cc","","","","","A"
"MCP2708000T",1,15,0,1,3,2,2,1,3,0,6.01,"10-21-2015","15:41:00","54142","N","N","MONTGOMERY","UNK",1,0,320,"MD","",1.98,"N","PINEY BRANCH RD",50,"F","S",941,"CO","","BARRON ST",38.99899404,-76.99782282,1,0,1,"M",1,3,NA,3,6,0,2,53,"P",0,NA,0,"",NA,"Y",NA,1,NA,"14-FEB-63","3c4c8618-56e0-4077-8334-d53d62ddd8d3","MD","xx","","","A"
"MCP2710000K",1,15,NA,8.04,2,2,1,1,3,0,0,"05-18-2015","16:20:00","54122","N","N","MONTGOMERY","UNK",4,0,355,"MD","",14.86,"N","FREDERICK RD",0,"M","N",50,"MU","","DALAMAR ST",39.14748167,-77.205925,1,0,1,"F",1,3,NA,3,3,1,2,51,"P",0,NA,0,"",NA,"N",NA,1,NA,"15-JAN-97","8356f294-e3f0-4b37-868a-d71b54b3f6bc","","","","","A"
"MCP2717001Z",1,15,0,2,88,2,2,1,4,0,6.01,"07-15-2015","19:56:00","54114","Y","N","MONTGOMERY","UNK",3,0,187,"MD","",1.43,"N","OLD GEORGETOWN RD",0,"F","N",167,"CO","","GREENTREE RD",39.04668167,-77.11303333,1,0,1,"M",1,3,NA,3,5,2,1,51,"P",0,NA,0,"",NA,"N",NA,1,NA,"01-MAY-72","f9c53cf0-c1fa-4eb8-a876-af588d6611af","MD","C","","","A"
"MCP27170030",4,15,0,2,88,2,NA,1,4,0,6.01,"09-23-2015","19:37:00","54144","N","N","MONTGOMERY","UNK",4,0,410,"MD","",1.38,"E","EAST WEST HWY",0,"F","E",186,"MD","","BROOKVILLE RD",38.99202106,-77.07198858,1,0,1,"M",1,3,NA,3,3,1,2,51,"P",0,NA,0,"",NA,"N",NA,21,NA,"01-OCT-92","0759c71a-cd01-4d79-b220-ec19bc6c8d85","DE","C","","","A"
"MCP2717003Z",1,15,0,2,88,2,2,1,4,0,6.01,"11-23-2015","12:45:00","54144","Y","N","MONTGOMERY","UNK",3,0,410,"MD","",2.92,"E","EAST WEST HWY",0,"F","E",999,"CO","","SUNDALE DR",38.99438667,-77.04426667,1,0,1,"F",1,3,NA,3,5,2,1,51,"P",0,NA,0,"",NA,"N",NA,0,NA,"16-NOV-90","6efc3d70-55a5-4906-bc3f-7912daf922f4","MD","C","","","A"
"MCP2717008H",3,15,0,2,88,2,2,1,4,0,6.01,"11/15/2016","17:57:00","54144","Y","N","MONTGOMERY","UNK",4,0,187,"MD","",2.19,"N","OLD GEORGETOWN RD",0,"F","N",324,"CO","","BEECH AVE",39.01030333,-77.11492167,1,0,1,"M",1,3,NA,3,5,2,2,51,"P",0,NA,0,"",NA,"N",NA,21,NA,"28-Jan-03","5688f534-fa23-4047-a86e-6841af2b3a0d","","","","","A"
"MCP271700B3",1,15,0,2,88,2,2,1,4,0,6.01,"3/9/2017","16:45:00","54114","Y","N","MONTGOMERY","UNK",3,3,650,"MD","",2.96,"N","NEW HAMPSHIRE AVE",0,"F","N",1385,"CO","","OAKVIEW DR",39.01515533,-76.9780485,1,0,2,"F",1,3,NA,3,5,2,1,51,"P",0,NA,0,"",NA,"N",NA,1,NA,"23-Oct-08","67f9f0cc-84bb-41ee-9107-be7e0c868d91","MD","C","","","A"
"MCP271700B3",1,15,0,2,88,2,2,1,4,0,6.01,"3/9/2017","16:45:00","54114","Y","N","MONTGOMERY","UNK",3,3,650,"MD","",2.96,"N","NEW HAMPSHIRE AVE",0,"F","N",1385,"CO","","OAKVIEW DR",39.01515533,-76.9780485,1,0,2,"F",1,3,NA,3,5,2,1,51,"P",0,NA,0,"",NA,"N",NA,1,NA,"1-Mar-76","283c8502-1ecd-472a-9d3c-46abca2d91ab","MD","C","","","A"
"MCP2720001L",7.88,15,0,2,2,2,2,1,4,0,6.01,"10-18-2015","18:40:00","54144","N","N","MONTGOMERY","UNK",4,0,97,"MD","",7.1,"N","GEORGIA AVE",0,"F","N",0,"UU","","CROSSOVER",39.08553333,-77.07890333,1,0,1,"M",1,3,NA,3,6,0,2,53,"P",0,NA,0,"",NA,"Y",NA,21,NA,"28-FEB-49","63ed35c0-fb40-496c-84fc-636b61148dbe","MD","XX","","","A"
"MCP2723001P",1,15,0,2,11,2,1,1,1,0,6.01,"06-10-2016","10:09:00","54112","N","N","MONTGOMERY","UNK",4,0,650,"MD","",12.11,"N","NEW HAMPSHIRE AVE",0,"F","N",145,"CO","","EDNOR RD",39.20948333,-77.24713,1,0,1,"F",1,4,NA,1,6,1,2,53,"P",0,NA,0,"",NA,"N",NA,21,NA,"01-NOV-40","f2a18e84-4b32-4c3c-aa4d-e6ac0adbf4cc","MD","C","","","A"
"MCP2725000R",3,15,NA,2,17,1,1,0,4,0,3,"04-14-2015","22:24:00","54112","Y","N","MONTGOMERY","UNK",3,0,97,"MD","",7,"N","GEORGIA AVE",0,"F","N",4092,"CO","","CONNECTICUT AVE",39.08391667,-77.07775833,1,0,1,"F",1,3,NA,2,9.05,2,1,51,"P",0,NA,0,"",NA,"",NA,0,NA,"04-DEC-74","6a79250f-7477-46c6-9a87-cf9d8490fb22","","","","","A"
"MCP2727001D",1,15,0,2,88,2,1,1,3,0,0,"4/25/2017","8:44:00","54142","Y","N","MONTGOMERY","UNK",3,0,355,"MD","",21.269,"N","FREDERICK RD",0,"F","N",7669,"CO","","LITTLE SENECA PKWY",39.22321833,-77.26053333,1,0,1,"M",1,3,NA,3,9.05,3,1,51,"P",0,NA,0,"",NA,"Y",NA,1,NA,"25-Jun-03","3780a9fd-fff2-4108-8c4a-fec2b24a59de","","","","","A"
"MCP2730000M",3,15,0,0,88,1,NA,0,0,0,3,"11-19-2015","05:30:00","54142","N","N","MONTGOMERY","UNK",3,0,118,"MD","",5.73,"N","GERMANTOWN RD",50,"F","S",5228,"OP","","CRYSTAL ROCK DR",39.18418,-77.26321,1,0,1,"M",1,3,NA,3,3,0,1,63.88,"P",0,NA,0,"",NA,"N",NA,0,NA,"08-APR-68","4a201e9e-e1d0-4ce4-acb8-0e8454e57d12","MD","C","","","A"
"MCP2732000R",1,15,0,2,11,2,1,1,0,0,6.01,"09-07-2015","17:29:00","54142","N","N","MONTGOMERY","UNK",4,0,193,"MD","",1.85,"E","UNIVERSITY BLVD W",0,"F","E",2237,"CO","","WESTCHESTER DR",39.04058167,-77.04435833,1,0,1,"M",1,3,NA,2,10.88,1,2,51,"P",0,NA,0,"",NA,"N",NA,1,NA,"24-DEC-93","efcf8c48-f732-4441-8c14-9528f4c5736f","MD","c","","","A"
"MCP27360040",3,15,0,2,11,1,1,1,1,0,3,"11/9/2016","17:49:00","54142","N","N","MONTGOMERY","UNK",3,0,547,"MD","",1.29,"E","KNOWLES AVE",0,"F","E",2081,"CO","","HOWARD AVE",39.03023667,-77.08485167,1,0,1,"M",1,3,NA,2,6,1,1,51,"P",0,NA,0,"",NA,"Y",NA,1,NA,"4-Jan-47","302471bd-6988-4eb2-96d4-f9ef8b0216ef","MD","C","","",""
"MCP27400016",4,15,0,2,0,2,3,1,4,0,6.01,"11-01-2015","17:52:00","54142","N","N","MONTGOMERY","UNK",4,0,193,"MD","",6.52,"E","UNIVERSITY BLVD E",0,"F","E",940,"CO","","FORSTON DR",38.99483118,-76.99300289,1,0,1,"M",1,3,NA,99,5,99,2,51,"P",0,NA,0,"",NA,"N",NA,1,NA,"22-SEP-88","1e6773f8-b53e-4b4a-b108-1bbaa49c2c0c","","","","","A"
"MCP2740001C",3,15,0,2,17,2,1,1,1,0,6.01,"11-15-2015","18:49:00","54122","Y","N","MONTGOMERY","UNK",3,0,320,"MD","",1.2,"N","PINEY BRANCH RD",0,"F","N",7074,"CO","","DALE DR",38.99374833,-77.00917167,1,0,1,"M",1,3,NA,3,5,2,1,51,"P",0,NA,0,"",NA,"N",NA,1,NA,"05-APR-78","a73e325b-ff18-44ed-bb1a-9167a011786f","","","","",""
"MCP2740001X",3,15,0,2,17,2,2,1,4,0,6.01,"05-19-2016","21:40:00","54142","Y","N","MONTGOMERY","UNK",3,0,320,"MD","",2.09,"N","PINEY BRANCH RD",0,"F","N",193,"MD","","UNIVERSITY BLVD E",38.9996788,-76.99525595,1,0,2,"M",1,3,NA,3,5,2,1,51,"P",0,NA,0,"",NA,"N",NA,0,NA,"24-JUL-91","d2bbff7a-e4d2-4dc4-abb8-743e73d93bef","","","","","A"
"MCP2740001X",3,15,0,2,17,2,2,1,4,0,6.01,"05-19-2016","21:40:00","54142","Y","N","MONTGOMERY","UNK",3,0,320,"MD","",2.09,"N","PINEY BRANCH RD",0,"F","N",193,"MD","","UNIVERSITY BLVD E",38.9996788,-76.99525595,1,0,2,"F",1,3,NA,3,5,2,1,51,"P",0,NA,0,"",NA,"N",NA,0,NA,"09-SEP-91","501ae1ca-f78d-4753-91de-50893635737e","","","","","A"
"MCP27470014",3,15,0,3,11,1,4,1,4,0,7.01,"08-10-2015","20:45:00","54142","N","N","MONTGOMERY","UNK",3,0,97,"MD","",7,"N","GEORGIA AVE",0,"F","S",185,"MD","","CONNECTICUT AVE",39.0841,-77.08213833,1,0,1,"F",1,3,NA,3,5,1,1,51,"P",0,NA,0,"",NA,"N",NA,0,NA,"02-SEP-98","5f2768fd-35ad-4114-8c9d-1168aafdc609","","","","","A"
"MCP2750001F",1,15,NA,2,11,1,1,1,4,0,7.01,"06-01-2015","17:00:00","54142","Y","N","MONTGOMERY","UNK",3,0,586,"MD","",1.154,"E","VEIRS MILL RD",0,"F","E",NA,"UU","","ENT TO SHOPPING CENTER",39.03717167,-77.05171,1,0,1,"M",1,3,NA,1,9.05,3,1,51,"P",0,NA,0,"",NA,"",NA,0,NA,"24-NOV-98","7f905e73-ab88-46c9-8bcd-822c699788b8","US","N/A","","","A"
"MCP27530017",1,15,0,1,11,2,3,1,4,0,6.01,"07-26-2016","10:40:00","54142","Y","N","MONTGOMERY","UNK",4,0,97,"MD","",6.589,"N","GEORGIA AVE",0,"F","N",0,"UU","","LOTTE PLAZA",39.07914963,-77.07280397,1,1,1,"F",7,3,NA,3,6,1,2,54,"P",0,NA,0,"",NA,"Y",NA,21,NA,"19-JAN-54  00:00:00","f2eb426a-6ecd-4a43-a625-c2a8af898a27","MD","C","","","A"
"MCP27540014",3,15,0,2,0,2,2,1,1,0,6.01,"1/13/2017","17:52:00","54112","Y","N","MONTGOMERY","UNK",3,0,320,"MD","",1.77,"N","PINEY BRANCH RD",0,"F","N",2873,"CO","","ARLISS ST",38.99844582,-77.00106025,1,0,1,"M",99,3,NA,99,5,3,1,51,"P",0,NA,0,"",NA,"Y",NA,99,NA,"17-Mar-57","25a70bf7-306c-4c3c-a26d-17305b2c5444","MD","","","","A"
"MCP2755000R",7.88,15,0,2,88,0,1,1,1,88,6.01,"10/14/2016","20:34:00","54142","Y","N","MONTGOMERY","UNK",3,3,182,"MD","",0.21,"N","LAYHILL RD",0,"F","N",1114,"CO","","GLENALLAN AVE",39.06315806,-77.0501259,1,0,1,"F",1,3,NA,0,3,2,1,51,"P",0,NA,0,"",NA,"N",NA,0,NA,"11-Feb-71","c072ad5f-75f9-4c51-bb22-33abab1cd0f6","","","","","A"
"MCP2756000X",6.02,15,0,2,17,2,2,1,4,0,6.01,"09-13-2015","19:19:00","54144","Y","N","MONTGOMERY","UNK",3,3,193,"MD","",2.42,"E","UNIVERSITY BLVD W",0,"F","E",1270,"CO","","INWOOD AVE",39.036108,-77.036404,1,0,2,"F",1,4,NA,1,5,2,1,51,"P",0,NA,0,"",NA,"N",NA,0,NA,"22-JUN-50","e088262f-2bcd-499d-89b0-5ecaf2f1cfee","MD","N/A","","","B"
"MCP2756000X",6.02,15,0,2,17,2,2,1,4,0,6.01,"09-13-2015","19:19:00","54144","Y","N","MONTGOMERY","UNK",3,3,193,"MD","",2.42,"E","UNIVERSITY BLVD W",0,"F","E",1270,"CO","","INWOOD AVE",39.036108,-77.036404,1,0,2,"F",1,4,NA,1,5,2,1,51,"P",0,NA,0,"",NA,"N",NA,0,NA,"18-MAR-52","d1f0376b-a276-4db4-afef-963601a0a861","MD","N/A","","","A"
"MCP2757000L",3,15,NA,2,2,0,3,0,4,0,0,"05-09-2015","22:07:00","5412","Y","N","MONTGOMERY","UNK",4,0,586,"MD","",4.38,"E","VEIRS MILL RD",0,"F","E",863,"CO","","CLARIDGE RD",39.04842167,-77.06903167,1,0,1,"M",1,3,NA,3,5,3,2,51,"P",0,NA,0,"",NA,"",NA,1,NA,"01-OCT-95","6c76793c-a639-4b42-b5a0-994c4fb0983d","","","","","A"
"MCP2757001K",3,15,0,2,17,2,2,1,4,0,6.01,"2/3/2017","4:57:00","5414","Y","Y","MONTGOMERY","UNK",3,0,97,"MD","",4.64,"N","GEORGIA AVE",0,"F","N",1659,"CO","","RANDOLPH RD",39.0580305,-77.04965785,1,0,1,"M",1,3,NA,3,6,3,1,51,"P",0,NA,0,"",NA,"Y",NA,1,NA,"18-Mar-60","b09b25d9-5d5c-429c-b39e-fc5ae27013e4","","","","","A"