"REPORT_NO","LIGHT_CODE","COUNTY_NO","MUNI_CODE","JUNCTION_CODE","COLLISION_TYPE_CODE","SURF_COND_CODE","LANE_CODE","RD_COND_CODE","RD_DIV_CODE","FIX_OBJ_CODE","WEATHER_CODE","ACC_DATE","ACC_TIME","LOC_CODE","SIGNAL_FLAG","C_M_ZONE_FLAG","AGENCY_CODE","AREA_CODE","HARM_EVENT_CODE1","HARM_EVENT_CODE2","RTE_NO","ROUTE_TYPE_CODE","RTE_SUFFIX","LOG_MILE","LOGMILE_DIR_FLAG","MAINROAD_NAME","DISTANCE","FEET_MILES_FLAG","DISTANCE_DIR_FLAG","REFERENCE_NO","REFERENCE_TYPE_CODE","REFERENCE_SUFFIX","REFERENCE_ROAD_NAME","LATITUDE","LONGITUDE","drv","occ","ped","SEX_CODE","CONDITION_CODE","INJ_SEVER_CODE","OCC_SEAT_POS_CODE","PED_VISIBLE_CODE","PED_LOCATION_CODE","PED_OBEY_CODE","PED_TYPE_CODE","MOVEMENT_CODE","PERSON_TYPE","ALCOHOL_TEST_CODE","ALCOHOL_TESTTYPE_CODE","DRUG_TEST_CODE","DRUG_TESTRESULT_CODE","BAC_CODE","FAULT_FLAG","EQUIP_PROB_CODE","SAF_EQUIP_CODE","EJECT_CODE","DATE_OF_BIRTH","PERSON_ID","LICENSE_STATE_CODE","CLASS","CDL_FLAG","VEHICLE_ID","EMS_UNIT_LABEL"
"MCP2766001H",1,15,NA,88,11,2,2,1,4,0,6.01,"06-16-2015","20:00:00","54144","Y","N","MONTGOMERY","UNK",4,0,586,"MD","",3.02,"E","VEIRS MILL RD",10,"F","E",2011,"CO","","TURKEY BRANCH PKWY",39.06028667,-77.08915833,1,0,1,"M",1,3,NA,1,5,2,2,51,"P",0,NA,0,"",NA,"",NA,21,NA,"14-OCT-06","c872722a-c876-4ad2-bd2a-de51325a6f1b","","","","","A"
"MCP2774001G",3,15,0,0,0,1,2,1,1,0,3,"11-10-2015","05:34:00","55114","Y","N","MONTGOMERY","UNK",3,0,410,"MD","",3.71,"E","EAST WEST HWY",10,"F","E",384,"MD","","COLESVILLE RD",38.99418,-77.03288167,1,1,1,"U",1,3,NA,2,9.05,2,1,51,"P",0,NA,0,"",NA,"N",NA,0,NA,"04-NOV-85","977a32e2-2588-4465-91e8-867bffb7bd43","MD","","","","A"
"MCP2789000K",3,15,NA,2,17,1,3,1,4,0,3,"01-23-2015","20:10:00","54142","Y","N","MONTGOMERY","UNK",3,0,384,"MD","",0.53,"E","COLESVILLE RD",0,"F","E",97,"MD","","GEORGIA AVE",38.99734667,-77.029575,1,0,1,"M",0,3,NA,2,9.05,2,1,51,"P",0,NA,0,"",NA,"",NA,0,NA,"19-SEP-61","be95e8a5-2271-404b-9a7e-665e6daf897f","MD","","","","A"
"MCP2789001R",3,15,0,2,17,2,3,1,4,0,0,"11-06-2015","18:00:00","54142","Y","N","MONTGOMERY","UNK",3,0,97,"MD","",0.906,"N","GEORGIA AVE",0,"F","N",390,"MD","","16TH ST",39.00546667,-77.02337667,1,0,1,"M",NA,3,NA,2,5,99,1,51,"P",0,NA,0,"",NA,"U",NA,0,NA,"03-JUN-45","9ec04718-153f-4465-826c-930469470117","","","","","A"
"MCP27890021",3,15,0,2,17,1,2,1,4,0,2,"12-30-2015","19:14:00","54144","Y","N","MONTGOMERY","UNK",3,0,390,"MD","",0.16,"N","16TH ST",0,"F","N",410,"MD","","EAST WEST HWY",38.99486333,-77.03616333,1,0,1,"F",0,3,NA,3,9.05,2,1,51,"P",0,NA,0,"",NA,"N",NA,0,NA,"06-OCT-88","e5109ce6-d4e4-4cd4-9299-3f102d4fdaa6","","","","","A"
"MCP27890026",3,15,0,0,17,3,3,1,4,0,8.04,"01-20-2016","19:20:00","54142","N","N","MONTGOMERY","UNK",3,0,97,"MD","",2.02,"N","GEORGIA AVE",0,"F","N",957,"CO","","AUGUST DR",39.02171333,-77.04463,1,0,1,"F",0,3,NA,3,88,0,1,63.88,"P",0,NA,0,"",NA,"Y",NA,0,NA,"05-JUL-42","ecd282e3-9d31-4663-b0cf-88f845e4c89e","MD","","","","A"
"MCP2792000B",3,15,NA,2,3,1,3,1,4,0,6.01,"03-07-2015","00:50:00","54142","N","N","MONTGOMERY","UNK",3,0,355,"MD","",17.62,"N","FREDERICK RD",0,"F","N",4897,"CO","","GUNNERS BRANCH RD",39.17533667,-77.23818667,1,0,1,"F",2,3,NA,2,1,1,1,53,"P",0,NA,0,"",NA,"",NA,0,NA,"05-FEB-91","ccfde4ba-227b-4b88-91a3-5e31b5cca1d0","MD","I","","","A"
"MCP2796002Y",3,15,0,1,88,2,2,1,4,0,7.01,"12-29-2015","18:47:00","54142","N","N","MONTGOMERY","UNK",3,0,182,"MD","",0.052,"N","LAYHILL RD",50,"F","N",0,"UU","","ENT TO SHOPPING CENTER",39.06159333,-77.05088667,1,0,1,"M",1,3,NA,2,6,1,1,52,"P",0,NA,0,"",NA,"Y",NA,0,NA,"25-AUG-37","b9afb98f-47e5-4a33-acf4-bb3e79ea3d68","MD","","","","A"
"MCP28000020",1,15,NA,1,88,2,1,1,4,88,6.01,"05-28-2015","15:50:00","5411-2","N","N","MONTGOMERY","UNK",3,0,355,"MD","",1.36,"N","WISCONSIN AVE",100,"F","N",385,"CO","","WOODMONT AVE",38.98217167,-77.093205,1,0,1,"F",1,3,NA,3,6,88,1,52,"P",0,NA,0,"",NA,"",NA,0,NA,"08-JAN-87","710a7903-bd07-482c-b563-197802d1fb65","MD","c","","",""
"MCP28000023",1,15,NA,2,88,2,3,1,4,0,6.01,"06-09-2015","17:45:00","5421-2","N","N","MONTGOMERY","UNK",4,0,187,"MD","",1.9,"N","OLD GEORGETOWN RD",0,"F","N",322,"CO","","ALTA VISTA RD",39.00713667,-77.11219,1,0,1,"M",1,3,NA,3,5,1,2,51,"P",0,NA,0,"",NA,"",NA,21,NA,"10-APR-62","522c1bd4-65e5-488f-bddf-a8771dca07fe","MD","c","","",""
"MCP2812001S",3,15,0,2,17,2,2,1,4,0,6.01,"12-18-2015","23:40:00","54112","Y","N","MONTGOMERY","UNK",3,0,97,"MD","",0.31,"N","GEORGIA AVE",0,"F","N",598,"CO","","SPRING ST",38.99944794,-77.03172594,1,0,1,"F",0,3,NA,99,5,3,1,51,"P",0,NA,0,"",NA,"U",NA,0,NA,"18-DEC-15","ea145d40-83ec-4e85-a363-91a17b1da7e5","","","","",""
"MCP2818001H",4,15,0,2,0,1,2,1,1,0,3,"12-14-2015","17:20:00","54122","Y","N","MONTGOMERY","UNK",3,0,97,"MD","",0.13,"N","GEORGIA AVE",0,"F","N",600,"CO","","CAMERON ST",38.99755333,-77.02970333,1,0,1,"F",1,3,NA,3,9.05,2,1,51,"P",0,NA,0,"",NA,"N",NA,0,NA,"30-DEC-74","14582517-2166-4199-afa6-6d30e9185f65","MD","C","","","A"
"MCP2825000M",3,15,0,2,88,2,NA,1,4,0,6.01,"12-05-2015","22:34:00","54144","Y","N","MONTGOMERY","UNK",3,0,97,"MD","",2.65,"N","GEORGIA AVE",0,"F","N",293,"CO","","PLYERS MILL RD",39.03007749,-77.04779506,1,0,1,"F",1,3,NA,2,5,2,1,51,"P",0,NA,0,"",NA,"N",NA,0,NA,"05-JAN-95","4b0651d8-73e8-4e5f-86fa-2e51fbfe318e","","na","","","A"
"MCP28290034",3,15,0,0,88,2,2,1,4,0,7.01,"5/11/2017","5:08:00","5412","N","N","MONTGOMERY","UNK",4,0,320,"MD","",2.09,"N","PINEY BRANCH RD",0,"F","N",193,"MD","","UNIVERSITY BLVD E",38.99609,-77.11640667,1,0,1,"M",1,4,NA,99,6,0,2,53,"P",0,NA,0,"",NA,"N",NA,21,NA,"13-Nov-75","ffa78389-f251-43a3-8891-a0de8ec2b311","XX","XX","","","A"
"MCP28300032",1,15,0,2,11,2,NA,1,2,0,0,"6/15/2017","7:01:00","54112","Y","N","MONTGOMERY","UNK",1,4,650,"MD","",10.84,"N","NEW HAMPSHIRE AVE",0,"F","N",2806,"CO","","SPOTSWOOD DR",39.11898,-76.98926167,1,0,1,"F",0,3,NA,1,1,0,2,51,"P",0,NA,0,"",NA,"Y",NA,26.88,NA,"17-May-74","59072437-095f-4f8d-9f09-3f206a4faaa6","","N/A","","","A"
"MCP2832002M",1,15,0,2,17,2,2,1,1,0,7.01,"3/28/2017","13:38:00","","Y","N","MONTGOMERY","UNK",3,3,410,"MD","",2.54,"E","EAST WEST HWY",0,"F","E",535,"CO","","GRUBB RD",38.99381333,-77.05224833,1,0,2,"F",1,3,NA,3,5,2,1,51,"P",0,NA,0,"",NA,"N",NA,0,NA,"28-May-85","c453e4f1-f934-48e4-af1f-8f114534f46e","MD","","","",""
"MCP28400013",1,15,0,1,3,2,1,1,1,0,0,"4/27/2017","18:30:00","54112","N","N","MONTGOMERY","UNK",1,3,650,"MD","",7.05,"N","NEW HAMPSHIRE AVE",40,"F","S",1504,"CO","","SHAW AVE E",39.06878816,-77.00289488,3,0,1,"F",NA,3,NA,3,1,0,1,56,"P",0,NA,0,"",NA,"N",NA,0,NA,"28-Apr-01","b4d5073c-def5-4d4d-982a-4a1b0d41dc6c","","","","","A"
"MCP2844001W",3,15,0,1,88,2,2,1,3,0,0,"12/11/2016","18:36:00","54144","N","N","MONTGOMERY","UNK",3,0,586,"MD","",5.55,"E","VEIRS MILL RD",100,"F","E",0,"UU","","ENT TO WHEATON PLAZA",39.0372884,-77.05765218,1,0,1,"F",1,3,NA,3,5,2,1,52,"P",0,NA,0,"",NA,"N",NA,0,NA,"3-Mar-70","f0fe77ec-9195-4412-ba92-43224c97b2dd","MD","C","","","A"
"MCP2846002T",1,15,0,2,2,2,2,1,4,0,6.01,"5/2/2017","14:02:00","54114","N","N","MONTGOMERY","UNK",1,0,193,"MD","",1.13,"E","UNIVERSITY BLVD W",0,"F","E",1100,"CO","","EAST AVE",39.058355,-77.04861667,2,1,1,"M",1,4,NA,0,3,1,1,56,"P",0,NA,0,"",NA,"N",NA,1,NA,"14-Jan-50","ba9f621c-c69e-416f-9d44-4b9da4d7c3fa","MD","C","","","B"
"MCP2848001Z",1,15,0,0,11,2,NA,0,3,0,6.01,"10-18-2015","09:55:00","54114","N","N","MONTGOMERY","UNK",1,0,396,"MD","",1.83,"E","MASSACHUSETTS AVE",0,"F","W",487,"CO","","NEWPORT AVE",38.9599,-77.10786167,1,0,1,"M",1,3,NA,6,6,0,2,51,"P",0,NA,0,"",NA,"N",NA,21,NA,"23-MAR-64","e52b4b2a-3483-4890-9159-bb9ffc738242","","","","","A"
"MCP2849001H",1,15,0,9.04,88,2,NA,1,4,0,0,"08-23-2015","19:30:00","54122","N","N","MONTGOMERY","UNK",3,0,97,"MD","",7.1,"N","GEORGIA AVE",0,"F","S",0,"UU","","ENT TO BUSINESS",39.08513759,-77.07868874,1,2,1,"M",2,3,NA,99,11.05,1,7,88,"P",0,NA,0,"",NA,"N",NA,0,NA,"27-DEC-91","9ce6ef98-a052-47e9-857a-61bf349fb095","","","","",""
"MCP2850000N",5.02,15,NA,0,17,2,1,1,4,0,0,"03-24-2015","06:34:00","53142","N","N","MONTGOMERY","UNK",3,0,193,"MD","",3,"E","UNIVERSITY BLVD W",500,"F","E",124,"CO","","ARCOLA AVE",39.03588833,-77.02837,1,1,1,"M",0,5,NA,2,6,0,1,52,"P",0,NA,0,"",NA,"",NA,0,NA,"13-JUN-33","ad184a4f-9dc8-4388-8058-95c2e654fd94","MD","ID","","","A"
"MCP28510019",1,15,0,2,17,2,3,1,3,0,6.01,"09-22-2015","18:44:00","54142","Y","N","MONTGOMERY","UNK",3,0,118,"MD","",5.87,"N","GERMANTOWN RD",0,"F","N",7063,"CO","","AIRCRAFT DR",39.18203333,-77.26057833,1,1,1,"M",1,3,NA,3,5,3,1,51,"P",0,NA,0,"",NA,"Y",NA,0,NA,"24-MAR-59","8cd3880b-7884-49a3-a47d-665b594167c2","MD","c","","","A"
"MCP28510023",1,15,0,2,17,2,1,1,1,0,6.01,"11/7/2016","15:47:00","54142","Y","N","MONTGOMERY","UNK",3,0,119,"MD","",7.47,"N","GREAT SENECA HWY",0,"F","N",141,"CO","","MIDDLEBROOK RD",39.17465833,-77.26129667,1,1,1,"M",1,3,NA,3,5,3,1,51,"P",0,NA,0,"",NA,"Y",NA,1,NA,"29-Jul-78","4f693368-d7c0-4535-aa41-caaf0129485b","MD","C","","","A"
"MCP28640014",1,15,NA,2,11,2,1,1,4,0,6.01,"05-28-2015","15:22:00","54142","N","N","MONTGOMERY","UNK",1,0,28,"MD","",16.3,"E","DARNESTOWN RD",0,"F","E",5896,"CO","","AMBIANCE DR",39.11341833,-77.24281833,1,0,1,"M",1,3,NA,3,6,1,1,51,"P",0,NA,0,"",NA,"",NA,0,NA,"23-DEC-03","af976d7b-a431-49ee-9341-52a3c596461a","","n/a","","","A"
"MCP2864001H",3,15,130,2,88,2,1,0,4,0,6.01,"12-20-2015","19:34:00","54144","Y","N","MONTGOMERY","UNK",3,0,355,"MD","",7.36,"N","ROCKVILLE PIKE",0,"F","N",1332,"MU","","HALPINE RD",39.06229667,-77.1241,1,0,2,"M",1,3,NA,3,5,2,1,51,"P",0,NA,0,"",NA,"N",NA,1,NA,"13-SEP-10","bf054ca2-1d26-4bcb-9979-5e6267597ca0","","","","","A"
"MCP2864001H",3,15,130,2,88,2,1,0,4,0,6.01,"12-20-2015","19:34:00","54144","Y","N","MONTGOMERY","UNK",3,0,355,"MD","",7.36,"N","ROCKVILLE PIKE",0,"F","N",1332,"MU","","HALPINE RD",39.06229667,-77.1241,1,0,2,"M",1,3,NA,3,5,2,1,51,"P",0,NA,0,"",NA,"N",NA,1,NA,"02-JAN-79","e8d5a850-15c1-405b-9cd7-7edfa294eac3","","","","","A"
"MCP28700023",3,15,0,0,17,2,NA,1,0,0,6.01,"12/28/2016","19:00:00","54142","N","N","MONTGOMERY","UNK",3,0,650,"MD","",3.46,"N","NEW HAMPSHIRE AVE",600,"F","N",104,"CO","","POWDER MILL RD",39.02323333,-76.97833667,1,0,1,"M",2,3,NA,2,3,1,1,63.88,"P",0,NA,0,"",NA,"N",NA,1,NA,"13-Aug-73","6a3f019f-499b-48a6-9f0e-1c950fb3758e","MD","C","","","A"
"MCP2874000W",3,15,0,2,17,2,2,0,4,0,6.01,"11-14-2015","20:07:00","54142","Y","N","MONTGOMERY","UNK",3,0,97,"MD","",4.28,"N","GEORGIA AVE",0,"F","N",282,"CO","","SHOREFIELD RD",39.053245,-77.05103333,1,0,1,"M",1,3,NA,3,5,99,1,51,"P",99,NA,99,"",NA,"N",NA,0,NA,"12-DEC-92","0265d3bf-51a5-4dc2-9c1f-30170cf57e07","","","","","A"
"MCP2874001B",1,15,0,3,88,2,2,1,3,0,0,"04-22-2016","16:47:00","55112","Y","N","MONTGOMERY","UNK",3,0,97,"MD","",4.64,"N","GEORGIA AVE",5,"F","S",1659,"CO","","RANDOLPH RD",39.05656333,-77.05006667,1,0,1,"M",99,3,NA,1,6,3,1,51,"P",0,NA,0,"",NA,"Y",NA,0,NA,"29-AUG-95","36396fbe-a778-4904-8d7a-d5728e5cc236","MD","N/A","","","A"
"MCP2875001B",3,15,0,2,0,2,1,1,4,0,6.01,"09-30-2015","21:23:00","54142","Y","N","MONTGOMERY","UNK",3,0,119,"MD","",6.04,"N","GREAT SENECA HWY",0,"F","N",117,"MD","","CLOPPER RD",39.15913167,-77.27525167,1,0,1,"F",1,3,NA,3,9.05,2,1,51,"P",0,NA,0,"",NA,"N",NA,1,NA,"24-SEP-82","4aa2c102-88bb-42ce-a0de-5627890453ce","MD","C","","","A"
"MCP2875002K",4,15,0,1,88,2,1,1,1,0,6.01,"2/24/2017","0:56:00","54142","N","N","MONTGOMERY","UNK",3,0,118,"MD","",3.35,"N","GERMANTOWN RD",300,"F","S",6603,"CO","","RICHTER FARM RD",39.15264395,-77.28839993,1,0,1,"M",2,3,NA,2,6,1,1,52,"P",0,NA,0,"",NA,"Y",NA,1,NA,"15-Oct-82","93d36b4e-6474-435d-8601-5772aceac78c","MD","ID","","","A"
"MCP2878001V",1,15,0,2,88,2,2,1,4,0,7.01,"07-31-2016","16:44:00","54122","Y","N","MONTGOMERY","UNK",3,0,355,"MD","",17.62,"N","FREDERICK RD",0,"F","N",4897,"CO","","GUNNERS BRANCH RD",39.17842245,-77.23861814,1,0,1,"M",1,3,NA,3,9.05,2,1,51,"P",0,NA,0,"",NA,"N",NA,0,NA,"06-SEP-02  00:00:00","7a522873-5f89-43a2-9824-e7e5acd0ee2e","","","","","A"
"MCP2891002Z",1,15,0,2,17,2,2,0,4,0,6.01,"11/26/2016","14:58:00","54144","Y","N","MONTGOMERY","UNK",3,3,97,"MD","",2.02,"N","GEORGIA AVE",0,"F","N",957,"CO","","AUGUST DR",39.02143,-77.04466,1,0,2,"M",1,3,NA,3,9.05,2,1,51,"P",0,NA,0,"",NA,"N",NA,0,NA,"16-Jul-08","95ead03c-f76e-4dbe-a42f-68f165f45774","","","","",""
"MCP2891002Z",1,15,0,2,17,2,2,0,4,0,6.01,"11/26/2016","14:58:00","54144","Y","N","MONTGOMERY","UNK",3,3,97,"MD","",2.02,"N","GEORGIA AVE",0,"F","N",957,"CO","","AUGUST DR",39.02143,-77.04466,1,0,2,"M",1,3,NA,3,9.05,2,1,51,"P",0,NA,0,"",NA,"N",NA,0,NA,"11-May-89","28b63e30-379a-4371-8cae-e070e802f150","","","","",""
"MCP2902001W",1,15,130,0,88,2,2,0,0,88,6.01,"4/13/2017","11:57:00","4312","Y","N","MONTGOMERY","UNK",3,0,355,"MD","",10,"N","HUNGERFORD DR",5,"F","N",3151,"MU","","N WASHINGTON ST",39.09092519,-77.15305567,1,0,1,"M",1,3,NA,3,6,99,88,56,"P",0,NA,0,"",NA,"N",NA,99,NA,"29-Nov-89","05b2333e-4b97-45df-9769-65e21168e348","","","","","A"
"MCP2905002R",1,15,0,2,11,2,1,1,3,0,6.01,"6/11/2017","15:48:00","54114","Y","N","MONTGOMERY","UNK",1,3,188,"MD","",2.64,"E","WILSON LA",0,"F","E",7376,"CO","","MOORLAND LA",38.98711,-77.10970333,2,0,1,"M",1,3,NA,3,3,0,1,56,"P",0,NA,0,"",NA,"N",NA,0,NA,"29-Dec-83","547d6a58-4fd3-4f93-b3a1-de6cad2cc26c","MD","","","","A"
"MCP2914002D",3,15,0,0,88,0,3,1,4,0,6.01,"01-11-2016","19:43:00","54142","Y","N","MONTGOMERY","UNK",3,0,650,"MD","",2.96,"N","NEW HAMPSHIRE AVE",5,"F","S",1385,"CO","","OAKVIEW DR",39.01540339,-76.97794229,1,0,1,"M",0,3,NA,2,9.05,2,1,51,"P",0,NA,0,"",NA,"N",NA,1,NA,"29-APR-97","4f771404-e990-4f1c-9f4c-6263a51035c3","MD","C-LRN","","","A"
"MCP2914003L",5.02,15,0,2,88,0,NA,0,4,0,6.01,"10/5/2016","5:30:00","54122","Y","N","MONTGOMERY","UNK",4,0,650,"MD","",2.68,"N","NEW HAMPSHIRE AVE",0,"F","N",4542,"CO","","ADELPHI RD",39.01145616,-76.97879657,1,0,1,"M",0,3,NA,99,9.05,2,2,51,"P",0,NA,0,"",NA,"N",NA,1,NA,"9-May-99","4e8cbdf3-8e7d-46e3-8c78-733c69f61aaf","","","","",""
"MCP2921000M",1,15,0,0,17,0,1,1,4,0,6.01,"08-02-2015","16:07:00","54144","Y","N","MONTGOMERY","UNK",3,0,27,"MD","",0,"N","RIDGE RD",20,"F","N",355,"MD","","FREDERICK RD",39.20468667,-77.24554667,1,0,1,"M",1,4,NA,3,6,3,1,54,"P",0,NA,0,"",NA,"Y",NA,0,NA,"08-FEB-95","02375b9f-a402-4d63-9c6c-3882ec540ec6","MD","N/A","","","A"
"MCP2923000J",1,15,NA,0,17,2,2,1,1,0,0,"06-11-2015","13:04:00","54142","N","N","MONTGOMERY","UNK",4,0,355,"MD","",14.77,"N","FREDERICK RD",200,"F","N",240,"MU","","MONTGOMERY AVE",39.14612504,-77.20415711,1,0,1,"M",99,3,NA,0,3,0,2,63.88,"P",0,NA,0,"",NA,"",NA,1,NA,"23-JUL-81","5ef86cf0-41cf-4410-a264-5312e2276638","MD","","","","A"
"MCP2927000J",1,15,0,2,17,2,2,1,4,0,7.01,"08-30-2015","13:04:00","5414","Y","N","MONTGOMERY","UNK",3,0,97,"MD","",0,"N","GEORGIA AVE",0,"F","N",29,"US","","COLESVILLE RD",38.995755,-77.027755,1,0,1,"F",0,3,NA,3,9.05,2,1,51,"P",0,NA,0,"",NA,"N",NA,1,NA,"03-SEP-92","6912bb1e-4dc7-4756-8c29-23c0f9b78633","","","","","A"
"MCP2933000N",1,15,0,1,17,2,NA,1,1,0,6.01,"11-13-2015","16:10:00","54112","N","N","MONTGOMERY","UNK",3,0,188,"MD","",1.91,"E","WILSON LA",30,"F","W",575,"OP","","MERRICK RD",38.98963612,-77.12262869,1,1,1,"M",1,3,NA,1,6,1,1,52,"P",0,NA,0,"",NA,"Y",NA,0,NA,"05-JUN-00","87cbb804-905e-41fb-a27d-2bb1efd0034c","","","","","A"
"MCP2936001H",3,15,0,0,88,2,3,1,4,0,6.01,"1/30/2017","19:04:00","","N","N","MONTGOMERY","UNK",3,0,355,"MD","",0.32,"N","WISCONSIN AVE",10,"F","S",6170,"OP","","SOMERSET TERRACE",38.964665,-77.08758833,1,1,1,"M",0,4,NA,2,6,0,1,52,"P",0,NA,0,"",NA,"Y",NA,1,NA,"16-Jul-42","e9ee8979-153e-42fa-a612-ba63cb487b32","VA","","","","A"
"MCP2937000W",1,15,0,2,17,2,NA,1,4,0,0,"07-20-2015","08:39:00","54112","Y","N","MONTGOMERY","UNK",3,0,650,"MD","",4.89,"N","NEW HAMPSHIRE AVE",0,"F","N",109,"CO","","LOCKWOOD DR",39.03960299,-76.99068546,1,0,1,"M",1,3,NA,1,3,1,1,51,"P",0,NA,0,"",NA,"Y",NA,1,NA,"24-APR-46","b88791ed-7a43-4a1c-9d77-f478493cf668","MD","c","","","A"
"MCP2940000R",1,15,85,2,88,2,NA,1,4,0,7.01,"07-30-2016","12:49:00","54142","Y","N","MONTGOMERY","UNK",1,0,185,"MD","",4.4,"N","CONNECTICUT AVE",0,"F","N",192,"MD","","PLYERS MILL RD",39.029875,-77.07635833,1,0,1,"M",1,3,NA,0,9.05,2,2,51,"P",0,NA,0,"",NA,"N",NA,1,NA,"08-DEC-63  00:00:00","e90327b9-193b-44b5-9c0b-d6540a58ee4b","","","","",""
"MCP2942000P",1,15,NA,0,3,2,NA,1,1,0,7.01,"06-26-2015","13:21:00","54142","N","N","MONTGOMERY","UNK",1,0,191,"MD","",2.34,"N","BRADLEY BLVD",300,"F","N",2617,"CO","","OAK FOREST LA",39.00080667,-77.07756833,1,0,1,"F",1,3,NA,1,1,0,2,53,"P",0,NA,0,"",NA,"",NA,21,NA,"16-JUL-66","a57194b0-ef9c-4ea5-95b7-ab2cf4886ec2","MD","c","","","A"
"MCP29420012",6.02,15,0,2,11,2,1,1,0,0,6.01,"08-12-2015","20:17:00","54144","Y","N","MONTGOMERY","UNK",3,0,187,"MD","",1.62,"N","OLD GEORGETOWN RD",0,"F","N",1,"GV","","CENTER DR",39.00292738,-77.10989356,1,0,1,"M",1,3,NA,0,5,1,2,51,"P",0,NA,0,"",NA,"N",NA,21,NA,"27-JUN-65","a7c62070-4af1-4a55-ab09-3378744720ab","MD","c","","","A"
"MCP29420019",3,15,0,2,11,1,3,0,4,0,2,"12-02-2015","17:20:00","54142","Y","N","MONTGOMERY","UNK",4,0,355,"MD","",1.14,"N","WISCONSIN AVE",0,"F","N",191,"MD","","BRADLEY LA",38.97717641,-77.09067822,1,0,1,"M",1,3,NA,2,6,0,2,53,"P",0,NA,0,"",NA,"Y",NA,21,NA,"11-OCT-88","6cb45660-2f5c-4ea5-9324-9ea5046b5a55","IA","c","","","A"
"MCP2952001X",1,15,0,2,2,2,2,1,4,0,6.01,"05-16-2016","07:36:00","54112","Y","N","MONTGOMERY","UNK",1,4,390,"MD","",0.16,"N","16TH ST",0,"F","N",410,"MD","","EAST WEST HWY",38.99429,-77.03634833,2,0,1,"M",1,3,NA,2,3,2,2,88,"P",0,NA,0,"",NA,"N",NA,1,NA,"08-DEC-87","9a1bc954-dca3-4202-a7d6-830d9f402958","","","","",""
"MCP2954002D",5.02,15,0,1,0,2,2,1,3,0,0,"10/4/2016","6:50:00","54122","N","N","MONTGOMERY","UNK",3,0,320,"MD","",2.34,"N","PINEY BRANCH RD",600,"F","N",627,"OP","","CARROLL AVE",39.00130988,-76.98708057,1,0,1,"F",1,3,NA,3,5,1,1,88,"P",0,NA,0,"",NA,"N",NA,1,NA,"3-May-01","05956368-f29f-4e48-b0c5-884d662a78dd","","","","","A"
"MCP2961000V",3,15,0,0,17,2,3,1,4,0,0,"12-18-2015","17:00:00","54122","N","N","MONTGOMERY","UNK",3,0,185,"MD","",6.32,"N","CONNECTICUT AVE",200,"F","S",1659,"CO","","RANDOLPH RD",39.0565611,-77.07360595,1,0,1,"M",2,3,NA,2,6,1,1,51,"P",0,NA,0,"",NA,"U",NA,1,NA,"06-NOV-57","63b84238-ccf9-4925-982c-15c5e8fd96e9","","","","","A"
"MCP2962000J",3,15,0,2,88,2,1,1,3,0,7.01,"09-26-2015","23:41:00","54112","Y","N","MONTGOMERY","UNK",3,0,117,"MD","",8.06,"E","CLOPPER RD",0,"F","E",119,"MD","","GREAT SENECA HWY",39.15917,-77.27534333,1,0,1,"M",1,4,NA,2,9.05,3,1,51,"P",0,NA,0,"",NA,"Y",NA,0,NA,"18-MAY-96","a98cc98f-da33-48bf-8cda-e04d4ab159e8","","","","","A"
"MCP2964001H",1,15,0,3,11,2,NA,1,4,0,7.01,"04-30-2016","16:08:00","54112","Y","N","MONTGOMERY","UNK",5,0,355,"MD","",18.02,"N","FREDERICK RD",0,"F","N",141,"CO","","MIDDLEBROOK RD",39.18076775,-77.23862886,1,0,1,"M",1,3,NA,3,5,1,2,51,"P",0,NA,0,"",NA,"Y",NA,1,NA,"25-FEB-97","c9c78f9a-b57d-4aa9-a18a-adc1bd43341a","MA","C","","","A"
"MCP2967001L",3,15,0,2,17,1,2,1,4,0,3,"09-01-2016","20:35:00","54144","Y","N","MONTGOMERY","UNK",3,0,185,"MD","",0.68,"N","CONNECTICUT AVE",0,"F","N",50,"MU","","RAYMOND ST",38.97806833,-77.07701833,1,0,1,"M",1,3,NA,3,5,2,1,51,"P",0,NA,0,"",NA,"N",NA,1,NA,"20-SEP-71  00:00:00","7975393e-8274-4ef2-a5ca-a854f0f4ce16","MD","C","","","A"
"MCP2969001M",1,15,0,1,11,2,3,1,4,0,6.01,"02-19-2016","13:50:00","54144","N","N","MONTGOMERY","UNK",3,0,193,"MD","",1.24,"E","UNIVERSITY BLVD W",50,"F","E",586,"MD","","VEIRS MILL RD",39.03987167,-77.05632667,1,0,1,"M",88,3,NA,3,6,1,1,52,"P",0,NA,0,"",NA,"Y",NA,1,NA,"19-SEP-78","d4177a07-3d58-4297-b761-df11617ed777","MD","","","","B"