"REPORT_NO","LIGHT_CODE","COUNTY_NO","MUNI_CODE","JUNCTION_CODE","COLLISION_TYPE_CODE","SURF_COND_CODE","LANE_CODE","RD_COND_CODE","RD_DIV_CODE","FIX_OBJ_CODE","WEATHER_CODE","ACC_DATE","ACC_TIME","LOC_CODE","SIGNAL_FLAG","C_M_ZONE_FLAG","AGENCY_CODE","AREA_CODE","HARM_EVENT_CODE1","HARM_EVENT_CODE2","RTE_NO","ROUTE_TYPE_CODE","RTE_SUFFIX","LOG_MILE","LOGMILE_DIR_FLAG","MAINROAD_NAME","DISTANCE","FEET_MILES_FLAG","DISTANCE_DIR_FLAG","REFERENCE_NO","REFERENCE_TYPE_CODE","REFERENCE_SUFFIX","REFERENCE_ROAD_NAME","LATITUDE","LONGITUDE","drv","occ","ped","SEX_CODE","CONDITION_CODE","INJ_SEVER_CODE","OCC_SEAT_POS_CODE","PED_VISIBLE_CODE","PED_LOCATION_CODE","PED_OBEY_CODE","PED_TYPE_CODE","MOVEMENT_CODE","PERSON_TYPE","ALCOHOL_TEST_CODE","ALCOHOL_TESTTYPE_CODE","DRUG_TEST_CODE","DRUG_TESTRESULT_CODE","BAC_CODE","FAULT_FLAG","EQUIP_PROB_CODE","SAF_EQUIP_CODE","EJECT_CODE","DATE_OF_BIRTH","PERSON_ID","LICENSE_STATE_CODE","CLASS","CDL_FLAG","VEHICLE_ID","EMS_UNIT_LABEL"
"MCP2970001Q",1,15,0,0,17,2,1,1,3,0,6.01,"06-30-2016","13:34:00","54114","Y","N","MONTGOMERY","UNK",3,0,193,"MD","",0.85,"E","UNIVERSITY BLVD W",0,"F","E",4465,"CO","","DRUMM AVE",39.03668,-77.06152,1,0,2,"F",1,4,NA,1,5,1,1,51,"P",0,NA,0,"",NA,"N",NA,0,NA,"24-JUL-07","cad841f5-42d1-4e1c-9829-753d952d7ee8","","","","","A"
"MCP2970002V",1,15,0,0,17,2,NA,1,3,0,6.01,"6/13/2017","8:31:00","54142","Y","N","MONTGOMERY","UNK",3,0,193,"MD","",2.86,"E","UNIVERSITY BLVD W",0,"F","E",0,"UU","","CROSSOVER",39.03638333,-77.027125,1,0,1,"M",1,3,NA,2,10.88,1,1,51,"P",0,NA,0,"",NA,"Y",NA,1,NA,"9-Mar-02","953f056a-e4d2-4eab-bbd7-180dbd00ec37","","","","","A"
"MCP2975000D",1,15,NA,3,88,2,2,1,4,0,6.01,"06-17-2015","07:01:00","54144","Y","Y","MONTGOMERY","UNK",3,0,97,"MD","",4.28,"N","GEORGIA AVE",20,"F","N",282,"CO","","SHOREFIELD RD",39.05252,-77.05076,1,0,1,"F",1,4,NA,2,6,3,1,52,"P",0,NA,0,"",NA,"",NA,0,NA,"09-JUN-87","c0390aae-3c52-4e14-b653-c6fff9176ba7","","ID","","","A"
"MCP2975001H",3,15,0,2,3,2,3,1,4,0,0,"2/22/2017","23:12:00","54114","N","N","MONTGOMERY","UNK",4,0,97,"MD","",6.17,"N","GEORGIA AVE",0,"F","N",1671,"CO","","VERONA DR",39.07427333,-77.067235,1,0,1,"M",1,3,NA,4,88,0,2,53,"P",0,NA,0,"",NA,"N",NA,21,NA,"22-Aug-83","b445c9d4-af8a-487f-a58b-fa7e2a6a3f6c","MD","C","","","A"
"MCP2978000D",1,15,NA,1,17,2,NA,1,1,0,6.01,"05-08-2015","16:55:00","54114","N","N","MONTGOMERY","UNK",4,0,28,"MD","",13.42,"E","DARNESTOWN RD",100,"F","E",7567,"CO","","VICARS WAY",39.10357,-77.28741,1,0,1,"M",NA,4,NA,99,1,0,2,53,"P",0,NA,0,"",NA,"",NA,99,NA,"21-FEB-65","db6a4ba6-a65a-4d5f-8905-d970f38f864a","","","","","A"
"MCP29780010",1,15,130,9.04,11,2,1,1,0,0,6.01,"03-23-2016","11:45:00","5412","Y","N","MONTGOMERY","UNK",4,3,355,"MD","",8.71,"N","ROCKVILLE PIKE",200,"F","S",911,"MD","","FIRST ST",39.07634285,-77.138502,1,0,1,"M",1,3,NA,0,11.05,1,2,63.88,"P",0,NA,0,"",NA,"N",NA,99,NA,"08-DEC-97","3ad24fde-36b0-4be9-904f-0ecf731e7499","MD","","","",""
"MCP29810015",3,15,0,2,2,2,NA,1,4,0,6.01,"2/7/2017","23:13:00","17006783","Y","N","MONTGOMERY","UNK",4,0,355,"MD","",2.73,"N","ROCKVILLE PIKE",0,"F","N",0,"UU","","SOUTHWOOD DR",38.99963,-77.09677833,1,0,1,"M",1,3,NA,2,6,88,2,51,"P",0,NA,0,"",NA,"U",NA,26.88,NA,"18-Jul-91","0ebaeaca-7ebd-458c-9786-97d2ba163527","CA","C","","","A"
"MCP2982001X",1,15,0,1,88,2,2,1,4,88,6.01,"4/20/2017","14:22:00","54122","Y","N","MONTGOMERY","UNK",3,0,97,"MD","",0.13,"N","GEORGIA AVE",2,"F","N",600,"CO","","CAMERON ST",38.99761097,-77.02974513,1,0,1,"M",1,3,NA,2,5,1,1,51,"P",0,NA,0,"",NA,"N",NA,1,NA,"19-May-95","4fbeb9f2-7be0-4412-b482-041d66ef8658","","","","","A"
"MCP2987001H",88,15,0,1,88,2,1,1,4,0,6.01,"1/4/2017","7:00:00","54142","N","N","MONTGOMERY","UNK",3,0,320,"MD","",2.34,"N","PINEY BRANCH RD",300,"F","N",627,"OP","","CARROLL AVE",39.00118899,-76.98752046,1,0,1,"M",1,3,NA,3,5,1,1,51,"P",0,NA,0,"",NA,"N",NA,1,NA,"22-Aug-01","1752c0d3-37e6-45ea-ba80-0d28ff93dee6","","","","","A"
"MCP2987001K",1,15,0,3,11,2,1,1,3,0,6.01,"2/21/2017","10:40:00","54142","Y","N","MONTGOMERY","UNK",3,0,320,"MD","",1.77,"N","PINEY BRANCH RD",0,"F","S",2873,"CO","","ARLISS ST",38.99820667,-77.00123167,1,0,1,"M",1,3,NA,3,5,2,1,51,"P",0,NA,0,"",NA,"N",NA,1,NA,"27-Sep-47","ffbfaeff-90ec-44bd-9556-3eda9aa47c56","MD","C","","","A"
"MCP29910009",5.02,15,0,2,17,2,1,1,4,0,6.01,"01-04-2016","08:30:00","","Y","N","MONTGOMERY","UNK",3,0,586,"MD","",4.72,"E","VEIRS MILL RD",0,"F","E",147,"CO","","NEWPORT MILL RD",39.04506831,-77.06502154,1,0,1,"F",1,3,NA,0,99,2,1,51,"P",0,NA,0,"",NA,"N",NA,1,NA,"08-FEB-48","8018c9c0-3768-4da7-9890-cc9916798c61","","N/A","","","A"
"MCP2991000M",1,15,0,1,17,2,NA,1,0,0,6.01,"02-27-2016","14:38:00","54142","N","N","MONTGOMERY","UNK",3,0,97,"MD","",7,"N","GEORGIA AVE",100,"F","N",185,"MD","","CONNECTICUT AVE",39.08438183,-77.07791626,1,0,1,"M",4,3,NA,3,88,1,1,52,"P",0,NA,0,"",NA,"U",NA,1,NA,"13-MAY-58","c52b7295-f525-48bf-b928-353e6f71f655","","","","","A"
"MCP2991000N",1,15,0,0,17,0,2,1,0,0,0,"03-11-2016","11:30:00","54144","Y","N","MONTGOMERY","UNK",3,3,193,"MD","",1.39,"E","UNIVERSITY BLVD W",0,"F","W",865,"CO","","GRANDVIEW AVE",39.04119253,-77.05307499,1,0,1,"F",1,3,NA,0,5,2,1,51,"P",0,NA,0,"",NA,"N",NA,0,NA,"09-JAN-46","666a22c5-51dd-4126-b30b-73251bd3832f","MD","","","","A"
"MCP2996000B",3,15,0,1,88,2,1,1,4,0,6.01,"02-05-2016","21:40:00","54144","N","N","MONTGOMERY","UNK",3,0,355,"MD","",12.68,"N","FREDERICK RD",0,"F","N",370,"IS","","NO NAME",39.1230232,-77.17844144,1,0,1,"M",99,3,NA,2,6,1,1,52,"P",0,0,0,"",NA,"Y",NA,1,NA,"10-MAY-63","f41117fe-b459-42ca-bd08-8f4ba41eae79","VA","","","",""
"MCP30040013",3,15,0,2,88,2,2,1,3,0,6.01,"12/5/2016","17:27:00","54144","Y","N","MONTGOMERY","UNK",3,0,396,"MD","",1.44,"E","MASSACHUSETTS AVE",0,"F","E",4425,"CO","","WESTBARD AVE",38.95827523,-77.1097447,1,0,1,"F",1,3,NA,99,9.05,2,1,51,"P",0,NA,0,"",NA,"N",NA,0,NA,"14-Nov-56","3edd368a-107d-4b8d-856a-16f4d3617edd","","","","","A"
"MCP30060014",1,15,0,2,2,2,NA,1,1,0,0,"08-05-2016","13:00:00","54112","Y","N","MONTGOMERY","UNK",4,0,193,"MD","",3.73,"E","UNIVERSITY BLVD W",0,"F","E",793,"CO","","DENNIS AVE",39.02615667,-77.02019333,1,0,1,"M",1,3,NA,3,10.88,1,2,53,"P",0,NA,0,"",NA,"N",NA,21,NA,"31-MAY-74  00:00:00","85cf0fc2-eaa6-4c20-a0b0-1738413b790e","MD","B","","","A"
"MCP3014000P",3,15,0,0,11,2,1,1,3,0,6.01,"06-26-2016","03:14:00","54122","N","N","MONTGOMERY","UNK",3,0,97,"MD","",7,"N","GEORGIA AVE",200,"F","S",185,"MD","","CONNECTICUT AVE",39.08314096,-77.07761317,1,0,1,"M",2,3,NA,3,6,0,1,52,"P",0,NA,0,"",NA,"Y",NA,1,NA,"12-MAR-79","eb750f75-5c93-472d-a218-d7f9307c26ae","","","","",""
"MCP3039000N",1,15,0,0,3,2,3,1,1,0,6.01,"6/23/2017","19:50:00","54112","Y","N","MONTGOMERY","UNK",4,0,187,"MD","",2.58,"N","OLD GEORGETOWN RD",15,"F","N",495,"RP","","RAMP 4 FR MD 187 NB TO IS 495 EB",39.01477089,-77.11841695,1,0,1,"M",99,3,NA,4,6,1,2,53,"P",0,NA,0,"",NA,"N",NA,21,NA,"3-Nov-67","1d97fa12-9737-4990-823b-ac984c47b1bb","MD","C","","","A"
"MCP3045000J",1,15,0,2,2,1,1,1,1,0,6.01,"6/24/2017","6:46:00","54144","N","N","MONTGOMERY","UNK",5,5,191,"MD","",3.91,"N","BRADLEY BLVD",0,"F","N",1014,"CO","","EWING DR",38.99439758,-77.12325096,1,0,2,"M",1,4,NA,1,14.88,0,2,51,"P",0,NA,0,"",NA,"N",NA,21,NA,"16-Mar-61","232c0df9-edc2-46b4-b6ad-09746adbb467","","","","","A"
"MCP3045000J",1,15,0,2,2,1,1,1,1,0,6.01,"6/24/2017","6:46:00","54144","N","N","MONTGOMERY","UNK",5,5,191,"MD","",3.91,"N","BRADLEY BLVD",0,"F","N",1014,"CO","","EWING DR",38.99439758,-77.12325096,1,0,2,"M",0,4,NA,1,14.88,0,2,51,"P",0,NA,0,"",NA,"N",NA,21,NA,"16-Jun-58","a98c05f9-6d3e-4af1-a1a0-65728f8551e3","","","","","A"
"MCP9110000C",3,15,0,1,11,2,2,1,4,0,6.01,"07-20-2015","20:40:00","44114","N","N","MONTGOMERY","UNK",3,0,355,"MD","",19.7,"N","FREDERICK RD",300,"F","S",7402,"CO","","RIDGE RD",39.2035264,-77.24562407,1,0,1,"M",NA,4,NA,3,6,3,1,52,"P",0,NA,0,"",NA,"Y",NA,1,NA,"25-MAR-90","7a8b002d-6189-43f2-b7ac-807c977a9b36","MD","C ","","","A"
"MCP9113000Z",3,15,0,2,17,2,1,1,1,0,6.01,"11-05-2015","17:23:00","54112","Y","N","MONTGOMERY","UNK",4,0,108,"MD","",13.52,"E","OLNEY SANDY SPRING RD",0,"F","E",0,"UU","","VILLAGE CENTER DR",39.151609,-77.063577,1,0,1,"M",1,3,NA,1,5,1,2,51,"P",0,NA,0,"",NA,"N",NA,0,NA,"07-OCT-92","3fa7741b-ccd5-48ab-977a-c94c8c74cf5d","","","","","A"
"MCP9301000R",1,15,63,2,17,2,2,1,1,0,0,"12-31-2015","13:40:00","54142","Y","N","MONTGOMERY","UNK",3,0,124,"MD","",2.91,"N","QUINCE ORCHARD RD",0,"F","N",88,"MU","","FIRSTFIELD RD",39.14588333,-77.22,1,1,1,"M",1,4,NA,2,10.88,1,1,57,"P",0,NA,0,"",NA,"Y",NA,0,NA,"20-JUN-86","6a4bb574-eff1-4687-9e69-39822ca0310f","DC","D","","","A"
"MCP93110013",1,15,0,0,7,2,1,1,1,0,6.01,"6/17/2017","12:20:00","54144","N","N","MONTGOMERY","UNK",5,0,191,"MD","",4.89,"N","BRADLEY BLVD",0,"F","S",2130,"CO","","DURBIN RD",38.98351808,-77.11447477,1,0,1,"M",NA,3,NA,2,1,0,2,53,"P",0,NA,0,"",NA,"N",NA,21,NA,"16-Mar-63","5582cd7c-d9a5-4866-a341-0da5fad19d9d","","","","","A"
"MCP9321000H",5.02,15,0,2,88,2,3,1,4,0,6.01,"10-12-2015","06:59:00","54142","Y","N","MONTGOMERY","UNK",3,0,97,"MD","",4.28,"N","GEORGIA AVE",0,"F","N",282,"CO","","SHOREFIELD RD",39.05,-77.05,1,0,1,"M",NA,3,NA,3,5,3,1,51,"P",0,NA,0,"",NA,"Y",NA,1,NA,"05-MAY-99","cbe97c4f-c591-4bbd-86ef-18b53065b0ab","","","","","A"
"MCP9366000N",3,15,0,1,3,1,2,1,3,0,6.01,"10/28/2016","2:35:00","54114","N","N","MONTGOMERY","UNK",2,3,97,"MD","",10.3,"N","GEORGIA AVE",200,"F","N",131,"CO","","EMORY CHURCH RD",39.13212667,-77.07039667,1,0,1,"M",1,3,NA,2,2,0,1,56,"P",0,NA,0,"",NA,"N",NA,1,NA,"23-Jul-83","443b5e67-cf52-435d-b8f2-86fc80a9c561","","","","",""
"MCP9390000L",3,15,63,2,88,2,2,1,1,0,6.01,"02-29-2016","18:53:00","54142","Y","N","MONTGOMERY","UNK",3,0,117,"MD","",10.79,"E","CLOPPER RD",0,"F","E",215,"MU","","METROPOLITAN GROVE RD",39.14603767,-77.22830772,1,0,1,"M",1,3,NA,2,9.05,3,1,51,"P",0,NA,0,"",NA,"Y",NA,0,NA,"26-APR-51","3bb2a7f7-f150-4fca-b19a-2253460edb75","MD","C","","",""
"MCP9442000J",1,15,63,3,88,2,NA,1,0,0,6.01,"08-27-2016","10:14:00","54112","N","N","MONTGOMERY","UNK",4,0,355,"MD","",16.54,"N","FREDERICK RD",150,"F","S",300,"MU","","PROFESSIONAL DR",39.16304833,-77.22577167,1,0,1,"M",99,4,NA,1,88,0,2,88,"P",0,NA,0,"",NA,"N",NA,1,NA,"20-JUN-42  00:00:00","cc5169f5-9d42-489f-ba44-d0cd6cfc49be","","","","","A"
"MDTA10370005",1,2,0,1,1,2,1,1,1,0,0,"6/14/2017","16:30:00","","N","N","MDTA","UNK",11,1,176,"MD","",0.236,"E","DORSEY RD",0.1,"M","E",0,"UU","","ENT TO OFFICE BUILDING",39.160742,-76.681627,1,0,1,"M",1,5,NA,2,4,0,1,88,"P",0,NA,0,"",NA,"Y",NA,1,NA,"5-Aug-72","ac999fde-a812-402a-9597-61f0c30563b8","MD","C","","","A"
"MDTA13970003",1,2,0,0,17,2,NA,1,1,0,6.01,"07-16-2015","17:15:00","","N","N","MDTA","UNK",3,0,170,"MD","",7.05,"N","AVIATION BLVD",1,"M","S",995,"MD","","AMTRAK WAY",39.19232678,-76.69403315,1,0,1,"M",1,3,NA,1,5,0,1,51,"P",0,NA,0,"",NA,"N",NA,0,NA,"30-NOV-72","61e32caf-1eab-405f-ac8d-eaa14223cd63","","","","","A"
"MDTA15710007",4,3,0,0,88,1,1,1,4,0,3,"05-05-2016","04:49:00","","N","N","MDTA","UNK",3,0,695,"MD","",10.17,"N","BALTO BELTWAY",20,"F","N",0,"UU","","EXIT #43",39.237128,-76.467419,1,0,1,"F",99,3,NA,2,6,1,1,53,"P",0,NA,0,"",NA,"Y",NA,1,NA,"24-JAN-96","8319a088-26ce-4ab5-9b66-71308b1cf00f","MD","ID","","","A"
"MDTA16100001",1,2,NA,2,11,2,1,1,1,0,6.01,"05-26-2015","09:13:00","","Y","N","MDTA","UNK",4,0,162,"MD","",1.58,"N","AVIATION BLVD",0,"F","N",NA,"UU","","AARONSON DR",39.18661403,-76.65324211,1,5,1,"M",1,3,NA,1,8,0,2,51,"P",0,NA,0,"",NA,"",NA,21,NA,"28-MAY-44","be7e233f-2911-4d38-bd01-aa7d4d00d9c3","","","","","A"
"MSP02460029",4,9,0,1,17,2,2,1,1,88,6.01,"6/24/2017","21:55:00","","N","Y","MSP","UNK",3,0,16,"MD","",21.61,"N","MT HOLLY RD",0.5,"M","N",508,"CO","","INDIAN CREEK RD",38.574955,-75.97753167,1,2,1,"M",2,5,NA,2,88,0,1,56,"P",0,NA,0,"",NA,"Y",NA,0,NA,"7-Nov-80","fc1ffe38-4a7c-4ba4-bff3-7955f003fdfd","MD","ID","","","A"
"MSP1205000X",4,8,NA,1,17,2,1,1,3,88,6.01,"01-18-2015","03:07:00","","N","N","MSP","UNK",22.15,3,6,"MD","",17.5,"E","PORT TOBACCO RD",20,"F","E",175,"CO","","GUNSTON RD",38.48258267,-77.10011683,1,1,1,"F",2,4,NA,99,6,0,1,57,"P",0,NA,0,"",NA,"",NA,1,NA,"14-MAR-86","9db95039-a355-412f-a376-788bbdd24b66","MD","C","","","A"
"MSP12050011",1,8,NA,2,17,2,NA,1,4,0,6.01,"02-06-2015","16:36:00","","Y","N","MSP","UNK",3,0,228,"MD","",5.07,"E","BERRY RD",0,"F","E",873,"CO","","WESTERN PKWY",38.62971182,-76.91740751,1,0,1,"M",1,3,NA,2,10.88,1,1,51,"P",0,NA,0,"",NA,"",NA,1,NA,"09-MAR-93","7bbcbe10-dda4-4581-a02a-a7dd8478fdfe","MD","C LRNR","","","A"
"MSP1629003Y",3,12,0,1,88,2,2,1,5.01,0,6.01,"1/1/2017","18:10:00","","N","N","MSP","UNK",3,0,24,"MD","",3.31,"N","VIETNAM VETERANS MEMORIAL HWY",400,"F","N",1988,"CO","","EDGEWOOD RD",39.45327483,-76.3059585,1,0,1,"F",1,4,NA,2,4,1,1,52,"P",0,NA,0,"",NA,"Y",NA,1,NA,"6-Sep-91","bcfaf15b-5374-49b1-9c2b-e83fdeaf80cb","MD","C","","","A"
"MSP1629004B",1,12,0,1,17,2,1,1,3,0,6.01,"5/4/2017","17:06:00","","N","N","MSP","UNK",3,0,543,"MD","",0.95,"N","RIVERSIDE PKWY",350,"F","S",2127,"CO","","GILMER WAY",39.4772285,-76.24384433,1,0,1,"M",1,3,NA,1,6,1,1,52,"P",0,NA,0,"",NA,"Y",NA,1,NA,"27-Aug-02","d2c3bf47-8a27-449f-9f7a-a549e11350aa","","","","","A"
"MSP19500060",6.02,21,0,1,17,2,1,1,1,0,6.01,"4/13/2017","20:16:00","","N","N","MSP","UNK",3,0,65,"MD","",5.2,"N","SHARPSBURG PIKE",300,"F","N",0,"UU","","HERR LA",39.52739582,-77.74233908,1,0,1,"F",9.88,4,NA,99,6,1,1,52,"P",0,NA,0,"",NA,"Y",NA,1,NA,"28-Feb-08","fb44c8ae-6a3c-48e1-b34f-2a3111ad4f93","MD","C","","","A"
"MSP22680039",4,21,0,1,88,1,NA,1,1,0,2,"06-24-2016","00:54:00","","N","N","MSP","UNK",3,0,58,"MD","",2.43,"E","CEARFOSS PIKE",NA,"M","W",121,"CO","","POINT SALEM RD",39.677371,-77.75476917,1,0,1,"F",1,3,NA,3,1,0,1,53,"P",0,NA,0,"",NA,"N",NA,0,NA,"01-JUN-95","c5957ec3-ba76-4c93-b50d-63ab6b04432f","","","","","A"
"MSP23240004",5.02,4,0,1,88,2,3,1,4,0,6.01,"3/13/2017","7:21:00","","N","N","MSP","UNK",3,0,2,"MD","",18.508,"N","SOLOMONS ISLAND RD",200,"F","S",231,"MD","","CHURCH ST",38.27700094,-76.50878906,1,0,1,"M",1,4,NA,1,6,3,1,52,"P",0,NA,0,"",NA,"Y",NA,1,NA,"6-Jun-87","c3a4f640-d422-4946-ba95-7a88d335f0fe","MD","ID","","","A"
"MSP27500001",1,23,115,3,17,2,3,1,2,0,6.01,"09-19-2015","15:34:00","","N","N","MSP","UNK",3,0,528,"MD","",8.86,"S","PHILADELPHIA AVE",25,"F","N",1020,"MU","","WORCESTER ST",38.3282921,-75.08914948,1,0,1,"M",1,3,NA,1,6,88,1,56,"P",0,NA,0,"",NA,"Y",NA,0,NA,"18-SEP-60","fe80bbcd-8895-487b-a1c9-0cf794025fee","MD","AM","","","A"
"MSP30260016",3,7,0,1,11,0,1,1,1,0,7.01,"01-15-2016","19:23:00","","N","N","MSP","UNK",3,0,213,"MD","",18.13,"N","AUGUSTINE HERMAN HWY",150,"F","N",259,"CO","","WALTER BOULDEN ST",39.59785335,-75.82692827,1,0,2,"M",99,3,NA,3,6,0,1,52,"P",0,NA,0,"",NA,"Y",NA,0,NA,"04-SEP-01","5a856ff3-2f8e-4642-a931-77adf521b985","","","","","A"
"MSP30260016",3,7,0,1,11,0,1,1,1,0,7.01,"01-15-2016","19:23:00","","N","N","MSP","UNK",3,0,213,"MD","",18.13,"N","AUGUSTINE HERMAN HWY",150,"F","N",259,"CO","","WALTER BOULDEN ST",39.59785335,-75.82692827,1,0,2,"M",1,3,NA,3,6,1,1,52,"P",0,NA,0,"",NA,"Y",NA,1,NA,"22-SEP-03","4b64fde6-9817-4128-957d-be9c58f55354","","","","","A"
"MSP47390015",1,17,0,2,11,2,1,1,1,0,6.01,"07-31-2015","09:18:00","","Y","N","MSP","UNK",4,0,213,"MD","",14.04,"N","CHURCH HILL RD",0,"F","N",392,"CO","","CLABBER HILL RD",39.12080845,-76.01435752,1,0,1,"M",1,3,NA,88,6,2,2,51,"P",0,NA,0,"",NA,"N",NA,21,NA,"11-OCT-63","f2a9ac4b-7994-49cf-ba35-f4810c32e279","","","","","A"
"MSP4773000L",4,8,0,1,17,2,2,1,4,0,6.01,"04-24-2016","23:00:00","","N","N","MSP","UNK",3,0,228,"MD","",3.03,"E","BERRY RD",200,"F","W",302,"CO","","BONNIE LA",38.64923347,-76.94490686,1,0,1,"M",3,5,NA,2,88,0,1,53,"P",0,NA,88,"P",NA,"Y",NA,0,NA,"25-MAY-79","ae8d4d4c-7442-4665-a54b-a0de49c49da4","MD","C","","","A"
"MSP47770042",1,21,0,2,11,1,1,1,1,0,7.01,"1/12/2017","11:40:00","N/A","Y","N","MSP","UNK",4,0,632,"MD","",3.846,"N","DOWNSVILLE PIKE",0,"F","N",1447,"CO","","PROGRESS WAY",39.59620417,-77.76675045,1,0,1,"M",99,5,NA,3,10.88,1,2,51,"P",0,NA,0,"",NA,"N",NA,21,NA,"3-May-46","e10662ad-183f-4655-bf31-d9078e61dc46","MD","C","","","A"
"MSP4797002J",4,6,0,2,17,2,3,1,4,0,6.01,"07-29-2016","21:05:00","","Y","N","MSP","UNK",3,0,140,"MD","",8.73,"N","BALTIMORE BLVD",0,"F","N",1402,"CO","","RALPH ST",39.572425,-76.98377333,1,0,1,"M",2,5,NA,2,6,1,1,51,"P",0,NA,0,"",NA,"Y",NA,0,NA,"14-FEB-72  00:00:00","253c6f75-344a-47ab-b357-317fc5198e97","MD","","","","A"
"MSP4849001C",4,12,NA,1,17,6.03,1,1,1,0,6.01,"03-05-2015","18:46:00","","N","N","MSP","UNK",3,10,147,"MD","",0.72,"N","HARFORD RD",0,"M","N",274,"CO","","RECKORD RD",39.4895285,-76.4084885,1,0,1,"M",99,5,NA,3,6,0,1,53,"P",0,NA,0,"",NA,"",NA,1,NA,"21-JUL-70","b9e0f478-ed66-4f25-a202-2f52de08f7ee","MD","C","","","A"
"MSP5090004X",5.02,21,0,1,17,2,1,1,1,0,6.01,"12-14-2015","06:56:00","","N","N","MSP","UNK",3,0,66,"MD","",10.87,"N","MAPLEVILLE RD",200,"F","S",0,"UU","","R/R #CSX 831 816 C",39.64831433,-77.5842575,1,0,1,"M",1,3,NA,3,99,99,1,53,"P",0,NA,0,"",NA,"U",NA,1,NA,"19-MAR-85","5dd8ff61-db8a-4023-b9f9-aad71eef1e9d","MD","ID","","","A"
"MSP5093004Z",4,12,0,1,17,2,1,1,1,0,6.01,"07-14-2016","04:07:00","","N","N","MSP","UNK",3,0,7,"MD","",0.74,"E","PHILADELPHIA RD",150,"F","E",2380,"CO","","GUNPOWDER RIDGE RD",39.43137,-76.367137,1,0,1,"U",99,5,NA,3,6,0,1,0,"P",99,0,0,"",0,"Y",NA,1,NA,"18-NOV-93  00:00:00","8af032de-0f32-4003-804c-5dc213bd30bf","MD","","","",""
"MSP5096002N",5.02,23,0,1,88,2,NA,1,1,0,6.01,"09-21-2016","06:27:00","","N","N","MSP","UNK",3,0,756,"MD","",0.67,"E","OLD SNOW HILL RD",100,"F","W",434,"CO","","LAKELAND DR",38.07743769,-75.54831684,1,0,1,"M",1,3,NA,2,88,0,1,53,"P",0,NA,0,"",NA,"Y",NA,1,NA,"15-DEC-72  00:00:00","5cfe5dc2-bcc2-4136-8a41-badd6d6817a3","MD","C","","","A"
"MSP53600018",4,18,NA,1,17,2,1,1,4,0,6.01,"05-28-2015","01:13:00","","N","N","MSP","UNK",3,0,237,"MD","",2.5,"N","CHANCELLORS RUN RD",500,"F","N",949,"CO","","SAYRE DR",38.28345117,-76.494832,1,0,1,"M",99,4,NA,1,6,1,1,56,"P",0,NA,0,"",NA,"",NA,1,NA,"01-OCT-63","061e5660-9404-4a50-a411-7a65d7c1ee42","MD","C","","",""
"MSP5362001Q",4,18,0,1,17,1,NA,1,1,0,7.01,"03-14-2016","06:32:00","","N","N","MSP","UNK",3,0,234,"MD","",0.88,"E","BUDDS CREEK RD",150,"F","W",236,"MD","","THOMPSONS CORNER RD",38.40233083,-76.83308183,1,1,1,"M",99,5,NA,2,1,1,1,52,"P",0,NA,0,"",NA,"N",NA,1,NA,"21-AUG-67","7a21e276-94bd-4454-97e8-f7fd8b68e319","MD","C","","",""
"MSP5370004Q",1,12,0,1,88,2,2,1,1,0,6.01,"12-10-2015","16:24:00","N/A","N","N","MSP","UNK",3,0,924,"MD","",3,"N","EMMORTON RD",200,"F","N",247,"CO","","PLUMTREE RD",39.50332,-76.32765517,1,0,1,"M",1,3,NA,2,6,1,1,52,"P",0,NA,0,"",NA,"Y",NA,1,NA,"28-JUL-01","cc8c047c-6cd0-4421-bbdd-2a80714117f3","","","","","A"
"MSP5416001M",1,18,0,1,17,2,1,1,1,0,6.01,"07-04-2015","16:40:00","","N","N","MSP","UNK",4,0,235,"MD","",1,"N","THREE NOTCH RD",15,"F","N",0,"UU","","HOLLAND MANOR DR",38.1317503,-76.36404783,1,0,1,"M",1,4,NA,4,1,1,2,53,"P",0,NA,0,"",NA,"N",NA,21,NA,"22-MAY-61","c4fde618-a9e3-468b-8c04-418d6c380565","MD","C","","","A"
"MSP54160028",1,18,0,2,88,2,2,1,4,0,6.01,"06-07-2016","10:52:00","NONE","Y","N","MSP","UNK",3,4,235,"MD","",15.819,"N","THREE NOTCH RD",0,"F","N",207,"CO","","OLD ROLLING RD",38.31308197,-76.66833758,1,0,1,"M",1,3,NA,1,3,2,2,63.88,"P",0,NA,0,"",NA,"N",NA,1,NA,"05-AUG-94","e5fb19c0-891c-430b-9692-3e7e5817812a","","NONE","","","A"