"REPORT_NO","LIGHT_CODE","COUNTY_NO","MUNI_CODE","JUNCTION_CODE","COLLISION_TYPE_CODE","SURF_COND_CODE","LANE_CODE","RD_COND_CODE","RD_DIV_CODE","FIX_OBJ_CODE","WEATHER_CODE","ACC_DATE","ACC_TIME","LOC_CODE","SIGNAL_FLAG","C_M_ZONE_FLAG","AGENCY_CODE","AREA_CODE","HARM_EVENT_CODE1","HARM_EVENT_CODE2","RTE_NO","ROUTE_TYPE_CODE","RTE_SUFFIX","LOG_MILE","LOGMILE_DIR_FLAG","MAINROAD_NAME","DISTANCE","FEET_MILES_FLAG","DISTANCE_DIR_FLAG","REFERENCE_NO","REFERENCE_TYPE_CODE","REFERENCE_SUFFIX","REFERENCE_ROAD_NAME","LATITUDE","LONGITUDE","drv","occ","ped","SEX_CODE","CONDITION_CODE","INJ_SEVER_CODE","OCC_SEAT_POS_CODE","PED_VISIBLE_CODE","PED_LOCATION_CODE","PED_OBEY_CODE","PED_TYPE_CODE","MOVEMENT_CODE","PERSON_TYPE","ALCOHOL_TEST_CODE","ALCOHOL_TESTTYPE_CODE","DRUG_TEST_CODE","DRUG_TESTRESULT_CODE","BAC_CODE","FAULT_FLAG","EQUIP_PROB_CODE","SAF_EQUIP_CODE","EJECT_CODE","DATE_OF_BIRTH","PERSON_ID","LICENSE_STATE_CODE","CLASS","CDL_FLAG","VEHICLE_ID","EMS_UNIT_LABEL"
"MSP5442000L",4,8,0,2,17,2,1,1,4,0,6.01,"10/3/2016","8:32:00","","N","N","MSP","UNK",3,0,210,"MD","",5.26,"N","INDIAN HEAD HWY",0,"F","N",1779,"CO","","OLDE VILLAGE DR",38.62678133,-77.07408733,1,0,1,"M",2,4,NA,2,6,1,1,52,"P",0,NA,0,"",NA,"Y",NA,1,NA,"29-Oct-87","6b3d6443-d4f1-4ec8-a7e5-bc4d4f34e80b","MD","ID","","","A"
"MSP5454001X",1,22,0,2,17,2,NA,5,1,10,6.01,"11-02-2015","16:58:00","","N","N","MSP","UNK",16,3,346,"MD","",4.61,"E","OLD OCEAN CITY RD",0,"F","E",358,"CO","","ARCHIE DENNIS RD",38.385748,-75.503095,1,1,1,"M",4,4,NA,1,1,2,1,53,"P",0,NA,0,"",NA,"N",NA,1,NA,"19-AUG-62","057f98e3-30cc-4c39-a926-f13fccddde3b","VA","ID","","","A"
"MSP55160039",1,1,0,2,17,1,1,1,2,0,3,"10-01-2015","09:09:00","","Y","N","MSP","UNK",4,0,53,"MD","",3.24,"S","WINCHESTER RD",0,"F","S",270,"CO","","BRANT RD",39.594174,-78.83465217,1,0,1,"M",1,3,NA,3,6,88,2,51,"P",0,NA,0,"",NA,"Y",NA,99,NA,"23-OCT-83","f8c31180-2704-4424-9057-f000ebed01a8","MD","","","","A"
"MSP5549001D",1,10,0,2,17,2,4,1,4,0,6.01,"2/7/2017","16:17:00","","Y","N","MSP","UNK",3,0,26,"MD","",1.09,"E","LIBERTY RD",0,"F","E",998,"MU","","MONOCACY BLVD",39.44847418,-77.38623887,1,0,1,"M",1,3,NA,3,5,2,1,51,"P",0,NA,0,"",NA,"N",NA,0,NA,"29-Apr-58","2c557168-5a63-4d76-b9bd-5fb6c5ac5b6c","MD","ID","","","A"
"MSP5555000H",3,23,115,3,17,1,2,0,4,0,3,"05-03-2016","01:11:00","0005","Y","N","MSP","UNK",3,0,528,"MD","",2.97,"S","COASTAL HWY",5,"F","S",9490,"MU","","94TH ST",38.40933189,-75.05879626,1,0,1,"M",2,5,NA,3,5,3,1,51,"P",88,2,88,"N",0.1,"Y",NA,1,NA,"23-AUG-48","bb0f482b-fffd-44d0-8b72-0c10d877284c","PA","C","","","A"
"MSP55620021",4,6,NA,9.04,17,2,2,1,4,0,6.01,"06-03-2015","21:57:00","","N","N","MSP","UNK",3,0,140,"MD","",1.44,"N","BALTIMORE BLVD",500,"F","N",1285,"CO","","MICHELE BRAUNING DR",39.49766383,-76.89322283,1,0,1,"F",2,4,NA,3,6,1,1,52,"P",0,NA,0,"",NA,"",NA,1,NA,"20-JUL-63","af38dac8-a654-4c98-ae7f-df67f8e2db38","MD","C","","","A"
"MSP5627000K",88,4,0,3,88,2,NA,1,1,0,6.01,"12-24-2015","21:30:00","","Y","N","MSP","UNK",3,3,765,"MD","Q",2.23,"N","H G TRUEMAN RD",0,"F","N",1188,"CO","","TOWN SQUARE DR",38.37530263,-76.43535055,1,0,2,"M",0,3,NA,3,9.05,2,1,51,"P",0,NA,0,"",NA,"N",NA,0,NA,"09-APR-79","7509989f-1d3c-48e4-82c3-53b0fe5abf27","KY","C","","","A"
"MSP56560021",6.02,12,NA,1,17,2,1,1,4,0,6.01,"01-02-2015","17:09:00","00","N","N","MSP","UNK",4,0,24,"MD","",2.86,"N","VIETNAM VETERANS MEMORIAL HWY",20,"F","N",7,"MD","","PHILADELPHIA RD",39.44741165,-76.30092859,1,2,1,"M",1,4,NA,2,6,1,2,52,"P",0,NA,0,"",NA,"",NA,1,NA,"15-DEC-96","c97a4d09-e8ed-446d-a037-c8314e64b4c9","MD","","","","A"
"MSP56560042",3,12,0,1,17,3,1,1,1,0,0,"02-15-2016","05:45:00","00","N","N","MSP","UNK",3,0,159,"MD","",2.79,"N","PERRYMAN RD",30,"F","S",429,"CO","","IRISH LA",39.46800485,-76.20415449,1,0,1,"M",1,3,NA,3,6,1,1,52,"P",0,NA,0,"",NA,"Y",NA,1,NA,"04-OCT-80","02644ddc-552b-42e1-8756-24326c34a01b","VA","C","","","A"
"MSP56680011",7.88,8,0,3,17,2,2,1,1,0,6.01,"09-26-2015","05:36:00","","N","N","MSP","UNK",3,0,5,"MD","",8.654,"N","LEONARDTOWN RD",2,"F","S",165,"CO","","JONES LA",38.5887795,-76.86569893,1,0,1,"F",1,4,NA,2,6,1,1,52,"P",0,NA,0,"",NA,"Y",NA,0,NA,"28-DEC-97","e3d9542c-8519-4ace-bfa4-cce8026a83ad","MD","C","","","A"
"MSP5730004Q",1,10,0,2,17,2,NA,1,4,0,0,"10-12-2015","16:53:00","","Y","N","MSP","UNK",3,0,26,"MD","",1.09,"E","LIBERTY RD",0,"F","E",998,"MU","","MONOCACY BLVD",39.4491136,-77.38419257,1,0,1,"F",1,3,NA,1,9.05,2,1,51,"P",0,NA,0,"",NA,"N",NA,0,NA,"28-NOV-87","18864680-bf9f-4969-b5df-d380a99459b7","MD","C","","","A"
"MSP5730006C",1,21,0,2,17,2,NA,1,4,0,6.01,"08-14-2016","16:03:00","","Y","N","MSP","UNK",4,0,65,"MD","",10.62,"N","SHARPSBURG PIKE",0,"F","N",70,"RP","","RAMP 2 FR IS 70 WB TO MD 65 NB",39.60601958,-77.72916828,1,0,1,"M",1,3,NA,2,10.88,1,2,54,"P",0,NA,0,"",NA,"Y",NA,1,NA,"04-APR-98  00:00:00","e3af1504-f613-4566-99e3-4056aeb09b79","MD","LPC","","","A"
"MSP5743003H",4,21,0,1,17,2,1,1,1,0,6.01,"02-18-2016","18:27:00","","N","N","MSP","UNK",3,0,63,"MD","",12.7,"N","GREENCASTLE PIKE",NA,"M","N",761,"CO","","RESH RD",39.66344363,-77.79748321,1,0,1,"M",99,5,NA,2,6,1,1,52,"P",0,NA,0,"",NA,"Y",NA,1,NA,"12-JAN-93","2f4ed9b6-49d4-43bf-8c3e-6b543d6a701c","MD","ID","","","A"
"MSP5745001F",4,11,0,1,88,2,1,1,1,0,6.01,"01-02-2016","18:10:00","N/A","N","N","MSP","UNK",3,8,560,"MD","",4.18,"N","GORMAN RD",NA,"M","S",375,"CO","","WHITE CHURCH STEYER RD",39.34505539,-79.32833254,1,1,1,"M",1,4,NA,99,6,1,1,52,"P",0,NA,0,"",NA,"Y",NA,1,NA,"02-APR-51","f252a977-c719-46fd-8f53-1db18d723be8","MD","","","","A"
"MSP5815000R",1,18,NA,1,88,2,1,1,1,0,6.01,"05-16-2015","13:29:00","","N","N","MSP","UNK",3,0,5,"MD","",28.581,"N","POINT LOOKOUT RD",100,"F","N",NA,"UU","","ENT TO BUSINESS",38.30713005,-76.66300535,1,0,1,"M",1,3,NA,3,5,1,1,51,"P",0,NA,0,"",NA,"",NA,1,NA,"05-JAN-42","201925b9-37c0-4c53-aa0d-11874d125e21","MD","C","","",""
"MSP58240028",3,6,0,0,88,2,2,1,1,0,6.01,"09-16-2016","01:14:00","NONE","N","N","MSP","UNK",3,0,32,"MD","",3.364,"N","SYKESVILLE RD",300,"F","N",26,"MD","","LIBERTY RD",39.40542773,-76.95050597,1,0,1,"M",1,3,NA,2,2,0,1,53,"P",0,NA,0,"",NA,"N",NA,1,NA,"01-DEC-96  00:00:00","f519b14c-c048-4f7d-80ea-8e6eb25e2f91","MD","C","","","A"
"MSP5847004H",1,10,0,2,17,2,2,1,4,0,6.01,"10/31/2016","14:15:00","0","Y","N","MSP","UNK",4,0,26,"MD","",1.63,"E","LIBERTY RD",0,"F","E",1353,"MU","","SEBASTIAN BLVD",39.45074624,-77.37714887,1,0,1,"M",1,3,NA,3,6,1,2,51,"P",0,NA,0,"",NA,"N",NA,21,NA,"8-Sep-75","86df2d1b-4a98-4f8a-bd6f-7fd3e3ecb674","MD","C","","","A"
"MSP5861004H",4,6,0,1,17,2,1,1,5.01,0,6.01,"3/27/2017","20:43:00","","N","N","MSP","UNK",3,0,26,"MD","",10.93,"E","LIBERTY RD",250,"F","E",697,"CO","","HEMLOCK DR W",39.39958733,-76.93479133,1,1,1,"M",99,5,NA,2,6,1,1,52,"P",0,NA,0,"",NA,"Y",NA,1,NA,"15-Nov-66","011f1e6c-862d-4a96-bec1-946d5a692640","MD","ID","","","A"
"MSP5862002R",4,8,NA,1,17,2,2,1,1,0,6.01,"05-19-2015","22:18:00","","N","N","MSP","UNK",3,0,210,"MD","",1.6,"N","INDIAN HEAD HWY",0,"M","N",225,"MD","","HAWTHORNE RD",38.601595,-77.141726,1,0,1,"F",3,4,NA,1,6,1,1,52,"P",0,NA,0,"",NA,"",NA,1,NA,"04-JUN-88","7877a71f-05c7-479f-873e-e0ed83fd4bd9","MD","C","","","A"
"MSP58950034",4,6,0,5.01,3,2,NA,1,4,0,6.01,"11/25/2016","18:10:00","0","N","N","MSP","UNK",4,0,27,"MD","",0.27,"N","RIDGE RD",100,"F","N",70,"IS","","BALTO NATIONAL PIKE",39.35559207,-77.16903177,1,0,1,"M",1,4,NA,7,6,2,2,53,"P",0,NA,0,"",NA,"N",NA,26.88,NA,"1-Jun-57","9d951c4c-0148-4ee9-9306-20fa264f3440","MD","C","","","A"
"MSP59480025",4,12,0,1,17,1,1,1,1,0,3,"07-06-2015","22:29:00","","N","N","MSP","UNK",3,0,543,"MD","",14.4,"N","ADY RD",100,"F","N",1918,"CO","","ST ANNE DR",39.6315115,-76.3282795,1,0,1,"F",2,3,NA,1,6,0,1,53,"P",0,NA,0,"",NA,"Y",NA,1,NA,"22-MAR-77","0dc9fc75-1414-4662-9166-7031384dbb11","MD","ID","","","A"
"MSP5953006L",1,21,0,1,6,3,1,4,1,0,10.04,"3/15/2017","16:40:00","","N","N","MSP","UNK",1,3,66,"MD","",9.88,"N","MAPLEVILLE RD",0.5,"M","S",307,"CO","","REPUBLICAN AVE",39.63398417,-77.59827817,2,0,1,"F",1,3,NA,3,1,0,1,56,"P",0,NA,0,"",NA,"N",NA,1,NA,"31-Dec-77","2d68b3c3-9023-4ca5-9628-f74db2e5e34a","MD","C","","","A"
"MSP5955002C",3,17,0,3,17,2,1,1,1,0,6.01,"11/15/2016","3:00:00","","Y","Y","MSP","UNK",3,0,8,"MD","",8.05,"N","BUSINESS PKWY",500,"F","S",50,"US","","BLUE STAR MEMORIAL HWY",38.9766593,-76.32260084,1,2,1,"M",1,3,NA,4,88,0,88,88,"P",0,NA,0,"",NA,"N",NA,25.88,NA,"29-Apr-73","eaf1d432-141d-49da-b692-b62dc33ba367","MD","C","","","A"
"MSP59670032",1,12,0,9.04,17,2,1,1,1,0,7.01,"05-03-2016","17:16:00","","N","N","MSP","UNK",3,0,755,"MD","",0.95,"N","EDGEWOOD RD",70,"F","N",512,"CO","","HANSON RD",39.42693167,-76.29941983,1,2,1,"F",1,3,NA,3,6,0,1,52,"P",0,NA,0,"",NA,"Y",NA,1,NA,"16-NOV-97","4b7920a1-8831-4922-b5ac-fa475a84db43","MD","","","","A"
"MSP59690019",1,20,132,3,17,2,1,1,1,0,6.01,"08-22-2015","12:24:00","","N","N","MSP","UNK",3,0,33,"MD","",13.23,"E","TALBOT ST",50,"F","E",320,"MU","","RAILROAD AVE",38.786,-76.224,1,0,1,"M",1,3,NA,4,3,0,1,56,"P",0,NA,0,"",NA,"N",NA,25.88,NA,"01-JUL-94","b2ad9d6f-5135-4d77-bb91-82df853020e3","MD","C","","","A"
"MSP5971004M",3,2,0,1,3,2,NA,1,4,0,6.01,"1/26/2017","22:30:00","","N","N","MSP","UNK",3,1,295,"MD","",8.89,"N","BALTIMORE WASHINGTON PKWY",500,"F","N",295,"RP","","RAMP 5 FR MD 295 SB TO RAMP 9 (TO MD100)",39.174943,-76.727057,2,0,1,"F",1,3,NA,2,1,0,1,53,"P",0,NA,0,"",NA,"N",NA,1,NA,"30-Sep-77","37d1f582-e135-4e1d-895c-ecbb68c4421a","MD","C","","",""
"MSP5976002W",4,21,0,1,17,2,1,1,1,0,6.01,"11-24-2015","17:27:00","00","N","N","MSP","UNK",3,0,64,"MD","",1.93,"E","JEFFERSON BLVD",0,"M","W",373,"CO","","SCOTT HILL DR",39.642363,-77.67814567,1,0,1,"M",1,4,NA,3,6,1,1,56,"P",0,NA,0,"",NA,"Y",NA,1,NA,"05-JUL-60","a9504a95-d568-4093-8eae-1d5d25c54b3c","MD","C","","","A"
"MSP6005000L",1,7,NA,1,3,2,1,1,1,0,6.01,"06-11-2015","10:12:00","","N","N","MSP","UNK",1,1,213,"MD","",27.12,"N","LEWISVILLE RD",0,"M","N",141,"CO","","ROCK CHURCH RD",39.7194085,-75.87612983,1,0,1,"M",1,5,NA,1,1,0,6,56,"P",0,NA,0,"",NA,"N",NA,1,NA,"30-AUG-44","5e7cc14d-dce0-45e4-9523-736f228cc4ec","DE","D","","","A"
"MSP603300H1",3,12,0,1,17,2,1,1,1,0,0,"12/23/2016","19:43:00","","N","N","MSP","UNK",3,0,165,"MD","",2.38,"N","BALDWIN MILL RD",100,"F","S",1341,"CO","","CROSS COUNTRY CT",39.54705667,-76.47176167,1,3,1,"M",1,3,NA,2,99,0,1,53,"P",0,NA,0,"",NA,"U",NA,1,NA,"19-May-55","a39a7cc5-bd83-4b59-9ca0-ebecbfa396d9","","","","","A"
"MSP60420026",4,7,0,1,88,2,1,1,1,0,6.01,"08-23-2016","21:24:00","","N","N","MSP","UNK",3,0,272,"MD","",16.22,"N","NORTHEAST RD",500,"F","N",149,"CO","","WHEATLEY RD",39.66050412,-75.95455607,1,0,1,"M",NA,3,NA,3,4,0,1,56,"P",0,NA,0,"",NA,"Y",NA,1,NA,"31-OCT-75  00:00:00","ccb64567-a21c-499b-aeff-c4fa377380e2","","","","","A"
"MSP604900D7",4,12,0,1,88,2,2,1,4,0,6.01,"08-25-2016","05:25:00","","N","N","MSP","UNK",4,0,24,"MD","",1.7,"N","EMMORTON RD",0,"M","S",755,"MD","","EDGEWOOD RD",39.45271004,-76.30679,1,0,1,"M",1,4,NA,4,1,2,2,53,"P",0,NA,0,"",NA,"N",NA,25.88,NA,"26-APR-88  00:00:00","e2962f64-ddff-4758-ba5d-855491fad2cc","MD","C","","","A"
"MSP6056002X",1,2,NA,2,15,3,NA,1,1,0,8.04,"02-26-2015","10:28:00","","N","N","MSP","UNK",1,3,648,"MD","E",2.33,"N","BALTO ANNAPOLIS BLVD",0,"F","N",733,"CO","E","CHESTER CIR",39.158243,-76.609824,2,0,1,"M",1,4,NA,3,88,0,1,56,"P",0,NA,0,"",NA,"",NA,1,NA,"05-MAR-64","8170cc18-3994-4e3c-a85a-14a8f53713fa","MD","A","","","A"
"MSP6060001X",1,6,0,0,17,2,1,1,1,0,6.01,"07-16-2015","11:46:00","","N","N","MSP","UNK",3,0,32,"MD","",16.604,"N","WASHINGTON RD",25,"F","S",15,"MU","","BENNETT AVE",39.55987483,-76.9867625,1,0,1,"M",99,4,NA,3,1,1,1,53,"P",0,NA,0,"",NA,"Y",NA,0,NA,"20-OCT-56","ce7049b3-6063-4fbf-b5a8-f98c4dae32a6","MD","","","","A"
"MSP6063005T",1,12,0,1,0,2,1,1,1,0,6.01,"08-29-2016","17:00:00","","N","N","MSP","UNK",3,0,165,"MD","",6.615,"N","BALDWIN MILL RD",NA,"M","S",0,"UU","","ENT TO BUSINESS",39.60162242,-76.47770543,1,0,1,"F",1,3,NA,99,6,0,1,52,"P",0,NA,0,"",NA,"Y",NA,1,NA,"22-OCT-00  00:00:00","956f692e-69d1-4757-96a7-0049e79de5d5","MD","C","","","A"
"MSP6079002G",4,2,NA,1,17,2,2,1,4,0,6.01,"01-30-2015","21:36:00","","N","N","MSP","UNK",3,0,295,"MD","",8.95,"N","BALTIMORE WASHINGTON PKWY",0,"M","N",100,"MD","","NO NAME",39.1809424,-76.72083378,1,0,1,"F",99,5,NA,99,6,1,1,99,"P",0,NA,0,"",NA,"",NA,1,NA,"12-NOV-72","329954bb-b00e-429f-b71c-ae88e2116ebb","MD","ID","","","A"
"MSP6079005K",4,3,0,1,17,2,1,1,4,0,6.01,"09-03-2016","02:17:00","","N","Y","MSP","UNK",3,0,295,"MD","",1.1,"N","BALTIMORE WASHINGTON PKWY",500,"F","S",3281,"CO","","DAISY AVE",39.24359337,-76.64837943,1,1,1,"M",99,5,NA,1,1,0,1,54,"P",0,NA,0,"",NA,"Y",NA,1,NA,"28-MAR-53  00:00:00","e61a661b-1b48-4a9b-9ae6-cef09978cc8e","MD","","","","A"
"MSP6083002T",1,22,0,3,3,1,1,1,1,0,6.01,"1/11/2017","11:09:00","","N","N","MSP","UNK",1,0,346,"MD","",3.18,"E","OLD OCEAN CITY RD",5,"F","W",450,"CO","","EDWARDS AVE",38.37708087,-75.52483777,2,2,1,"M",1,3,NA,3,1,1,1,56,"P",0,NA,0,"",NA,"N",NA,1,NA,"13-Nov-06","f8b6e965-8cad-4de1-9b38-eeda5a613412","","","","",""
"MSP6084002S",1,6,103,1,88,2,1,1,1,0,6.01,"07-21-2016","16:07:00","","N","N","MSP","UNK",4,0,808,"MD","A",1.43,"N","N MAIN ST",30,"F","N",320,"MU","","ST JAMES ST",39.3784775,-77.1526315,1,0,1,"M",1,4,NA,2,3,1,2,53,"P",0,NA,0,"",NA,"N",NA,21,NA,"26-MAR-07  00:00:00","a50339e1-0e21-4839-ae44-6ea9abc0a436","","","","","A"
"MSP609000B9",1,12,0,9.04,88,2,1,1,1,0,6.01,"5/8/2017","17:14:00","","N","N","MSP","UNK",4,0,165,"MD","",2.19,"N","BALDWIN MILL RD",200,"F","N",152,"MD","","FALLSTON RD",39.54468543,-76.47311483,1,0,1,"F",1,3,NA,99,6,1,2,52,"P",0,NA,0,"",NA,"Y",NA,99,NA,"24-Jun-02","a54fd294-567e-486a-8a22-54c13d626a05","","","","","A"
"MSP60950073",3,12,0,1,88,2,NA,1,3,0,6.01,"12/3/2016","18:32:00","","N","N","MSP","UNK",3,0,924,"MD","",0.215,"N","EMMORTON RD",200,"F","S",0,"UU","","ENT TO CONSTANT FRIENDSHIP SHOP CTR",39.46676148,-76.31314028,1,0,1,"F",1,3,NA,2,6,1,1,88,"P",0,NA,0,"",NA,"N",NA,1,NA,"12-Jan-75","067994ed-7004-47fc-8cb7-506b688c6b77","MD","C","","","A"
"MSP6168001C",5.02,18,0,1,17,2,1,1,4,0,6.01,"01-14-2016","06:38:00","","N","N","MSP","UNK",3,0,235,"MD","",20.717,"N","THREE NOTCH RD",30,"F","S",245,"MD","","SOTTERLEY RD",38.34569127,-76.57143687,1,0,1,"F",1,3,NA,4,6,1,1,52,"P",0,NA,0,"",NA,"Y",NA,25.88,NA,"10-JAN-56","3242e54e-f7ed-4a33-a62e-b57930a17c7f","MD","ID","","","A"
"MSP6178000W",1,18,NA,1,3,2,NA,1,5.01,0,6.01,"02-19-2015","15:04:00","","N","N","MSP","UNK",1,0,5,"MD","",32.17,"N","POINT LOOKOUT RD",100,"F","N",86,"CO","","PIN CUSHION RD",38.3573846,-76.6875438,1,0,1,"M",1,3,NA,3,1,0,5,53,"P",0,NA,0,"",NA,"",NA,0,NA,"17-AUG-84","f674b14e-a2f6-4ce2-9cb9-4801b01b0c2b","MD","None","","","A"
"MSP61850018",3,20,NA,3,17,2,NA,1,1,0,6.01,"02-03-2015","18:13:00","","N","N","MSP","UNK",3,0,33,"MD","",0.46,"E","TILGHMAN ISLAND RD",0,"F","E",129,"CO","","GIBSONTOWN RD",38.714211,-76.336218,1,0,1,"M",1,3,NA,2,6,1,1,52,"P",0,NA,0,"",NA,"",NA,0,NA,"15-DEC-53","d3d8cce9-a5a3-48d6-a939-3ea14fc240a7","MD","","","","A"
"MSP6188000M",4,18,NA,2,11,2,3,1,1,0,6.01,"03-13-2015","06:52:00","","Y","N","MSP","UNK",3,0,235,"MD","",15.339,"N","THREE NOTCH RD",0,"F","N",222,"CO","","TOWN CREEK DR",38.2943686,-76.5001274,1,0,1,"M",1,3,NA,2,9.05,2,2,51,"P",0,NA,0,"",NA,"",NA,21,NA,"21-JUN-70","acd612db-f1ce-46ff-98bb-2eb770cc7e4f","MD","C","","","A"
"MSP6207001N",5.02,6,0,1,88,2,1,1,1,0,6.01,"02-28-2016","18:46:00","","N","N","MSP","UNK",88,0,140,"MD","",13.45,"N","TANEYTOWN PIKE",200,"F","N",80,"CO","","BAUGHER RD",39.60292727,-77.05355644,1,0,1,"M",88,4,NA,3,6,0,1,88,"P",0,NA,0,"",NA,"Y",NA,1,NA,"13-JUL-70","19c6573c-9d56-49d8-a0a6-1ef1b14b5878","MD","C","","","A"
"MSP6207002V",4,6,0,1,88,2,1,1,1,0,7.01,"12/8/2016","5:23:00","","N","N","MSP","UNK",3,0,26,"MD","",11.85,"E","LIBERTY RD",200,"F","E",1333,"CO","","OLD LIBERTY RD",39.3957355,-76.91901367,1,0,1,"M",1,5,NA,2,6,1,1,52,"P",0,NA,0,"",NA,"Y",NA,1,NA,"5-Nov-45","56f611b7-7921-44a3-9e8e-366d579c8ed6","MD","C","","","A"
"MSP6228001D",1,16,0,1,17,2,1,1,2,0,6.01,"02-16-2016","15:37:00","00","N","N","MSP","UNK",3,0,450,"MD","",4.77,"E","ANNAPOLIS RD",0,"F","E",95,"RP","","RAMP 3 FR MD 450 EB TO RAMP 2 (TO IS 95)",38.96122817,-76.86359283,1,0,1,"M",2,3,NA,2,5,1,1,52,"P",0,NA,0,"",NA,"N",NA,1,NA,"01-SEP-65","5224afdd-cd67-4ed5-80a2-00512be30fae","","","","","A"
"MSP6265002P",1,6,103,2,88,2,2,1,1,0,7.01,"01-12-2016","11:51:00","","N","N","MSP","UNK",3,0,808,"MD","A",0.29,"N","S MAIN ST",0,"F","N",215,"MU","","S MAIN ST",39.36380838,-77.16621995,1,0,1,"M",1,3,NA,3,6,0,1,51,"P",0,NA,0,"",NA,"Y",NA,1,NA,"26-APR-76","43ff60be-8e7f-42c9-aa9e-22374d770adc","LA","E","","","A"
"MSP6283001M",1,22,0,0,17,2,1,1,1,0,0,"06-29-2016","19:52:00","","N","N","MSP","UNK",4,3,350,"MD","",6.83,"E","MT HERMON RD",NA,"M","W",257,"CO","","WASTE GATE RD",38.3381895,-75.44970817,1,1,1,"M",1,5,NA,1,1,0,2,53,"P",0,NA,0,"",NA,"U",NA,0,NA,"11-SEP-97","43391496-2e63-40d0-a643-ab2f6a87ed56","MD","C","","","A"
"MSP6289001W",1,20,147,1,3,2,NA,1,1,0,6.01,"08-08-2015","17:15:00","","N","N","MSP","UNK",4,0,565,"MD","",0.77,"N","MAIN ST",NA,"M","N",185,"OP","","LOCUST ST",38.66720009,-76.06456161,1,0,1,"M",1,3,NA,0,6,0,2,53,"P",0,NA,0,"",NA,"Y",NA,1,NA,"09-FEB-02","39efd95e-6be1-412f-99c3-65351e3ab138","","","","","A"
"MSP6292001F",4,6,NA,1,17,2,3,1,4,0,6.01,"03-07-2015","19:13:00","N/A","Y","N","MSP","UNK",3,0,140,"MD","",8.37,"N","BALTIMORE BLVD",209,"F","N",398,"CO","","GORSUCH RD",39.56797933,-76.979196,1,0,1,"M",2,5,NA,2,6,1,1,52,"P",0,NA,0,"",NA,"",NA,1,NA,"03-SEP-68","796657c3-ff83-42c7-abf9-07852abb0602","MD","ID","","","A"
"MSP63000026",4,8,NA,1,88,2,NA,1,1,0,6.01,"02-25-2015","02:02:00","","N","N","MSP","UNK",3,0,925,"MD","",1.89,"N","OLD WASHINGTON RD",100,"F","N",253,"CO","","TERRACE DR",38.617274,-76.915815,1,0,1,"M",1,4,NA,2,1,0,1,53,"P",0,NA,0,"",NA,"",NA,0,NA,"02-MAY-93","0ff9e2f7-67d0-4315-8325-9e8792abd8a4","MD","N/A","","","A"
"MSP6310002X",1,22,0,1,17,2,NA,1,88,0,6.01,"3/17/2017","8:28:00","","N","N","MSP","UNK",3,0,350,"MD","",6.63,"E","MT HERMON RD",1,"M","W",297,"CO","","FOREST GROVE RD",38.35138667,-75.57604667,1,0,1,"M",1,3,NA,99,88,0,1,55,"P",0,NA,0,"",NA,"Y",NA,0,NA,"30-Dec-10","f1ee0a0a-f6bb-4492-846e-bc083654b26c","","","","",""
"MSP63150099",3,16,0,1,17,2,NA,1,4,0,6.01,"07-02-2016","23:27:00","00","N","N","MSP","UNK",3,3,198,"MD","",0.24,"E","SANDY SPRING RD",500,"F","E",1,"CO","","BOND MILL RD",39.10057282,-76.90581625,1,0,1,"M",3,4,NA,2,1,1,1,53,"P",0,NA,0,"",NA,"U",NA,1,NA,"22-MAR-58  00:00:00","884c3d6e-433d-49dc-9108-0ee336b9b467","MD","","","","A"
"MSP6325004P",3,6,0,1,17,2,1,1,4,0,6.01,"12-08-2015","21:48:00","","N","N","MSP","UNK",3,0,140,"MD","",1.35,"N","BALTIMORE BLVD",500,"F","N",91,"MD","","EMORY RD",39.49723573,-76.89331859,1,0,1,"M",99,4,NA,88,88,88,88,88,"P",99,99,99,"N",NA,"U",NA,1,NA,"04-JUL-92","9eb4b246-262e-4b36-9fdd-db7726c874f8","MD","C","","","A"
"MSP63270029",1,7,26,88,88,2,NA,1,0,0,6.01,"06-28-2015","18:41:00","","N","N","MSP","UNK",3,0,286,"MD","",0.32,"E","BETHEL RD",0,"F","E",0,"UU","","OUT CORP LMTS CHESAPEAKE CITY",39.52613986,-75.80624342,1,1,1,"M",99,3,NA,3,0,1,1,56,"P",0,NA,0,"",NA,"U",NA,0,NA,"28-AUG-86","b6a4a1e7-8b4c-429c-9aac-db4e5efe0984","","","","","A"