"REPORT_NO","LIGHT_CODE","COUNTY_NO","MUNI_CODE","JUNCTION_CODE","COLLISION_TYPE_CODE","SURF_COND_CODE","LANE_CODE","RD_COND_CODE","RD_DIV_CODE","FIX_OBJ_CODE","WEATHER_CODE","ACC_DATE","ACC_TIME","LOC_CODE","SIGNAL_FLAG","C_M_ZONE_FLAG","AGENCY_CODE","AREA_CODE","HARM_EVENT_CODE1","HARM_EVENT_CODE2","RTE_NO","ROUTE_TYPE_CODE","RTE_SUFFIX","LOG_MILE","LOGMILE_DIR_FLAG","MAINROAD_NAME","DISTANCE","FEET_MILES_FLAG","DISTANCE_DIR_FLAG","REFERENCE_NO","REFERENCE_TYPE_CODE","REFERENCE_SUFFIX","REFERENCE_ROAD_NAME","LATITUDE","LONGITUDE","drv","occ","ped","SEX_CODE","CONDITION_CODE","INJ_SEVER_CODE","OCC_SEAT_POS_CODE","PED_VISIBLE_CODE","PED_LOCATION_CODE","PED_OBEY_CODE","PED_TYPE_CODE","MOVEMENT_CODE","PERSON_TYPE","ALCOHOL_TEST_CODE","ALCOHOL_TESTTYPE_CODE","DRUG_TEST_CODE","DRUG_TESTRESULT_CODE","BAC_CODE","FAULT_FLAG","EQUIP_PROB_CODE","SAF_EQUIP_CODE","EJECT_CODE","DATE_OF_BIRTH","PERSON_ID","LICENSE_STATE_CODE","CLASS","CDL_FLAG","VEHICLE_ID","EMS_UNIT_LABEL"
"MSP6328001Z",3,8,NA,1,3,4,1,1,1,0,6.01,"01-25-2015","00:24:00","","N","N","MSP","UNK",1,3,381,"MD","",0,"N","BRANDYWINE RD",25,"F","N",231,"MD","","PRINCE FREDERICK RD",38.55088833,-76.7433795,2,1,1,"M",1,4,NA,3,6,0,1,56,"P",0,NA,0,"",NA,"",NA,1,NA,"10-MAR-69","7aa11578-91ab-4232-a1d9-d2de340a8964","MD","C","","","B"
"MSP6328002D",3,8,NA,2,88,2,1,1,1,0,0,"04-10-2015","22:01:00","","Y","N","MSP","UNK",3,0,5,"MD","BU",1.63,"N","LEONARDTOWN RD",0,"F","N",64,"CO","BU","OLD WASHINGTON RD",38.6246765,-76.9082135,1,0,1,"M",2,4,NA,2,5,3,1,51,"P",88,88,0,"U",0.28,"U",NA,1,NA,"13-FEB-91","34f5ff31-64e6-4d09-9d45-c4802da8ff1b","MD","C","","","A"
"MSP6328002P",1,8,NA,1,88,2,2,1,1,0,6.01,"05-24-2015","12:57:00","","N","N","MSP","UNK",4,0,5,"MD","BU",1.63,"N","LEONARDTOWN RD",5,"F","N",925,"MD","BU","OLD WASHINGTON RD",38.62317083,-76.90639017,1,0,1,"M",1,4,NA,4,4,1,2,53,"P",0,NA,0,"",NA,"",NA,1,NA,"14-FEB-54","26901945-2573-4077-aae5-2ebc3ea262e5","MD","C","","","A"
"MSP6328003P",1,8,0,2,88,2,2,1,4,0,6.01,"11-12-2015","10:27:00","","Y","N","MSP","UNK",4,3,5,"MD","BU",0,"N","LEONARDTOWN RD",0,"F","N",623,"CO","","ST CHARLES PKWY",38.61341417,-76.88040988,1,0,1,"M",1,3,NA,1,1,1,2,88,"P",0,NA,0,"",NA,"N",NA,21,NA,"17-OCT-84","2f9fdeab-07e1-492a-bf1b-af9cde34e331","MD","C","","","A"
"MSP63280053",3,8,0,1,88,2,NA,1,4,0,6.01,"05-13-2016","20:14:00","","Y","N","MSP","UNK",3,0,228,"MD","",5.07,"E","BERRY RD",25,"F","E",873,"CO","","WESTERN PKWY",38.62916633,-76.915749,1,0,1,"F",1,4,NA,3,6,3,1,52,"P",0,NA,0,"",NA,"Y",NA,1,NA,"23-SEP-97","a727ff65-5487-41aa-92a0-f223a67e253f","NC","C","","","A"
"MSP6328006Y",3,8,0,1,3,2,1,1,1,0,6.01,"11/6/2016","21:31:00","","N","N","MSP","UNK",1,0,925,"MD","",2.49,"N","OLD WASHINGTON RD",175,"F","N",5,"MD","BU","LEONARDTOWN RD",38.62793,-76.903,1,0,1,"M",2,3,NA,2,6,1,2,53,"P",0,NA,0,"",NA,"N",NA,1,NA,"5-Aug-59","8194acbd-a538-4e93-ae0f-3a7526b2c72a","MD","C","","","A"
"MSP6328008B",1,8,0,1,3,2,NA,1,1,0,6.01,"4/28/2017","18:43:00","","N","N","MSP","UNK",2,2,231,"MD","",6.08,"E","PRINCE FREDERICK RD",60,"F","W",0,"UU","","LONG FIELD PL",38.53478512,-76.73936258,1,0,3,"M",1,4,NA,1,1,1,1,56,"P",0,NA,0,"",NA,"N",NA,1,NA,"15-Jun-66","6a60408e-5ead-4008-b325-7d11e0cc728c","MD","C","","","B"
"MSP6328008B",1,8,0,1,3,2,NA,1,1,0,6.01,"4/28/2017","18:43:00","","N","N","MSP","UNK",2,2,231,"MD","",6.08,"E","PRINCE FREDERICK RD",60,"F","W",0,"UU","","LONG FIELD PL",38.53478512,-76.73936258,1,0,3,"M",1,4,NA,1,1,1,1,56,"P",0,NA,0,"",NA,"N",NA,1,NA,"25-Nov-94","a16cbca6-d055-4de3-936a-689c5234e32f","VA","C","","","B"
"MSP6354001G",4,17,0,2,14,1,1,0,1,0,3,"10-02-2015","06:17:00","","Y","N","MSP","UNK",1,1,18,"MD","B",4.61,"E","MAIN ST",0,"F","E",18,"MD","V","CHESTER RIVER BEACH RD",38.95949967,-76.21301217,1,0,1,"M",1,3,NA,2,4,0,2,51,"P",0,NA,0,"",NA,"Y",NA,26.88,NA,"12-JAN-56","c507524d-031c-44ac-bd5f-08b0d39259b7","MD","c","","","A"
"MSP6355004G",5.02,16,0,1,88,2,2,1,4,0,6.01,"10-14-2015","07:00:00","","N","N","MSP","UNK",3,0,202,"MD","",9.14,"N","LARGO RD",30,"F","N",0,"UU","","SPUR FR MCCORMICK DR",38.91750525,-76.84418858,1,0,1,"M",1,3,NA,2,4,1,1,52,"P",0,NA,0,"",NA,"Y",NA,1,NA,"23-JUN-88","4dd10d5c-22b9-49e7-a6b0-9cf9a42c5e00","MD","","","","A"
"MSP63620017",4,18,0,3,9,2,1,1,1,0,0,"07-09-2016","00:26:00","","N","N","MSP","UNK",1,0,6,"MD","",0.71,"E","NEW MARKET RD",30,"F","E",0,"UU","","CULVER LA",38.46991004,-76.78876,1,1,7,"M",1,4,NA,6,1,4,5,53,"P",0,NA,0,"",NA,"N",NA,1,NA,"30-SEP-07  00:00:00","acf814c5-c3a2-4f67-874a-f17eb8794452","","","","","A"
"MSP63620017",4,18,0,3,9,2,1,1,1,0,0,"07-09-2016","00:26:00","","N","N","MSP","UNK",1,0,6,"MD","",0.71,"E","NEW MARKET RD",30,"F","E",0,"UU","","CULVER LA",38.46991004,-76.78876,1,1,7,"F",1,4,NA,0,1,1,5,53,"P",0,NA,0,"",NA,"N",NA,1,NA,"09-APR-86  00:00:00","04b76b36-5dc4-4afc-ab7a-d5216bd15995","","","","","A"
"MSP63620017",4,18,0,3,9,2,1,1,1,0,0,"07-09-2016","00:26:00","","N","N","MSP","UNK",1,0,6,"MD","",0.71,"E","NEW MARKET RD",30,"F","E",0,"UU","","CULVER LA",38.46991004,-76.78876,1,1,7,"M",1,4,NA,6,1,1,5,53,"P",0,NA,0,"",NA,"Y",NA,1,NA,"30-DEC-82  00:00:00","5fbc74c1-a4fd-4be3-9185-1f4288e70c6e","","","","","A"
"MSP63620017",4,18,0,3,9,2,1,1,1,0,0,"07-09-2016","00:26:00","","N","N","MSP","UNK",1,0,6,"MD","",0.71,"E","NEW MARKET RD",30,"F","E",0,"UU","","CULVER LA",38.46991004,-76.78876,1,1,7,"F",1,4,NA,6,1,1,5,54,"P",0,NA,0,"",NA,"N",NA,1,NA,"03-APR-15  00:00:00","6dd2bed1-b3c5-4716-82b0-643b13a64dd2","","","","","B"
"MSP63620017",4,18,0,3,9,2,1,1,1,0,0,"07-09-2016","00:26:00","","N","N","MSP","UNK",1,0,6,"MD","",0.71,"E","NEW MARKET RD",30,"F","E",0,"UU","","CULVER LA",38.46991004,-76.78876,1,1,7,"F",1,4,NA,0,1,0,5,53,"P",0,NA,0,"",NA,"N",NA,1,NA,"16-JAN-09  00:00:00","3b8deb8b-d23d-47da-b951-ac9b8a04b3be","","","","","B"
"MSP63620017",4,18,0,3,9,2,1,1,1,0,0,"07-09-2016","00:26:00","","N","N","MSP","UNK",1,0,6,"MD","",0.71,"E","NEW MARKET RD",30,"F","E",0,"UU","","CULVER LA",38.46991004,-76.78876,1,1,7,"F",1,3,NA,6,1,4,5,53,"P",0,NA,0,"",NA,"N",NA,1,NA,"25-OCT-10  00:00:00","baed62bb-72b3-4531-8699-a0911963e736","","","","","A"
"MSP63620017",4,18,0,3,9,2,1,1,1,0,0,"07-09-2016","00:26:00","","N","N","MSP","UNK",1,0,6,"MD","",0.71,"E","NEW MARKET RD",30,"F","E",0,"UU","","CULVER LA",38.46991004,-76.78876,1,1,7,"F",1,4,NA,6,1,1,5,53,"P",0,NA,0,"",NA,"N",NA,1,NA,"11-SEP-12  00:00:00","1613d2e7-b8c7-4be4-b1b7-208aaf070f27","","","","","B"
"MSP6366007B",1,12,0,1,7,1,1,1,1,0,0,"3/19/2017","9:25:00","","N","N","MSP","UNK",3,0,7,"MD","",10.66,"E","OLD PHILADELPHIA RD",100,"F","E",1993,"CO","","OLD PHILADELPHIA RD",39.47414267,-76.30141683,1,0,1,"M",1,4,NA,3,1,2,2,53,"P",0,NA,0,"",NA,"N",NA,1,NA,"10-Jan-92","0b2eb065-e674-4c4c-adfc-bc27c9826d4e","","C","","","A"
"MSP63770062",3,12,7,1,88,2,2,1,4,0,6.01,"01-03-2016","21:01:00","01","N","N","MSP","UNK",3,0,24,"MD","",9.33,"N","VIETNAM VETERANS MEMORIAL HWY",75,"F","N",60,"MU","","BOULTON ST",39.53030967,-76.36009867,1,1,1,"M",2,3,NA,3,1,88,1,53,"P",0,NA,0,"",NA,"Y",NA,1,NA,"01-JAN-81","2358af85-e08f-4d02-a05f-e5f12582dc5b","MD","","","","A"
"MSP637800C3",3,12,0,2,88,2,1,1,3,0,6.01,"4/7/2017","20:07:00","","Y","N","MSP","UNK",3,0,924,"MD","",1.05,"N","EMMORTON RD",0,"F","N",246,"CO","","SINGER RD",39.47778,-76.31025517,1,0,1,"M",2,3,NA,2,6,3,1,52,"P",0,NA,0,"",NA,"Y",NA,1,NA,"11-Feb-55","93787171-9c50-4951-9015-6e443ffa5415","MD","C","","","A"
"MSP63800016",4,7,26,0,88,2,1,1,3,0,6.01,"02-27-2016","03:44:00","","N","N","MSP","UNK",3,0,213,"MD","",12.58,"N","AUGUSTINE HERMAN HWY",300,"F","N",0,"UU","","BEGIN BRIDGE",39.524828,-75.81598622,1,0,1,"M",2,4,NA,2,6,1,1,56,"P",0,NA,0,"",NA,"Y",NA,0,NA,"14-APR-93","3467985b-697e-4a88-9a87-f720db1ef60b","MD","","","","A"
"MSP6408001K",1,5,0,8.04,11,2,NA,1,1,0,6.01,"6/24/2017","11:19:00","","N","N","MSP","UNK",1,0,404,"MD","AL",0.74,"E","HILLSBORO RD",0.5,"M","W",428,"CO","","BUTLER RD",38.91666484,-75.93194246,1,0,1,"M",1,3,NA,1,6,1,2,51,"P",0,NA,0,"",NA,"Y",NA,1,NA,"18-Sep-98","8b03b334-a05a-4e5d-9fb4-c4a03388faa6","MD","C","","",""
"MSP6467003G",4,6,0,3,88,2,2,1,4,0,7.01,"4/24/2017","23:32:00","","Y","N","MSP","UNK",3,0,140,"MD","",9.62,"N","BALTIMORE BLVD",10,"F","N",651,"MU","","ENGLAR RD",39.584376,-76.99013683,1,0,1,"M",99,5,NA,2,6,1,1,51,"P",0,NA,0,"",NA,"Y",NA,1,NA,"25-Apr-86","be46a769-c29f-426c-9136-7f90f7f5292d","MD","C","","","A"
"MSP6488005Q",3,10,152,1,88,2,1,1,1,0,6.01,"1/30/2017","23:35:00","","N","N","MSP","UNK",3,0,194,"MD","",2.56,"N","WOODSBORO PIKE",NA,"M","S",32,"MU","","FREDERICK ST",39.48354615,-77.34490067,1,1,1,"M",2,3,NA,2,88,1,1,88,"P",0,NA,0,"",NA,"Y",NA,1,NA,"25-Jul-91","ca977c12-0dcb-4bbb-8883-ad01045ad53a","MD","ID","","","A"
"MSP6490001V",5.02,6,0,1,17,2,2,1,2,0,6.01,"06-17-2016","05:33:00","9056","N","N","MSP","UNK",3,3,140,"MD","",1.85,"N","BALTIMORE BLVD",500,"F","N",494,"CO","","KAYS MILL RD",39.50912331,-76.90530539,1,0,1,"M",1,3,NA,3,6,1,1,52,"P",0,NA,0,"",NA,"Y",NA,1,NA,"15-AUG-87","54dd22c1-1e26-4582-a9dc-0849983356d0","MD","C","","","A"
"MSP6490002F",5.02,6,0,2,17,2,1,1,3,0,6.01,"10/28/2016","7:24:00","9056","Y","N","MSP","UNK",3,3,32,"MD","",15.334,"N","WASHINGTON RD",0,"F","N",1082,"CO","","WASHINGTON LA",39.54278017,-76.99319467,1,0,1,"M",1,3,NA,3,5,2,1,51,"P",0,NA,0,"",NA,"N",NA,1,NA,"13-Jun-01","344b29e9-dd20-4c76-97f7-721b4bca70fe","MD","","","","A"
"MSP6491001R",1,5,0,2,11,2,1,0,1,0,0,"09-28-2016","14:05:00","","N","N","MSP","UNK",4,0,328,"MD","",5.78,"E","NEW BRIDGE RD",0,"F","E",404,"MD","BU","MEETING HOUSE RD",38.89098794,-75.84217563,1,0,1,"F",1,4,NA,0,10.88,1,2,53,"P",0,NA,0,"",NA,"Y",NA,21,NA,"26-APR-63  00:00:00","97d432b5-6d27-4be9-aed0-e02c7568bf18","MD","C","","","A"
"MSP6493003K",0,8,0,6.01,17,2,2,1,4,0,6.01,"08-19-2016","13:31:00","","N","N","MSP","UNK",3,0,210,"MD","",5.86,"N","INDIAN HEAD HWY",10,"F","S",37,"OP","","LEWIS PL",38.63087053,-77.06467152,1,1,1,"M",1,3,NA,3,6,1,1,51,"P",0,NA,0,"",NA,"N",NA,1,NA,"16-SEP-96  00:00:00","a25ef2b7-b004-47fd-97ed-48002e5cd5fe","MD","C","","","A"
"MSP6497006Z",1,16,0,2,88,2,3,1,1,0,6.01,"07-21-2016","13:24:00","","N","N","MSP","UNK",3,0,202,"MD","",8.05,"N","LARGO RD",0,"F","N",5342,"CO","","ARENA DR",38.88824175,-76.82082383,1,0,1,"M",1,3,NA,3,9.05,1,1,51,"P",0,NA,0,"",NA,"N",NA,1,NA,"05-NOV-00  00:00:00","9bed8cfd-d5cc-4023-b859-05a467f89a3c","MD",NA,"","","A"
"MSP6499000D",3,7,26,1,88,2,NA,1,3,0,6.01,"07-04-2015","02:16:00","00","N","N","MSP","UNK",1,0,286,"MD","",0,"E","2ND ST",25,"F","E",9020,"MU","","2ND ST (BACK)",39.6087255,-75.95021017,1,0,1,"F",1,3,NA,99,1,99,1,57,"P",0,NA,0,"",NA,"N",NA,1,NA,"04-SEP-92","2dc45356-37b1-48d0-8cd2-6aceadb7902c","DE","d","","","A"
"MSP6499001S",5.02,7,0,1,88,2,1,1,3,0,6.01,"09-20-2016","19:05:00","","N","N","MSP","UNK",4,0,274,"MD","",5.42,"E","JOSEPH BIGGS MEMORIAL HWY",50,"F","W",93,"CO","","WASHINGTON SCHOOL HOUSE RD",39.65573407,-75.98643888,1,1,1,"M",1,3,NA,2,1,2,2,54,"P",0,NA,1,"",NA,"N",NA,21,NA,"08-JAN-56  00:00:00","9254607d-0817-4e65-86cd-5141ab70d1f8","MD","C","","","A"
"MSP6503001F",4,7,0,1,17,2,1,1,1,0,6.01,"10-31-2015","21:47:00","","N","N","MSP","UNK",3,0,276,"MD","",2.58,"N","JACOB TOME MEMORIAL HWY",200,"F","N",81,"CO","","ABRAHAMS RD",39.63088672,-76.08082652,1,1,1,"M",99,5,NA,2,6,1,1,52,"P",0,NA,0,"",NA,"Y",NA,1,NA,"10-JUL-82","464e2bf7-755d-45ce-b94c-b200fbbf6fa7","MD","","","",""
"MSP6534001D",1,16,0,1,88,2,3,1,4,0,0,"09-20-2016","15:16:00","","N","N","MSP","UNK",1,0,214,"MD","",5.1,"E","CENTRAL AVE",200,"F","W",5095,"CO","","CAMPUS WAY NORTH",38.90003013,-76.82247609,1,0,1,"M",1,3,NA,1,0,0,6,53,"P",0,NA,0,"",NA,"N",NA,1,NA,"23-OCT-80  00:00:00","f59def71-cbad-4c26-9601-72d2a051eb2a","MD","C","","","A"
"MSP65850010",3,8,0,1,88,2,1,1,1,0,6.01,"12-07-2015","18:54:00","","N","N","MSP","UNK",3,0,5,"MD","BU",1.43,"N","LEONARDTOWN RD",100,"F","N",1048,"CO","","PIKA DR",38.623431,-76.906595,1,0,1,"M",99,4,NA,2,6,1,1,53,"P",0,NA,0,"",NA,"Y",NA,0,NA,"14-NOV-65","93aa9c07-ecf6-449c-b313-9d4a66f8fea2","MD","C","","","A"
"MSP66080004",3,7,0,1,17,2,NA,1,1,0,6.01,"1/18/2017","19:14:00","0","N","N","MSP","UNK",3,0,276,"MD","",3.11,"N","JACOB TOME MEMORIAL HWY",500,"F","S",555,"CO","","CAMP MEETING GROUND RD",39.63536927,-76.07472718,1,0,1,"M",1,3,NA,1,1,0,1,53,"P",0,NA,0,"",NA,"N",NA,1,NA,"9-Aug-68","3b2b2608-e7dc-4089-98a1-199fad064d6c","MD","C","","","A"
"MSP6648000F",5.02,4,0,3,17,2,3,1,3,0,7.01,"11/10/2016","6:30:00","","N","N","MSP","UNK",3,0,2,"MD","",19.865,"N","SOLOMONS ISLAND RD",NA,"M","N",1141,"CO","","TRASKERS BLVD",38.55566,-76.596221,1,0,1,"M",1,4,NA,2,6,0,1,53,"P",0,NA,0,"",NA,"Y",NA,1,NA,"18-Jul-65","2d284c71-5b19-44d1-a6d0-a4660379b336","MD","C","","","A"
"MSP6667000F",3,7,0,0,17,2,4,1,1,0,6.01,"07-06-2016","21:36:00","","N","N","MSP","UNK",3,0,272,"MD","",12.22,"N","NORTHEAST RD",100,"F","N",40,"US","","PULASKI HWY",39.60914433,-75.94795417,1,0,1,"F",1,4,NA,3,6,1,1,52,"P",0,NA,0,"",NA,"Y",NA,1,NA,"23-AUG-93  00:00:00","06818944-bdfc-42e3-bac2-579ab44d2b49","","","","","A"
"MSP66700008",1,7,117,1,17,2,1,1,3,0,6.01,"05-19-2016","17:23:00","","N","N","MSP","UNK",3,0,222,"MD","",2.59,"N","BAINBRIDGE RD",200,"F","N",222,"MD","A","CHESAPEAKE OVERLOOK PKWY",39.59652261,-76.06761128,1,0,1,"M",99,3,NA,1,1,0,1,52,"P",0,NA,0,"",NA,"Y",NA,0,NA,"27-JUL-87","8bac8077-e65f-4296-8266-60ee04f9e329","MD","C","","",""
"MSP6684001C",4,7,0,0,17,2,1,1,1,88,0,"3/23/2017","23:44:00","","N","N","MSP","UNK",3,0,276,"MD","",2.53,"N","JACOB TOME MEMORIAL HWY",0,"F","S",0,"UU","","MAPLE HILL DR",39.63009928,-76.08182637,1,0,1,"F",99,4,NA,2,6,1,1,53,"P",0,NA,0,"",NA,"Y",NA,1,NA,"6-Jan-86","f45d34e9-da09-4f44-9c59-43cbb452f1a2","MD","C","","","A"
"MSP6738000B",4,16,0,3,88,2,NA,1,3,0,6.01,"1/1/2017","22:23:00","0","Y","N","MSP","UNK",99,99,4,"MD","",9.07,"N","PENNSYLVANIA AVE",30,"F","S",91,"CO","","WESTPHALIA RD",38.83736978,-76.8612957,1,0,1,"M",2,5,NA,2,88,0,1,99,"P",0,NA,0,"",NA,"U",NA,1,NA,"4-Nov-55","ec2d6901-9246-4f23-bfed-e02ead54b701","VA","","","","A"
"MSP6738000R",1,16,0,2,88,2,3,1,4,0,6.01,"1/27/2017","15:34:00","","Y","N","MSP","UNK",3,0,202,"MD","",7.01,"N","LARGO RD",0,"F","N",4638,"CO","","CAMPUS WAY SOUTH",38.89079327,-76.82501748,1,0,1,"F",1,3,NA,3,9.05,3,1,51,"P",0,NA,0,"",NA,"Y",NA,1,NA,"14-Sep-02","f5c45104-8945-48e8-9a72-cf8088691c11","","","","","A"
"MSP6738003B",4,16,0,1,3,2,3,1,4,5,6.01,"6/11/2017","3:29:00","","N","N","MSP","UNK",1,9,4,"MD","",8.43,"N","PENNSYLVANIA AVE",0.25,"M","N",5529,"CO","","PRESIDENTIAL PKWY",38.83107041,-76.85722411,2,1,1,"M",1,3,NA,99,88,0,1,88,"P",0,NA,0,"",NA,"N",NA,1,NA,"30-Mar-89","ef207eda-0f8f-44d5-8bf3-29c93ef1b8ef","MD","C","","","A"
"MTA0281000Q",1,3,0,2,88,1,2,1,1,0,3,"05-23-2016","15:17:00","9S22","Y","N","MTA","UNK",3,0,150,"MD","",3.22,"E","EASTERN BLVD",0,"F","E",4971,"CO","","TAYLOR AVE",39.4494497,-76.14761353,1,0,1,"M",1,3,NA,2,3,99,1,88,"P",0,NA,0,"",NA,"U",NA,1,NA,"18-SEP-82","038d7eac-46fa-450b-b5f2-0970129a072e","MD","","","","A"
"MTA03350006",1,3,0,0,17,2,2,1,3,0,6.01,"12-15-2015","12:46:00","9S22","N","N","MTA","UNK",3,0,150,"MD","",3.22,"E","EASTERN BLVD",1,"F","E",4971,"CO","","TAYLOR AVE",39.28536993,-76.64240599,1,0,1,"M",2,3,NA,0,3,0,1,53,"P",0,NA,0,"",NA,"Y",NA,1,NA,"06-NOV-51","d831eff7-4d67-4810-b9a5-60c4dd41c145","MD","","","","A"
"RD0077002S",4,16,128,1,88,2,2,1,4,0,6.01,"5/22/2017","20:59:00","","N","N","RIVERDALE","UNK",3,0,201,"MD","",3.64,"N","KENILWORTH AVE",10,"F","S",636,"CO","","MADISON ST",38.95703318,-76.92165747,1,0,1,"M",99,4,NA,3,6,1,1,52,"P",0,NA,0,"",NA,"Y",NA,1,NA,"10-Dec-90","750cd075-cf87-4564-8629-64ba03faebb9","XX","XX","","","A"
"RD0099000L",3,16,128,1,88,1,2,1,4,0,3,"05-22-2016","01:33:00","DC","N","N","RIVERDALE","UNK",3,0,201,"MD","",3.48,"N","KENILWORTH AVE",30,"F","S",260,"MU","","SPRING LA",38.95544592,-76.92295432,1,0,1,"M",NA,4,NA,2,6,1,1,52,"P",0,NA,0,"",NA,"Y",NA,0,NA,"19-APR-81","0fa7a589-a16e-4ca5-b115-9b2101dbe041","","","","","A"
"RD01020008",3,16,128,1,17,2,1,1,88,0,6.01,"10-23-2015","19:23:00","","N","N","RIVERDALE","UNK",3,0,201,"MD","",3.59,"N","KENILWORTH AVE",200,"F","S",70,"MU","","JEFFERSON ST",38.95597779,-76.9224903,1,0,1,"M",2,3,NA,2,6,1,1,52,"P",0,0,0,"",NA,"Y",NA,0,NA,"07-MAY-80","31f49000-7705-4c75-9473-ef175a7c1ef8","","","","","A"
"RD0103000J",3,16,128,1,17,1,1,1,4,0,3,"10-02-2015","20:04:00","","N","N","RIVERDALE","UNK",3,0,201,"MD","",3.8,"N","KENILWORTH AVE",50,"F","N",227,"MU","","RIVERDALE RD",38.95917937,-76.91992074,1,0,1,"M",NA,3,NA,3,6,1,1,55,"P",0,NA,0,"",NA,"Y",NA,0,NA,"17-JUN-02","66e833de-a673-4c64-a09c-81cf2893f874","","","","","A"
"RD0103000R",4,16,128,1,17,1,2,1,4,0,3,"12-02-2015","17:25:00","","N","N","RIVERDALE","UNK",3,0,410,"MD","",4.37,"E","RIVERDALE RD",10,"F","E",317,"CO","","58TH AVE",38.96000946,-76.91747189,1,0,1,"F",1,3,NA,2,5,1,1,52,"P",0,NA,0,"",NA,"N",NA,1,NA,"01-JAN-70","6ad22132-d654-433d-acb0-45451660308f","","","","","A"
"RD0104000Y",1,16,128,2,17,2,NA,1,0,0,6.01,"05-20-2016","16:57:00","","Y","N","RIVERDALE","UNK",4,0,201,"MD","",3.4,"N","KENILWORTH AVE",0,"F","N",322,"CO","","CARTERS LA",38.95394414,-76.92337543,1,0,1,"M",1,3,NA,1,9.05,0,2,51,"P",0,NA,0,"",NA,"N",NA,21,NA,"10-AUG-01","915cee26-c20e-4287-822d-47715c1126cc","","","","","A"
"RD01100001",3,16,NA,9.04,88,1,2,5,4,0,6.01,"06-20-2015","23:53:00","","Y","U","RIVERDALE","UNK",3,3,201,"MD","",3.72,"N","KENILWORTH AVE",50,"F","N",1586,"CO","","NICHOLSON ST",38.9574545,-76.92154348,1,0,2,"F",1,4,NA,1,6,0,1,52,"P",0,NA,0,"",NA,"",NA,0,NA,"05-JUL-78","c15e3b2b-91ab-4f84-aa39-baa283dc9e96","MD","","","","A"
"RD01100001",3,16,NA,9.04,88,1,2,5,4,0,6.01,"06-20-2015","23:53:00","","Y","U","RIVERDALE","UNK",3,3,201,"MD","",3.72,"N","KENILWORTH AVE",50,"F","N",1586,"CO","","NICHOLSON ST",38.9574545,-76.92154348,1,0,2,"M",99,4,NA,3,6,1,1,52,"P",0,NA,0,"",NA,"",NA,0,NA,"20-MAY-89","dac76feb-2dbe-4693-ba8a-8ed533f52d0f","","","","","A"
"RD01100005",1,16,128,1,88,2,NA,1,4,0,6.01,"07-22-2015","06:38:00","","N","N","RIVERDALE","UNK",4,0,201,"MD","",3.8,"N","KENILWORTH AVE",5,"F","N",227,"MU","","RIVERDALE RD",38.95885818,-76.91978931,1,0,1,"M",99,3,NA,6,5,1,2,88,"P",0,NA,0,"",NA,"N",NA,1,NA,"23-JUN-81","a5acfb1a-836a-4b36-bbab-63fee54bb8a3","","","","","A"
"RD0112000H",1,16,128,2,11,2,3,1,4,0,0,"5/8/2017","8:10:00","","N","N","RIVERDALE","UNK",4,0,410,"MD","",4.37,"E","RIVERDALE RD",0,"F","E",317,"CO","","58TH AVE",38.96017527,-76.91764757,1,0,1,"F",1,4,NA,1,10.88,1,2,51,"P",0,NA,0,"",NA,"N",NA,21,NA,"21-Sep-67","75fff5f6-dd48-4df2-ac13-3e4e8f5ae8e8","MD","C","","","A"
"ZD31110023",1,4,0,3,12,2,1,1,1,0,6.01,"06-26-2016","07:30:00","","Y","N","CALVERT","UNK",1,0,2,"MD","",28.23,"N","SOLOMONS ISLAND RD",20,"F","N",23,"CO","","DALRYMPLE RD",38.66854563,-76.6003114,1,0,1,"M",1,3,NA,3,6,1,2,51,"P",0,NA,0,"",NA,"U",NA,21,NA,"12-SEP-63","5af7c07c-8321-4b4f-b2a7-1d39bda02377","MD","","","",""
"ZD31110028",1,4,0,2,88,2,1,1,1,0,6.01,"08-20-2016","13:55:00","","Y","N","CALVERT","UNK",3,0,4,"MD","",33.609,"N","SOUTHERN MD BLVD",0,"F","N",1015,"CO","","TOWN CENTER BLVD",38.72594864,-76.65982962,1,0,1,"M",1,4,NA,3,6,1,1,51,"P",0,NA,0,"",NA,"Y",NA,1,NA,"10-APR-02  00:00:00","44eac6ff-9cb7-4605-bc21-2eca1b93b809","","","","","A"
"ZD4930001W",4,4,0,0,17,0,1,1,1,0,0,"2/11/2017","18:20:00","","N","N","CALVERT","UNK",3,0,231,"MD","",4.17,"E","HALLOWING POINT RD",0,"F","E",137,"CO","","STAFFORD RD",38.53090231,-76.6119495,1,0,1,"F",1,5,NA,1,6,1,1,56,"P",0,NA,0,"",NA,"Y",NA,1,NA,"2-Apr-65","849e0a79-2e73-4764-a74b-fd62cd1f8c94","","","","",""