"REPORT_NO","LIGHT_CODE","COUNTY_NO","MUNI_CODE","JUNCTION_CODE","COLLISION_TYPE_CODE","SURF_COND_CODE","LANE_CODE","RD_COND_CODE","RD_DIV_CODE","FIX_OBJ_CODE","WEATHER_CODE","ACC_DATE","ACC_TIME","LOC_CODE","SIGNAL_FLAG","C_M_ZONE_FLAG","AGENCY_CODE","AREA_CODE","HARM_EVENT_CODE1","HARM_EVENT_CODE2","RTE_NO","ROUTE_TYPE_CODE","RTE_SUFFIX","LOG_MILE","LOGMILE_DIR_FLAG","MAINROAD_NAME","DISTANCE","FEET_MILES_FLAG","DISTANCE_DIR_FLAG","REFERENCE_NO","REFERENCE_TYPE_CODE","REFERENCE_SUFFIX","REFERENCE_ROAD_NAME","LATITUDE","LONGITUDE","drv","occ","ped","SEX_CODE","CONDITION_CODE","INJ_SEVER_CODE","OCC_SEAT_POS_CODE","PED_VISIBLE_CODE","PED_LOCATION_CODE","PED_OBEY_CODE","PED_TYPE_CODE","MOVEMENT_CODE","PERSON_TYPE","ALCOHOL_TEST_CODE","ALCOHOL_TESTTYPE_CODE","DRUG_TEST_CODE","DRUG_TESTRESULT_CODE","BAC_CODE","FAULT_FLAG","EQUIP_PROB_CODE","SAF_EQUIP_CODE","EJECT_CODE","DATE_OF_BIRTH","PERSON_ID","LICENSE_STATE_CODE","CLASS","CDL_FLAG","VEHICLE_ID","EMS_UNIT_LABEL"
"ZD5077000N",1,4,0,2,17,2,NA,1,4,0,6.01,"12-15-2015","14:58:00","","N","N","CALVERT","UNK",3,0,2,"MD","",19.23,"N","SOLOMONS ISLAND RD",0,"F","N",0,"UU","","ENT TO BUSINESS",38.54828814,-76.59106314,1,0,1,"F",99,4,NA,99,6,1,1,52,"P",0,NA,0,"",NA,"Y",NA,1,NA,"20-AUG-01","f47ea14c-fe29-49b7-a0c3-5e7d3fdafd16","","","","","A"
"ZD5549000Q",1,4,0,2,11,2,1,1,4,0,6.01,"07-08-2016","07:03:00","","Y","N","CALVERT","UNK",3,0,2,"MD","",19.208,"N","SOLOMONS ISLAND RD",0,"F","N",402,"MD","","DARES BEACH RD",38.54675994,-76.58973411,1,0,1,"F",1,4,NA,99,6,1,1,51,"P",0,NA,0,"",NA,"Y",NA,1,NA,"27-SEP-61  00:00:00","103ce9bf-1370-41ad-8df0-a9cbd8e95a3d","MD","C","","","A"
"ZF03740014",5.02,6,0,2,88,2,NA,1,1,0,0,"4/18/2017","5:00:00","","N","N","CARROLL","UNK",3,0,27,"MD","",9.56,"N","RIDGE RD",0,"F","N",269,"CO","","SAMS CREEK RD",39.46678732,-77.07704186,1,0,1,"F",1,3,NA,2,1,0,1,53,"P",0,NA,0,"",NA,"N",NA,0,NA,"30-Mar-87","eaac0473-b32c-4855-96e5-95096d8f9f75","MD","C","","","A"
"ZF04080008",1,6,NA,1,17,2,NA,1,1,0,6.01,"05-06-2015","16:00:00","","N","N","CARROLL","UNK",3,0,26,"MD","",1.76,"E","LIBERTY RD",100,"F","E",27,"MD","","RIDGE RD",39.4578664,-77.08756685,1,0,1,"M",NA,3,NA,3,1,0,1,53,"P",0,NA,0,"",NA,"",NA,1,NA,"16-AUG-88","fea6a95a-8adb-4ce1-b13d-28d025e1a1f1","MD","","","","A"
"ZF0409000K",4,6,0,1,17,1,1,1,1,5,2,"1/18/2017","3:35:00","","N","N","CARROLL","UNK",9,0,30,"MD","",11.325,"N","HANOVER PIKE",20,"F","S",0,"UU","","PENN VIEW DR",39.71411959,-76.91622734,1,0,1,"F",1,3,NA,3,1,0,1,56,"P",0,NA,0,"",NA,"N",NA,1,NA,"4-May-86","31e9bc0f-33d2-4637-92a6-54086fc3036b","MD","C","","",""
"ZF0432000R",3,6,108,1,17,2,NA,1,1,0,6.01,"07-20-2015","22:35:00","","N","N","CARROLL","UNK",3,0,31,"MD","",4.27,"E","NEW WINDSOR RD",30,"F","W",852,"MD","","OLD NEW WINDSOR PIKE",39.55812564,-77.03551054,1,0,1,"M",1,3,NA,2,6,1,1,53,"P",0,NA,0,"",NA,"Y",NA,1,NA,"07-APR-83","af899b83-1147-4fcd-8bb1-53e58d533a80","MD","","","","A"
"ZF0478000D",7.88,6,0,1,99,2,NA,1,1,0,6.01,"09-12-2015","22:19:00","","N","N","CARROLL","UNK",3,0,850,"MD","J",0.17,"E","NO NAME",500,"F","E",555,"CO","","SALEM BOTTOM RD",39.44708025,-77.05362082,1,0,1,"M",2,3,NA,2,99,0,1,99,"P",0,NA,0,"",NA,"U",NA,1,NA,"16-DEC-61","83a41daf-146f-49c2-8d07-aa96f4f6232b","MD","c","","","A"
"ZF0485000T",88,6,0,1,88,2,1,1,1,0,6.01,"11/18/2016","17:50:00","","Y","Y","CARROLL","UNK",3,1,91,"MD","",3.74,"N","EMORY RD",NA,"M","N",888,"CO","","INDUSTRIAL PARK DR",39.50039822,-76.88138008,1,0,1,"M",1,3,NA,4,4,0,1,59,"P",0,NA,0,"",NA,"N",NA,25.88,NA,"29-May-88","40ec71fe-b7c8-43ad-872d-e4b245a93395","PA","C","","",""
"ZF0487001C",4,6,0,1,17,1,1,1,1,0,3,"09-30-2016","04:45:00","","N","N","CARROLL","UNK",3,0,30,"MD","BU",1.038,"N","MAIN ST",200,"F","N",76,"MU","","NORTH WOODS TRAIL",39.59697523,-76.84695125,1,0,1,"M",1,3,NA,2,1,0,1,54,"P",0,NA,0,"",NA,"N",NA,1,NA,"31-AUG-91  00:00:00","521f3d47-258d-42ec-9ebe-2363ff1b7808","","","","","A"
"ZF04960006",1,6,0,1,88,2,1,1,1,0,6.01,"08-19-2016","16:35:00","","N","N","CARROLL","UNK",3,3,850,"MD","H",1.34,"E","OLD LIBERTY RD WEST",200,"F","E",920,"CO","","JIM PICKETT RD",39.42624467,-77.00230747,1,0,1,"M",NA,3,NA,3,4,0,1,52,"P",0,NA,0,"",NA,"Y",NA,0,NA,"05-OCT-83  00:00:00","7163c5cf-eaea-4a0b-88ba-b85caff700bc","MD","","","",""
"ZG08850009",1,7,0,0,17,2,1,1,2,0,6.01,"10-22-2015","11:50:00","","Y","N","CECIL","UNK",3,0,274,"MD","",7.35,"E","JOSEPH BIGGS MEMORIAL HWY",0,"F","E",0,"UU","","ENT TO CECIL COMM COLLEGE (AHEAD)",39.64088839,-75.95697552,1,0,1,"F",1,3,NA,99,5,2,1,51,"P",0,NA,0,"",NA,"N",NA,0,NA,"22-DEC-83","2608a113-bae8-4d8b-aedc-f8fbf760759e","PA","","","","A"
"ZH03000004",1,8,0,1,88,2,2,1,4,0,6.01,"10-05-2015","17:10:00","","N","N","CHARLES","UNK",3,0,5,"MD","",13.074,"N","MATTAWOMAN BEANTOWN RD",NA,"M","S",62,"CO","","SUB STATION RD",38.64684121,-76.87301159,1,0,1,"M",NA,3,NA,2,6,1,1,52,"P",0,NA,0,"",NA,"Y",NA,1,NA,"25-SEP-99","35a48b34-98d1-40f3-a912-b0580c1f5b1e","","","","",""
"ZH0325002R",1,8,0,88,0,2,NA,1,5.01,0,6.01,"1/25/2017","13:37:00","","N","N","CHARLES","UNK",3,0,5,"MD","BU",1.21,"N","LEONARDTOWN RD",20,"F","N",0,"UU","","ENT TO BUSINESS",38.62225667,-76.90277,1,0,1,"M",1,3,NA,3,6,1,1,52,"P",0,NA,0,"",NA,"Y",NA,1,NA,"9-Dec-71","ae70d47f-0d9e-4c6a-a9d8-d1d372bd4b27","MD","C","","","A"
"ZH03540006",1,8,88,2,0,2,1,0,1,0,6.01,"10-23-2015","14:46:00","","N","N","CHARLES","UNK",3,0,6,"MD","",25.81,"E","CHARLES ST",0,"F","E",0,"UU","","ENT TO BUSINESS",38.610915,-76.92665833,1,0,1,"M",1,3,NA,1,6,1,3,51,"P",0,NA,0,"",NA,"Y",NA,1,NA,"08-JUL-01","f221e263-c9a8-46e3-bb80-121a7f49732f","","","","","A"
"ZH04770010",4,8,0,1,88,2,1,1,4,0,6.01,"3/26/2017","3:35:00","","N","N","CHARLES","UNK",3,0,5,"MD","",6.504,"N","LEONARDTOWN RD",500,"F","S",0,"UU","","STRUC #8002 ZEKIAH SWAMP",38.55977533,-76.85301572,1,1,1,"M",1,4,NA,2,1,1,1,53,"P",0,NA,0,"",NA,"Y",NA,1,NA,"10-Jan-73","5cfa93a2-bd5b-4d7a-a1dc-7fa187d9df21","","","","","A"
"ZH0490001C",4,8,0,1,17,1,1,1,4,0,3,"5/23/2017","21:25:00","","N","N","CHARLES","UNK",3,0,210,"MD","",5.26,"N","INDIAN HEAD HWY",25,"F","N",1779,"CO","","OLDE VILLAGE DR",38.626115,-77.07544833,1,0,1,"M",3,4,NA,0,6,1,1,54,"P",0,NA,0,"",NA,"Y",NA,1,NA,"31-Mar-92","e8274211-7d28-4b42-89b9-88635bf47ad6","","","","","A"
"ZH05740010",1,8,0,2,17,2,2,1,4,0,6.01,"3/24/2017","11:05:00","","N","N","CHARLES","UNK",3,0,210,"MD","",5.02,"N","INDIAN HEAD HWY",0,"F","N",1527,"CO","","SOUTH HAMPTON DR",38.62506841,-77.07836151,1,0,1,"F",1,3,NA,3,10.88,1,1,51,"P",0,NA,0,"",NA,"U",NA,1,NA,"11-Feb-00","981feb91-b905-4414-956a-00e43080ae47","MD","","","",""
"ZH0580000F",1,8,NA,1,17,2,NA,1,1,0,0,"01-30-2015","13:22:00","","N","N","CHARLES","UNK",3,0,5,"MD","BU",1.58,"N","LEONARDTOWN RD",0,"F","N",NA,"UU","","ENT TO BUSINESS",38.62361333,-76.90846333,1,0,1,"M",1,3,NA,3,2,1,1,52,"P",0,NA,0,"",NA,"",NA,1,NA,"07-AUG-93","4ae5dd83-45dc-4239-9c3a-308acb154427","MD","c","","","A"
"ZH05880011",7.88,8,0,3,88,99,NA,99,88,0,99,"08-07-2015","21:00:00","","Y","N","CHARLES","UNK",3,0,224,"MD","",23.34,"N","CHICAMUXEN RD",0,"F","N",0,"UU","","SPUR TO MD 225",38.58392675,-77.1190238,1,0,1,"M",1,3,NA,99,1,1,1,53,"P",0,NA,0,"",NA,"N",NA,1,NA,"28-JUN-00","a0fc4034-c381-43bb-87f5-f617bfbe5d47","","","","",""
"ZI02280006",1,9,NA,1,88,2,1,1,1,88,7.01,"05-10-2015","19:48:00","1050I","N","N","DORCHESTER","UNK",3,0,313,"MD","",10.77,"N","ELDORADO RD",200,"F","N",289,"CO","","DAVIS MILL POND RD",38.66250047,-75.75639188,1,0,1,"M",5,4,NA,0,6,0,1,55,"P",0,NA,0,"",NA,"",NA,0,NA,"25-JAN-07","d7ede91c-e523-4ed8-a7d7-78004e00d267","","","","","A"
"ZJ0289001Z",1,10,NA,1,17,2,1,1,1,0,6.01,"01-30-2015","13:42:00","","N","N","FREDERICK","UNK",3,0,355,"MD","",7.32,"N","URBANA PIKE",25,"F","N",358,"CO","","ARABY CHURCH RD",39.36754317,-77.38905633,1,0,1,"F",1,3,NA,3,1,1,1,53,"P",0,NA,0,"",NA,"",NA,1,NA,"17-JAN-78","5472bdbd-f4a0-40d9-89f6-68bc719ffbbd","MD","C","","","A"
"ZJ0289003J",1,10,0,1,17,2,1,1,1,0,6.01,"07-06-2015","18:00:00","","N","N","FREDERICK","UNK",3,0,355,"MD","",8.99,"N","URBANA PIKE",150,"F","N",0,"UU","","SPUR ENT TO SHOPPING CENTER",39.38702175,-77.40348816,1,2,1,"F",99,4,NA,99,6,0,1,52,"P",0,NA,0,"",NA,"Y",NA,1,NA,"20-FEB-56","223c811b-7784-42a3-b52e-86b8d6424983","MD","C","","","A"
"ZJ02890070",4,10,0,1,7,1,2,1,1,0,7.01,"1/24/2017","6:27:00","","N","N","FREDERICK","UNK",4,0,85,"MD","",9.16,"N","BUCKEYSTOWN PIKE",0,"F","N",270,"RP","","RAMP 1 FR IS 270 NB TO MD 85 WB",39.38360382,-77.40961255,1,0,1,"M",99,5,NA,3,6,0,2,53,"P",0,NA,0,"",NA,"Y",NA,1,NA,"30-Jan-58","a46735ab-135a-4c58-840d-11acff0a1ad9","MD","ID","","",""
"ZJ0376003W",1,10,NA,1,17,2,NA,1,1,0,6.01,"03-23-2015","17:06:00","","N","N","FREDERICK","UNK",3,0,75,"MD","",11.02,"N","GREEN VALLEY RD",15,"F","N",2123,"CO","","NEW LONDON RD",39.42227074,-77.25294113,1,0,1,"M",1,3,NA,3,1,88,1,88,"P",0,NA,0,"",NA,"",NA,0,NA,"23-MAR-15","b303ffe2-10aa-4ca9-8d9d-7d388d9c1d5c","MD",NA,"","",""
"ZJ0376008R",3,10,0,2,11,2,3,1,1,0,6.01,"06-29-2016","21:33:00","","Y","N","FREDERICK","UNK",4,0,85,"MD","",8.63,"N","BUCKEYSTOWN PIKE",0,"F","N",1179,"CO","","CRESTWOOD BLVD",39.37572911,-77.40993887,1,0,1,"M",1,3,NA,2,6,0,2,51,"P",0,NA,0,"",NA,"Y",NA,1,NA,"17-JUN-87","731dcff7-ade6-480f-bf22-d5b3029a733d","MD","C","","","A"
"ZJ04090013",4,10,0,1,88,1,2,1,1,0,3,"05-02-2016","20:05:00","","N","N","FREDERICK","UNK",4,0,85,"MD","",9.2,"N","BUCKEYSTOWN PIKE",20,"F","N",270,"RP","","RAMP 4 FR IS 270 NB TO MD 85 EB",39.38249272,-77.4096632,1,0,1,"M",1,3,NA,2,2,0,2,53,"P",0,NA,0,"",NA,"Y",NA,1,NA,"27-NOV-66","4a1de751-4582-40f5-80b8-70f1f3c0e92e","","C","","","A"
"ZJ04460006",1,10,53,1,17,2,NA,1,1,0,6.01,"2/11/2017","11:09:00","","N","N","FREDERICK","UNK",3,3,140,"MD","",5.31,"N","W MAIN ST",30,"F","S",15,"US","BU","N SETON AVE",39.70468742,-77.32666043,1,0,1,"F",1,3,NA,3,1,0,1,56,"P",0,NA,0,"",NA,"N",NA,1,NA,"31-Mar-90","7a4a1a89-9983-455a-80bc-17e7ea22bc70","","","","",""
"ZJ0448004R",1,10,NA,3,17,2,NA,1,1,0,6.01,"04-17-2015","17:42:00","","N","N","FREDERICK","UNK",3,3,85,"MD","",10.094,"N","BUCKEYSTOWN PIKE",0,"F","N",NA,"UU","","ENT TO BUSINESS",39.39576934,-77.40895987,1,0,2,"F",1,4,NA,3,88,1,1,56,"P",0,NA,0,"",NA,"",NA,1,NA,"17-MAR-70","e92e616f-f571-4067-b4ae-41c76bfb8a06","MD","UU","","","A"
"ZJ0448004R",1,10,NA,3,17,2,NA,1,1,0,6.01,"04-17-2015","17:42:00","","N","N","FREDERICK","UNK",3,3,85,"MD","",10.094,"N","BUCKEYSTOWN PIKE",0,"F","N",NA,"UU","","ENT TO BUSINESS",39.39576934,-77.40895987,1,0,2,"M",1,3,NA,3,88,1,1,56,"P",0,NA,0,"",NA,"",NA,1,NA,"03-MAR-67","24ff85b9-84b5-443b-9e40-175a6ae1f693","MD","UU","","",""
"ZJ0492000D",6.02,10,NA,1,17,2,1,1,3,0,0,"06-09-2015","18:00:00","","N","N","FREDERICK","UNK",3,0,144,"MD","FB",1.41,"E","OLD NATIONAL PIKE",1,"M","E",75,"MD","FB","GREEN VALLEY RD",39.38296217,-77.2698785,1,0,1,"F",99,3,NA,0,6,0,1,54,"P",0,NA,0,"",NA,"",NA,0,NA,"27-JUL-77","faf01859-7ab3-4f7c-a605-5b4c38c22f1a","","","","","A"
"ZK0187000Q",1,11,0,2,88,2,1,1,1,0,2,"03-14-2016","16:02:00","","N","N","GARRETT","UNK",3,0,495,"MD","",9.06,"N","BITTINGER RD",0,"F","N",163,"CO","","GLENDALE RD",39.53105534,-79.24103469,1,0,1,"F",1,4,NA,1,6,1,1,56,"P",0,NA,0,"",NA,"Y",NA,1,NA,"04-NOV-94","15f0a91d-d0c8-4d91-af26-62ce8d6d390e","MD","C","","","A"
"ZK02090011",6.02,11,59,9.04,8,2,1,1,1,0,7.01,"09-30-2015","18:15:00","","N","N","GARRETT","UNK",4,0,742,"MD","",0.51,"N","MAPLE ST",10,"F","N",110,"MU","","WATER ST",39.66407132,-79.40763474,1,0,1,"M",1,3,NA,2,1,0,2,53,"P",0,NA,0,"",NA,"Y",NA,21,NA,"22-AUG-60","a0241d18-36fa-4c9e-b716-ff24adf85cf2","","","","",""
"ZL04620008",3,12,1,3,17,2,1,1,1,0,6.01,"08-10-2016","22:45:00","10-50 PI","N","N","HARFORD","UNK",3,0,132,"MD","",0.42,"E","W BELAIR AVE",80,"F","E",132,"MD","A","BEARDS HILL RD",39.51928532,-76.1855346,1,1,1,"M",1,4,NA,4,6,0,1,59,"P",0,NA,0,"",NA,"N",NA,25.88,NA,"24-MAR-66  00:00:00","06ad61b7-f259-4f9c-8912-e6233ca924f7","MD","C","","","A"
"ZQ0156000S",1,17,0,3,17,2,NA,1,1,0,6.01,"1/25/2017","10:15:00","","N","N","QACSO","UNK",3,3,544,"MD","",6.84,"E","MCGINNES RD",5,"F","W",0,"UU","","ENT TO AUCTION",39.23194981,-75.91340035,1,0,1,"M",1,3,NA,0,1,1,1,51,"P",0,NA,0,"",NA,"N",NA,1,NA,"10-Jun-56","9e1cee1b-9953-4bd2-9199-d606d4c9bef5","MD","C","","",""
"ZR0129001Y",4,18,0,2,88,2,1,1,1,0,6.01,"11/3/2016","19:13:00","109616","N","N","STMARYS","UNK",3,3,5,"MD","",14.45,"N","POINT LOOKOUT RD",0,"F","N",352,"CO","","HERMANVILLE RD",38.22246435,-76.44989848,2,0,1,"M",1,4,NA,3,6,0,1,59,"P",0,NA,0,"",NA,"Y",NA,1,NA,"15-Oct-60","b60c1095-6470-4044-8119-684ea3507b4e","MD","CM","","","A"
"ZR0151001K",1,18,NA,3,17,2,NA,1,4,0,6.01,"05-22-2015","07:04:00","043115","Y","N","STMARYS","UNK",3,0,235,"MD","",14.916,"N","THREE NOTCH RD",30,"F","N",237,"MD","","CHANCELLORS RUN RD",38.29117657,-76.49331003,1,0,1,"M",1,4,NA,2,5,2,1,51,"P",0,NA,0,"",NA,"",NA,1,NA,"10-JUN-91","b480a14a-0fd8-4ce9-b9b0-7a36c59da296","MD","C","","","A"
"ZR0151001Y",4,18,0,1,17,1,2,1,4,0,7.01,"12-22-2015","19:24:00","117415","N","N","STMARYS","UNK",3,0,5,"MD","",44.27,"N","THREE NOTCH RD",100,"F","N",4,"CO","","GOLDEN BEACH RD",38.49553131,-76.77523166,1,0,1,"F",2,4,NA,2,6,1,1,52,"P",0,NA,0,"",NA,"Y",NA,1,NA,"14-JUN-59","e0ec7403-e99d-43f7-8e77-bf4fd5332d78","MD","C","","","A"
"ZR0151001Z",4,18,0,2,17,2,3,1,4,0,6.01,"01-03-2016","17:48:00","000816","N","N","STMARYS","UNK",3,0,235,"MD","",14.52,"N","THREE NOTCH RD",0,"F","N",0,"UU","","ENT TO BUSINESS",38.29039343,-76.49059564,1,0,1,"M",99,5,NA,2,88,1,2,99,"P",0,NA,0,"",NA,"N",NA,1,NA,"10-APR-65","01ee161d-f9c8-4bab-a00b-6b5aef88bf3e","MD","C","","",""
"ZR0151002K",4,18,0,1,17,2,2,1,1,0,6.01,"10/30/2016","2:12:00","107616","N","N","STMARYS","UNK",3,0,237,"MD","",0.24,"N","CHANCELLORS RUN RD",540,"F","S",272,"CO","","PEGG RD",38.25105213,-76.48945838,1,0,1,"M",2,5,NA,2,6,1,1,53,"P",0,88,0,"",NA,"Y",NA,1,NA,"19-Jun-86","2ada68bd-dc97-44ce-b9a4-795d2ea1791f","XX","N/A","","",""
"ZR01680002",1,18,0,2,11,1,1,1,1,0,3,"05-14-2016","16:52:00","046016","Y","N","STMARYS","UNK",4,0,5,"MD","",10.62,"N","POINT LOOKOUT RD",0,"F","N",357,"CO","","MATTAPANY RD",38.18339303,-76.42673492,1,0,1,"M",1,3,NA,3,4,1,2,51,"P",0,NA,0,"",NA,"Y",NA,99,NA,"18-JUN-92","37d05471-a2ae-48d2-a42b-e7965546ef44","MD","ID","","",""
"ZR0214000R",3,18,0,1,17,2,1,1,1,0,6.01,"10/6/2016","19:46:00","99416","Y","N","STMARYS","UNK",3,0,5,"MD","",16.05,"N","POINT LOOKOUT RD",NA,"F","N",0,"UU","","CULLISON RD",38.2344606,-76.48543105,1,0,1,"F",1,3,NA,4,6,88,88,88,"P",0,NA,0,"",NA,"N",NA,0,NA,"27-Jun-82","7ac1f811-9f93-483e-8228-53d6de93600b","MD","C","","","A"
"ZR0217000J",3,18,0,3,17,2,2,1,5.01,7,6.01,"10-08-2015","19:22:00","087515","Y","N","STMARYS","UNK",4,9,246,"MD","",1.81,"E","GREAT MILLS RD",0,"F","W",0,"UU","","SUBURBAN DR",38.25626201,-76.47619486,1,0,1,"M",1,3,NA,2,10.88,1,2,51,"P",0,NA,0,"",NA,"N",NA,1,NA,"10-JUN-59","b6c0c0f5-1d51-44bb-a44d-b75ed749d5ac","DC","","","","A"
"ZR02340005",1,18,NA,3,17,2,1,1,1,0,6.01,"04-18-2015","17:11:00","031515","N","N","STMARYS","UNK",3,0,5,"MD","",13.98,"N","POINT LOOKOUT RD",0,"U","N",774,"CO","","MANOR DR",38.2218638,-76.44137442,1,0,1,"M",1,3,NA,2,6,1,1,51,"P",0,NA,0,"",NA,"",NA,0,NA,"23-JUN-08","ce277f50-ccb3-4cac-a9ac-b11a88ab1ecf","","","","","A"
"ZR02460016",4,18,0,1,88,2,1,1,1,0,6.01,"11-06-2015","21:13:00","100015","N","N","STMARYS","UNK",3,3,242,"MD","",10,"N","COLTON POINT RD",300,"F","N",0,"UU","","JENNY LYNN LA",38.3426828,-76.71375275,2,2,1,"M",1,5,NA,3,6,1,1,56,"P",0,NA,0,"",NA,"Y",NA,1,NA,"10-MAY-81","0f1703ff-60ed-4351-9e49-e42442e4a309","MD","C","","",""
"ZR02690017",4,18,0,0,3,2,1,1,1,0,7.01,"3/8/2017","18:59:00","21617","N","N","STMARYS","UNK",4,0,247,"MD","",0.2,"N","LOVEVILLE RD",0.1,"M","N",518,"CO","","PARSONS MILL RD",38.36714465,-76.6802305,1,1,1,"M",1,4,NA,7,1,0,2,53,"P",0,NA,0,"",NA,"N",NA,26.88,NA,"6-Jul-95","4ebb4470-ea14-4ad9-a38b-6fdee4e40696","XX","N/A","","","A"
"ZR0297000R",1,18,NA,3,8,1,1,1,1,0,7.01,"06-15-2015","19:19:00","051115","N","N","STMARYS","UNK",4,0,249,"MD","",2.46,"N","PINEY POINT RD",15,"F","N",323,"CO","","LIGHTHOUSE RD",38.14588071,-76.51149273,1,1,1,"M",1,3,NA,2,1,0,2,52,"P",0,NA,0,"",NA,"",NA,21,NA,"01-JUN-58","2fe874cb-539b-48f7-9f85-d07cfa213d73","MD","C","","",""
"ZR03010014",4,18,0,2,88,2,NA,1,3,0,6.01,"12-05-2015","17:22:00","112315","Y","N","STMARYS","UNK",3,0,246,"MD","",1.48,"E","GREAT MILLS RD",0,"F","E",1027,"CO","","WESTBURY BLVD",38.25400413,-76.48157001,1,0,1,"M",1,3,NA,3,5,2,1,51,"P",0,NA,0,"",NA,"N",NA,1,NA,"06-JUL-49","0b4cfc20-c648-4dc7-a428-ea6d2983ab14","MD","ID","","","A"
"ZR03010023",1,18,0,2,8,2,3,1,4,0,6.01,"08-26-2016","16:31:00","083116","N","N","STMARYS","UNK",4,0,235,"MD","",12.373,"N","THREE NOTCH RD",0,"F","N",562,"OP","","FDR BLVD",38.27242111,-76.46150842,1,0,1,"M",1,3,NA,1,1,1,2,53,"P",0,NA,0,"",NA,"N",NA,21,NA,"19-FEB-89  00:00:00","b2ddc917-afeb-4071-b9f4-413abd2077d7","MD","CM","","","A"
"ZR0301002C",4,18,0,2,1,2,1,1,4,0,6.01,"11/25/2016","17:59:00","119116","N","N","STMARYS","UNK",4,1,235,"MD","",13.5,"N","THREE NOTCH RD",0,"F","N",0,"UU","","CROSSOVER",38.28229212,-76.47101149,1,0,1,"M",2,3,NA,2,6,1,2,54,"P",0,NA,0,"",NA,"Y",NA,26.88,NA,"20-Nov-64","90511c28-b59e-4f3d-a0a2-266cadebe01b","MD","ID","","","A"
"ZR0307000D",1,18,0,0,88,2,1,1,1,0,0,"07-28-2015","13:26:00","064915","N","Y","STMARYS","UNK",3,3,242,"MD","",5.34,"N","COLTON POINT RD",100,"F","N",238,"MD","","MADDOX RD",38.28943134,-76.76892042,1,0,2,"M",1,3,NA,4,88,0,1,56,"P",0,NA,0,"",NA,"N",NA,25.88,NA,"21-AUG-95","a5e502d2-5e5e-4271-87cc-aecd4afbb28d","MD","C","","","A"
"ZR0307000D",1,18,0,0,88,2,1,1,1,0,0,"07-28-2015","13:26:00","064915","N","Y","STMARYS","UNK",3,3,242,"MD","",5.34,"N","COLTON POINT RD",100,"F","N",238,"MD","","MADDOX RD",38.28943134,-76.76892042,1,0,2,"M",1,3,NA,4,88,0,1,56,"P",0,NA,0,"",NA,"N",NA,25.88,NA,"21-DEC-92","9034a9d5-c823-4cff-846b-267a296e6c2b","MD","C","","","A"
"ZR03250006",1,18,0,2,11,2,NA,1,4,0,6.01,"08-01-2016","07:28:00","073816","N","N","STMARYS","UNK",4,0,235,"MD","",14.947,"N","THREE NOTCH RD",0,"F","N",0,"UU","","ENT TO BUSINESS",38.29287543,-76.49716973,1,0,1,"M",1,3,NA,3,1,1,2,53,"P",0,NA,0,"",NA,"N",NA,21,NA,"17-AUG-62  00:00:00","bc7c2d88-7bc2-4720-b5ad-fcba9b0e87b4","VA","NONE","","","A"
"ZS65070001",4,19,NA,2,17,1,1,1,3,0,7.01,"02-25-2015","22:30:00","","N","N","SOMERSET","UNK",3,0,380,"MD","",0.62,"N","LAWSONIA RD",0,"F","N",149,"CO","","JOHNSON CREEK RD",37.97258669,-75.83188534,1,0,1,"F",4,3,NA,2,1,0,1,57,"P",0,NA,0,"",NA,"",NA,1,NA,"26-NOV-73","d536007c-3175-49b4-a470-9e85f76ed51a","MD","","","","A"
"ZU5368000P",4,21,NA,0,17,1,1,1,1,0,7.01,"01-29-2015","22:36:00","21050","N","N","WASHINGTON","UNK",4,0,144,"MD","WA",1.01,"E","WASHINGTON ST",100,"F","E",1177,"CO","WA","INSURANCE WAY",39.64918689,-77.75884867,1,0,1,"M",NA,5,NA,3,88,0,2,53,"P",0,NA,0,"",NA,"",NA,1,NA,"31-JAN-67","6c9e8b48-a00d-4e5b-b5d5-78b0b22ce9be","MD","","","","A"
"ZU7729000Q",7.88,21,0,1,17,2,1,1,3,0,6.01,"06-17-2016","23:35:00","","N","N","WASHINGTON","UNK",3,0,550,"MD","",0.725,"N","FORT RITCHIE RD",50,"F","N",0,"UU","","ENT TO BUSINESS",39.71487267,-77.48055607,1,1,1,"M",9.88,3,NA,99,6,1,1,56,"P",0,NA,0,"",NA,"Y",NA,0,NA,"02-AUG-98","fb90f8af-d6a1-462c-951e-8530d887c14a","","UU","","",""